seed,spearman_rho,n_firms,shared_factor_correlation,cb_over_ch,n_periods,n_features,n_obs_heterogeneity,ridge_lambda,kappa_eff,log_kappa
479243620,0.0,4,0.3,1.0,150,5,moderate,1.0,1.2443189774109293,0.21858837415861754
454024514,-0.3999999999999999,4,0.3,1.0,150,5,moderate,1.0,1.686154685238524,0.5224506022504906
1818751028,0.8,4,0.3,1.0,150,5,moderate,1.0,1.645192735021575,0.4978575415010067
2288458700,0.8,4,0.3,1.0,150,5,moderate,1.0,1.5413226241178033,0.4326408946573727
2115331525,1.0,4,0.3,1.0,150,5,moderate,1.0,1.5910545566161785,0.4643970395384315
2666256175,0.8,4,0.3,1.0,150,5,moderate,1.0,1.3150868828393028,0.2739027340473921
975381835,1.0,4,0.3,1.0,150,5,moderate,1.0,1.9507980340081508,0.6682385370657556
2535166222,0.4,4,0.3,1.0,150,5,moderate,1.0,1.5228081320703777,0.4205560857210202
1079577930,1.0,4,0.3,1.0,150,5,moderate,1.0,1.4680833314545525,0.3839576938772521
3715024065,0.1999999999999999,4,0.3,1.0,150,5,moderate,1.0,1.3460879693195378,0.297202585193559
2056590929,-0.3999999999999999,4,0.3,1.0,150,5,moderate,1.0,1.998844533284842,0.6925692802501443
3339987600,0.8,4,0.3,1.0,150,5,moderate,1.0,1.4513894326007908,0.3725213270036391
1788010607,0.8,4,0.3,1.0,150,5,moderate,1.0,1.2680585148627097,0.23748700231834474
2859898362,0.4,4,0.3,1.0,150,5,moderate,1.0,1.2268817723432432,0.20447580602784607
1908601667,1.0,4,0.3,1.0,150,5,moderate,1.0,1.7349031289562657,0.5509515783854753
726301638,0.8,4,0.3,1.0,150,5,moderate,1.0,1.8202938489831282,0.5989979435414051
2584016318,0.4,4,0.3,1.0,150,5,moderate,1.0,1.3964574029959695,0.3339386032497072
4074852312,0.0,4,0.3,1.0,150,5,moderate,1.0,1.7165122607455627,0.5402944767654637
3205241267,0.8,4,0.3,1.0,150,5,moderate,1.0,1.8524104715927907,0.6164877485953046
1304481603,0.4,4,0.3,1.0,150,5,moderate,1.0,1.917786003160673,0.6511713973275969
2726751603,-0.3999999999999999,4,0.3,1.0,150,5,moderate,1.0,1.9063474529747135,0.645189082938836
2114242019,0.4,4,0.3,1.0,150,5,moderate,1.0,1.9212202890111139,0.6529605513456875
1147627710,-0.3999999999999999,4,0.3,1.0,150,5,moderate,1.0,1.3192554001269357,0.27706748662627306
2483435858,-0.3999999999999999,4,0.3,1.0,150,5,moderate,1.0,1.6506037134659775,0.5011411079412598
3210783261,0.4,4,0.3,1.0,150,5,moderate,1.0,1.4064104241776536,0.3410406598792519
1843101495,0.4,4,0.3,1.0,150,5,moderate,1.0,1.2751712581335137,0.24308048969496857
1807795135,-1.0,4,0.3,1.0,150,5,moderate,1.0,2.25853358864498,0.8147157481050902
650419918,-0.6000000000000001,4,0.3,1.0,150,5,moderate,1.0,2.1291106545477345,0.7557043594539469
982532350,0.1999999999999999,4,0.3,1.0,150,5,moderate,1.0,2.243265644684047,0.8079326812869666
1193431242,0.1999999999999999,4,0.3,1.0,150,5,moderate,1.0,1.66564923860796,0.5102149805261277
1985358557,0.4,4,0.3,4.0,150,5,moderate,1.0,1.2984115792371875,0.2611416552601079
2015254125,-0.8,4,0.3,4.0,150,5,moderate,1.0,1.4924704732108565,0.40043278264561294
2997155419,1.0,4,0.3,4.0,150,5,moderate,1.0,1.3684046593314543,0.3136455790639623
108625438,-0.3999999999999999,4,0.3,4.0,150,5,moderate,1.0,1.5887948111813266,0.46297574843065775
505921113,0.4,4,0.3,4.0,150,5,moderate,1.0,1.295714237698307,0.25906207801419534
743037693,0.4,4,0.3,4.0,150,5,moderate,1.0,1.93094174785485,0.6580078361632035
3377757264,-0.1999999999999999,4,0.3,4.0,150,5,moderate,1.0,1.5331312288285721,0.4273121988538821
368166709,0.1999999999999999,4,0.3,4.0,150,5,moderate,1.0,1.2341696899095642,0.21039842811158124
751652519,-0.8,4,0.3,4.0,150,5,moderate,1.0,1.2204730717993613,0.19923854735419194
2723297263,1.0,4,0.3,4.0,150,5,moderate,1.0,1.478263747780399,0.39086825571303324
1989505032,-0.6000000000000001,4,0.3,4.0,150,5,moderate,1.0,1.2304139152871387,0.20735062926895917
2068208406,0.8,4,0.3,4.0,150,5,moderate,1.0,1.5398052602876713,0.4316559540708563
754052644,0.6,4,0.3,4.0,150,5,moderate,1.0,1.7211856960675134,0.5430134115059405
624811559,0.0,4,0.3,4.0,150,5,moderate,1.0,1.7553557716296788,0.5626715552504439
3138457903,1.0,4,0.3,4.0,150,5,moderate,1.0,1.3407990934198606,0.29326577459678094
1544867641,0.8,4,0.3,4.0,150,5,moderate,1.0,1.981074028752326,0.6836391364035194
3332861730,-1.0,4,0.3,4.0,150,5,moderate,1.0,2.060351828588289,0.7228767587952788
2610956282,0.8,4,0.3,4.0,150,5,moderate,1.0,1.572990344683514,0.45297848590314715
650724272,-0.8,4,0.3,4.0,150,5,moderate,1.0,1.5764812532584604,0.4551953085643469
235828615,1.0,4,0.3,4.0,150,5,moderate,1.0,1.275290966772972,0.24317436180832677
2968668948,0.4,4,0.3,4.0,150,5,moderate,1.0,1.4602115943103557,0.3785813528290863
1936288427,0.6,4,0.3,4.0,150,5,moderate,1.0,1.5217529111699049,0.4198629014309112
3157238167,-0.8,4,0.3,4.0,150,5,moderate,1.0,1.5248434601183212,0.42189175568785503
2776066039,0.0,4,0.3,4.0,150,5,moderate,1.0,1.6329306242702124,0.4903763294791456
346787993,0.0,4,0.3,4.0,150,5,moderate,1.0,1.5360119527682967,0.42918941644539593
1372057346,0.1999999999999999,4,0.3,4.0,150,5,moderate,1.0,1.8061198900039017,0.5911808370682556
3556649423,-0.1999999999999999,4,0.3,4.0,150,5,moderate,1.0,1.5904474018605421,0.4640153614688082
1848705983,0.4,4,0.3,4.0,150,5,moderate,1.0,1.3700950485280787,0.31488011592110626
86472064,0.6,4,0.3,4.0,150,5,moderate,1.0,1.2710170700860643,0.23981742255463093
770843941,0.1999999999999999,4,0.3,4.0,150,5,moderate,1.0,1.9292720135494388,0.6571427367087426
1821940022,0.4,4,0.3,9.0,150,5,moderate,1.0,1.450812662712402,0.37212385647812785
4225560717,1.0,4,0.3,9.0,150,5,moderate,1.0,1.4147642429820673,0.3469629044802362
2381397160,0.4,4,0.3,9.0,150,5,moderate,1.0,1.3235846857880658,0.28034372687755293
3812529922,-0.8,4,0.3,9.0,150,5,moderate,1.0,1.5507395947481915,0.4387319750295826
4224180070,-0.8,4,0.3,9.0,150,5,moderate,1.0,1.652127329900407,0.5020637483394679
2487109386,0.0,4,0.3,9.0,150,5,moderate,1.0,1.5618188257314773,0.4458510560420688
1909339391,1.0,4,0.3,9.0,150,5,moderate,1.0,1.6729555477516536,0.5145918512701302
975737598,0.6,4,0.3,9.0,150,5,moderate,1.0,1.5416151655636199,0.43283067561738675
3835886287,-0.6000000000000001,4,0.3,9.0,150,5,moderate,1.0,1.7567423717474069,0.5634611688279499
2050993422,1.0,4,0.3,9.0,150,5,moderate,1.0,1.8455666419392265,0.6127863533421662
873409153,0.0,4,0.3,9.0,150,5,moderate,1.0,1.9168102642317957,0.6506624838035142
298792830,-0.1999999999999999,4,0.3,9.0,150,5,moderate,1.0,1.4339542717295781,0.36043585305640846
2018724312,0.8,4,0.3,9.0,150,5,moderate,1.0,1.6032676033626538,0.47204379878549974
1031016486,-0.8,4,0.3,9.0,150,5,moderate,1.0,1.1168796107126686,0.11053873514926253
3550210638,-0.6000000000000001,4,0.3,9.0,150,5,moderate,1.0,1.9082210714884673,0.6461714318741926
28455914,0.1999999999999999,4,0.3,9.0,150,5,moderate,1.0,1.5321151791819159,0.42664925072598364
3267752443,0.8,4,0.3,9.0,150,5,moderate,1.0,1.6213656142798165,0.48326876592079443
2159346807,-0.1999999999999999,4,0.3,9.0,150,5,moderate,1.0,1.7289784945401652,0.5475307685325129
961285061,-0.8,4,0.3,9.0,150,5,moderate,1.0,1.5336224255648363,0.42763253546765667
4006047110,-0.3999999999999999,4,0.3,9.0,150,5,moderate,1.0,1.9286185734379266,0.6568039815766168
2477334171,0.4,4,0.3,9.0,150,5,moderate,1.0,1.363120269395672,0.3097763875564899
556854322,0.8,4,0.3,9.0,150,5,moderate,1.0,2.0707082109996886,0.7278906796815651
309650428,-0.3999999999999999,4,0.3,9.0,150,5,moderate,1.0,1.4745357290606573,0.3883431802855936
353756310,0.8,4,0.3,9.0,150,5,moderate,1.0,1.4248833335056785,0.354089939144897
1966121853,-0.3999999999999999,4,0.3,9.0,150,5,moderate,1.0,1.5929231024154138,0.4655707575816133
3637554908,-0.1999999999999999,4,0.3,9.0,150,5,moderate,1.0,1.4937191046798812,0.4012690534242926
3581749120,-0.6000000000000001,4,0.3,9.0,150,5,moderate,1.0,1.970068168749081,0.6780681455771419
1830881582,0.8,4,0.3,9.0,150,5,moderate,1.0,1.0356832770736557,0.035061379985918
4030877704,0.4,4,0.3,9.0,150,5,moderate,1.0,3.496591892494615,1.251788749096179
1277348659,-0.3999999999999999,4,0.3,9.0,150,5,moderate,1.0,1.4391716657035853,0.364067715928134
3072437527,-0.1999999999999999,4,0.3,19.0,150,5,moderate,1.0,3.4850930276796106,1.2484947375949849
3501782408,0.1999999999999999,4,0.3,19.0,150,5,moderate,1.0,1.7050379878162691,0.5335873907314252
3249872412,-0.6000000000000001,4,0.3,19.0,150,5,moderate,1.0,1.6167915066188432,0.4804436338889011
3951647879,0.8,4,0.3,19.0,150,5,moderate,1.0,1.708791430821548,0.5357863550365838
2643861986,0.8,4,0.3,19.0,150,5,moderate,1.0,1.4318187863023695,0.35894551465261504
2148060737,1.0,4,0.3,19.0,150,5,moderate,1.0,1.0686998465099289,0.06644281292554365
1593399380,1.0,4,0.3,19.0,150,5,moderate,1.0,1.5680915159605442,0.44985928499581435
2142512003,-0.3999999999999999,4,0.3,19.0,150,5,moderate,1.0,1.7758565814911964,0.5742828876443586
1738158271,-0.3999999999999999,4,0.3,19.0,150,5,moderate,1.0,1.8344412685251168,0.6067399493239402
3162617530,-0.6000000000000001,4,0.3,19.0,150,5,moderate,1.0,1.9854297765265363,0.6858354028078393
2120902413,0.1999999999999999,4,0.3,19.0,150,5,moderate,1.0,1.31441593330327,0.27339240977888385
1486446008,-0.3999999999999999,4,0.3,19.0,150,5,moderate,1.0,2.6300857319714295,0.9670164433661473
2072369161,0.0,4,0.3,19.0,150,5,moderate,1.0,1.8428205551502665,0.611297308320795
2879641024,0.8,4,0.3,19.0,150,5,moderate,1.0,1.40419555951601,0.3394645833085951
1884875551,-0.3999999999999999,4,0.3,19.0,150,5,moderate,1.0,1.843568449401944,0.6117030681367097
2470898006,0.8,4,0.3,19.0,150,5,moderate,1.0,1.4324673073081078,0.359398347222844
2246363588,0.4,4,0.3,19.0,150,5,moderate,1.0,1.5251988128795029,0.42212477066337556
43399220,1.0,4,0.3,19.0,150,5,moderate,1.0,2.2162014121037292,0.7957946546933031
3192337294,1.0,4,0.3,19.0,150,5,moderate,1.0,2.0282593816404946,0.7071779777676077
60787629,0.8,4,0.3,19.0,150,5,moderate,1.0,1.3803448896055068,0.32233338794830196
1430566053,-0.1999999999999999,4,0.3,19.0,150,5,moderate,1.0,1.4639746415483246,0.3811550940423307
680163938,-0.3999999999999999,4,0.3,19.0,150,5,moderate,1.0,1.9232260867528117,0.6540040295101084
3826732814,0.6,4,0.3,19.0,150,5,moderate,1.0,1.7270612452127343,0.5464212618899495
3227531416,0.8,4,0.3,19.0,150,5,moderate,1.0,1.4577923310879504,0.37692318934571123
2117264722,0.4,4,0.3,19.0,150,5,moderate,1.0,1.4401142495515409,0.3647224504070084
3911059726,0.4,4,0.3,19.0,150,5,moderate,1.0,1.7494830620632316,0.5593203511915605
107764522,0.0,4,0.3,19.0,150,5,moderate,1.0,1.354457802412707,0.3034012284310817
4039827506,0.8,4,0.3,19.0,150,5,moderate,1.0,2.5675804979309063,0.9429640149798834
653911066,-0.8,4,0.3,19.0,150,5,moderate,1.0,1.5460466063043103,0.4357010960913743
3366822361,0.0,4,0.3,19.0,150,5,moderate,1.0,1.3689904218456874,0.3140735498214183
3912697385,0.4,4,0.3,49.0,150,5,moderate,1.0,1.2104140715129674,0.19096250893085068
2991259526,0.4,4,0.3,49.0,150,5,moderate,1.0,1.265884084946796,0.2357707594564842
776750165,0.8,4,0.3,49.0,150,5,moderate,1.0,2.114903522254337,0.7490091955024057
2272254689,0.6,4,0.3,49.0,150,5,moderate,1.0,2.2948369000710382,0.8306617734799207
1091503881,0.8,4,0.3,49.0,150,5,moderate,1.0,1.5558106220263128,0.4419967101398442
476736514,-0.3999999999999999,4,0.3,49.0,150,5,moderate,1.0,1.829430721878655,0.6040048375169912
2691283903,0.8,4,0.3,49.0,150,5,moderate,1.0,1.1268727727849324,0.11944633852085243
1166348371,-0.8,4,0.3,49.0,150,5,moderate,1.0,2.0452039720373985,0.7154975263484584
1190717277,0.6,4,0.3,49.0,150,5,moderate,1.0,2.672852410144224,0.9831462205722263
1356188735,0.4,4,0.3,49.0,150,5,moderate,1.0,1.654954546625994,0.5037735441775523
2642011345,-0.8,4,0.3,49.0,150,5,moderate,1.0,1.6439795552645329,0.49711986058618207
1897892977,-0.8,4,0.3,49.0,150,5,moderate,1.0,1.7118303600541098,0.537563184056495
4010071915,0.0,4,0.3,49.0,150,5,moderate,1.0,1.7604807186200508,0.5655869073349032
468078748,-0.3999999999999999,4,0.3,49.0,150,5,moderate,1.0,1.8218766281135206,0.5998670842035363
1279779833,0.4,4,0.3,49.0,150,5,moderate,1.0,1.36706412079126,0.31266546285335256
2477284664,0.8,4,0.3,49.0,150,5,moderate,1.0,1.197835803233712,0.18051643122944763
3255876888,-0.1999999999999999,4,0.3,49.0,150,5,moderate,1.0,1.4647179370272532,0.38166268947950666
2332244544,-0.8,4,0.3,49.0,150,5,moderate,1.0,1.6849268641267106,0.5217221587832372
3853559405,-0.1999999999999999,4,0.3,49.0,150,5,moderate,1.0,1.8614252983508022,0.6213424837111773
234837926,0.8,4,0.3,49.0,150,5,moderate,1.0,2.133442368440031,0.7577368105976989
1304812608,-0.8,4,0.3,49.0,150,5,moderate,1.0,1.2476576317912513,0.22126789881031783
3480095915,-0.1999999999999999,4,0.3,49.0,150,5,moderate,1.0,1.7384247953201357,0.5529794131580268
3935144854,0.4,4,0.3,49.0,150,5,moderate,1.0,1.3473215901890239,0.2981186144334442
2743796289,-0.3999999999999999,4,0.3,49.0,150,5,moderate,1.0,1.5096675808536018,0.4118894814612718
2811814908,0.4,4,0.3,49.0,150,5,moderate,1.0,2.1008609196396923,0.742347222451213
2336829939,-0.6000000000000001,4,0.3,49.0,150,5,moderate,1.0,2.2204568770849398,0.7977129751988842
1723463370,0.6,4,0.3,49.0,150,5,moderate,1.0,1.244819838603627,0.21899081149657162
3904460394,0.8,4,0.3,49.0,150,5,moderate,1.0,2.0043450833509318,0.6953173656792724
2959230331,0.4,4,0.3,49.0,150,5,moderate,1.0,1.573135937099124,0.45307103934994103
752012350,0.8,4,0.3,49.0,150,5,moderate,1.0,1.6587754397078085,0.5060796432205606
2570783391,-0.3999999999999999,4,0.6,1.0,150,5,moderate,1.0,2.5914130294441686,0.9522032981555436
310893795,0.0,4,0.6,1.0,150,5,moderate,1.0,1.597097482894729,0.4681879086315045
1257026707,0.6,4,0.6,1.0,150,5,moderate,1.0,2.2152414155105973,0.7953613887591621
2479665640,0.8,4,0.6,1.0,150,5,moderate,1.0,1.441010286600062,0.3653444555068692
487087493,0.0,4,0.6,1.0,150,5,moderate,1.0,1.6991002409935323,0.5300988409455569
471807980,0.4,4,0.6,1.0,150,5,moderate,1.0,1.3973265389848193,0.3345607959710757
1636736502,-0.8,4,0.6,1.0,150,5,moderate,1.0,1.6697549266628309,0.5126768651584565
2143642109,0.4,4,0.6,1.0,150,5,moderate,1.0,1.3958298979903314,0.3334891473387914
1614863868,0.4,4,0.6,1.0,150,5,moderate,1.0,1.2010306189263704,0.18318003729940313
33224916,0.8,4,0.6,1.0,150,5,moderate,1.0,1.6263834958443575,0.4863588356196398
326173296,-0.3999999999999999,4,0.6,1.0,150,5,moderate,1.0,1.3278088658669165,0.2835301143908248
919571390,-1.0,4,0.6,1.0,150,5,moderate,1.0,1.0992902168117689,0.09466471409229807
507023544,0.4,4,0.6,1.0,150,5,moderate,1.0,1.3102384717064948,0.270209160116493
1454784882,-0.1999999999999999,4,0.6,1.0,150,5,moderate,1.0,1.284603539219675,0.2504501409519393
739663392,0.1999999999999999,4,0.6,1.0,150,5,moderate,1.0,1.3887947935553635,0.328436316036855
3551285799,0.8,4,0.6,1.0,150,5,moderate,1.0,2.000883683260649,0.6935889246069998
2511083694,0.8,4,0.6,1.0,150,5,moderate,1.0,1.4246005865401465,0.3538914842847233
2096273471,0.4,4,0.6,1.0,150,5,moderate,1.0,1.69041516728804,0.5249741598824142
1447344385,0.4,4,0.6,1.0,150,5,moderate,1.0,1.2231298085366966,0.2014129905139325
580114230,0.6,4,0.6,1.0,150,5,moderate,1.0,2.283352729762659,0.8256448583565097
4085507872,0.1999999999999999,4,0.6,1.0,150,5,moderate,1.0,1.1409501170333471,0.13186135128564205
1715464616,-0.3999999999999999,4,0.6,1.0,150,5,moderate,1.0,1.4235675719913592,0.3531660955179191
19509886,0.4,4,0.6,1.0,150,5,moderate,1.0,1.3390592968985908,0.2919673501934745
3780817364,0.8,4,0.6,1.0,150,5,moderate,1.0,1.3380951155621943,0.29124704704353555
324049616,-0.1999999999999999,4,0.6,1.0,150,5,moderate,1.0,1.6197254109244315,0.4822566354482777
4051236247,0.8,4,0.6,1.0,150,5,moderate,1.0,1.5445155102964372,0.43471027560282394
3932761200,0.4,4,0.6,1.0,150,5,moderate,1.0,1.271887597195536,0.2405020940286968
2962261044,-0.1999999999999999,4,0.6,1.0,150,5,moderate,1.0,1.9485572769539767,0.6670892407733543
3925338524,1.0,4,0.6,1.0,150,5,moderate,1.0,1.4828295843580281,0.3939521437800776
3826081786,0.8,4,0.6,1.0,150,5,moderate,1.0,1.4161557257125146,0.3479459650103088
801833027,-0.3999999999999999,4,0.6,4.0,150,5,moderate,1.0,1.7660647624354417,0.5687537733301219
2899282746,-0.8,4,0.6,4.0,150,5,moderate,1.0,1.2870839063135358,0.25237912175968286
552467649,0.4,4,0.6,4.0,150,5,moderate,1.0,1.343724548850178,0.2954452723238991
3865521140,0.4,4,0.6,4.0,150,5,moderate,1.0,1.431995971367415,0.3590692552435853
3003369925,0.4,4,0.6,4.0,150,5,moderate,1.0,2.3201209813632953,0.8416193314579552
3942828951,0.8,4,0.6,4.0,150,5,moderate,1.0,1.9418534661322062,0.6636429118895049
2870829169,0.4,4,0.6,4.0,150,5,moderate,1.0,1.6591034708764996,0.5062773786886716
1946737020,0.0,4,0.6,4.0,150,5,moderate,1.0,1.7144733752912473,0.5391059636612963
3369496035,0.6,4,0.6,4.0,150,5,moderate,1.0,1.130687560649455,0.12282590843879093
924429165,0.6,4,0.6,4.0,150,5,moderate,1.0,1.0450671434180314,0.044081135427369404
2100655182,-0.3999999999999999,4,0.6,4.0,150,5,moderate,1.0,1.6802976083452454,0.5189709255508953
3219012500,-0.1999999999999999,4,0.6,4.0,150,5,moderate,1.0,1.7975900955875355,0.5864469320760372
1661353115,0.0,4,0.6,4.0,150,5,moderate,1.0,2.443136875609182,0.8932828183807668
2727985266,0.8,4,0.6,4.0,150,5,moderate,1.0,1.4229385931057725,0.35272416505345305
227442058,0.8,4,0.6,4.0,150,5,moderate,1.0,1.2565122788912206,0.22833985025079317
835622182,-0.1999999999999999,4,0.6,4.0,150,5,moderate,1.0,1.4643946181587066,0.38144192714021913
869574251,0.4,4,0.6,4.0,150,5,moderate,1.0,1.47610117366803,0.38940426967467046
4234550116,-0.1999999999999999,4,0.6,4.0,150,5,moderate,1.0,1.2394789135913833,0.214691060320474
3119988374,-0.1999999999999999,4,0.6,4.0,150,5,moderate,1.0,1.3055742554157934,0.2666429864485746
3165197013,0.4,4,0.6,4.0,150,5,moderate,1.0,2.0568256656249058,0.7211638553168656
4102112121,-0.3999999999999999,4,0.6,4.0,150,5,moderate,1.0,1.621783286403479,0.48352633789097654
2386713441,-0.8,4,0.6,4.0,150,5,moderate,1.0,1.1747699660245516,0.16107235483384402
125127362,0.8,4,0.6,4.0,150,5,moderate,1.0,1.7252869651062945,0.5453933932309603
3803124947,0.4,4,0.6,4.0,150,5,moderate,1.0,2.3284387409771323,0.845197974731386
3453608949,-0.3999999999999999,4,0.6,4.0,150,5,moderate,1.0,1.645106766002477,0.49780528545617503
3518992214,-0.3999999999999999,4,0.6,4.0,150,5,moderate,1.0,1.4118639209979482,0.3449107611959373
4148635828,1.0,4,0.6,4.0,150,5,moderate,1.0,1.3142199202173774,0.2732432730424331
1976677536,-0.3999999999999999,4,0.6,4.0,150,5,moderate,1.0,1.6998588996698039,0.5305452474232306
2347352352,0.1999999999999999,4,0.6,4.0,150,5,moderate,1.0,1.4286710863036893,0.3567447019181705
2961736421,0.8,4,0.6,4.0,150,5,moderate,1.0,1.5701824181699613,0.4511918025278639
1224493266,0.6,4,0.6,9.0,150,5,moderate,1.0,1.7322906590624974,0.5494446130712238
880121718,0.1999999999999999,4,0.6,9.0,150,5,moderate,1.0,1.3528816816496139,0.3022368964731358
1635817196,-0.6000000000000001,4,0.6,9.0,150,5,moderate,1.0,1.2995772843876117,0.26203904573392783
4092446317,1.0,4,0.6,9.0,150,5,moderate,1.0,1.4751681591069692,0.38877198946778957
3243494709,-0.3999999999999999,4,0.6,9.0,150,5,moderate,1.0,1.896421252688762,0.6399685588427441
2622278057,-0.8,4,0.6,9.0,150,5,moderate,1.0,1.2786509845339944,0.245805603836263
207790068,1.0,4,0.6,9.0,150,5,moderate,1.0,1.6725974403578174,0.5143777716268086
3188567981,-0.3999999999999999,4,0.6,9.0,150,5,moderate,1.0,1.7068893258263513,0.534672606224951
2213125498,0.1999999999999999,4,0.6,9.0,150,5,moderate,1.0,1.7382242816002824,0.5528640643174396
1854772482,-0.8,4,0.6,9.0,150,5,moderate,1.0,1.8405105518404987,0.6100430069585097
3916298188,0.4,4,0.6,9.0,150,5,moderate,1.0,2.0590426586197963,0.7222411459562397
3967416237,0.8,4,0.6,9.0,150,5,moderate,1.0,1.3884716144147722,0.32820358421024837
3572003706,1.0,4,0.6,9.0,150,5,moderate,1.0,1.6474789074133103,0.4992461845285387
2334872113,0.0,4,0.6,9.0,150,5,moderate,1.0,2.311843546223138,0.8380452782016797
2874697044,1.0,4,0.6,9.0,150,5,moderate,1.0,1.3768604014861276,0.3198058358754134
1249525103,0.1999999999999999,4,0.6,9.0,150,5,moderate,1.0,1.597511077594054,0.46844684157668665
1137398102,0.4,4,0.6,9.0,150,5,moderate,1.0,1.1517511836744845,0.14128355255160255
1695250570,0.4,4,0.6,9.0,150,5,moderate,1.0,1.7648839447077669,0.5680849345167427
810211878,1.0,4,0.6,9.0,150,5,moderate,1.0,1.3165731305964967,0.2750322476681631
1222576960,0.8,4,0.6,9.0,150,5,moderate,1.0,1.6007980750436082,0.47050230179016694
177993589,1.0,4,0.6,9.0,150,5,moderate,1.0,1.2988381802951379,0.26147015740759755
3231415167,0.1999999999999999,4,0.6,9.0,150,5,moderate,1.0,1.917587821574574,0.6510680532493758
3779016826,0.4,4,0.6,9.0,150,5,moderate,1.0,1.7861769901549023,0.5800775761753266
2041755439,0.0,4,0.6,9.0,150,5,moderate,1.0,1.8534248473625647,0.6170351964486507
1100445260,1.0,4,0.6,9.0,150,5,moderate,1.0,1.2764262227648078,0.24406415952681434
3453408036,0.1999999999999999,4,0.6,9.0,150,5,moderate,1.0,1.9370472016320632,0.6611647525492563
2980181411,0.4,4,0.6,9.0,150,5,moderate,1.0,1.3957301380575282,0.33341767480618784
1422113865,-0.8,4,0.6,9.0,150,5,moderate,1.0,1.6912837567680308,0.5254878599595635
2023947146,0.8,4,0.6,9.0,150,5,moderate,1.0,1.8105848604129278,0.5936499203833118
3498060065,-1.0,4,0.6,9.0,150,5,moderate,1.0,2.111681029563213,0.747484326769255
461296014,-0.8,4,0.6,19.0,150,5,moderate,1.0,1.4882775417225587,0.39761943899305013
2036099717,-0.6000000000000001,4,0.6,19.0,150,5,moderate,1.0,1.657505596033356,0.5053138192612346
4178560734,0.1999999999999999,4,0.6,19.0,150,5,moderate,1.0,2.3475273622374226,0.8533625879375367
680036989,-0.8,4,0.6,19.0,150,5,moderate,1.0,1.445996156485816,0.3687984657011012
321680061,-0.3999999999999999,4,0.6,19.0,150,5,moderate,1.0,1.6496458327941212,0.5005606180811281
2900199227,0.4,4,0.6,19.0,150,5,moderate,1.0,1.154743236873149,0.1438780135226403
1345297793,0.4,4,0.6,19.0,150,5,moderate,1.0,2.2049674677725277,0.7907127549453117
1738185727,-0.6000000000000001,4,0.6,19.0,150,5,moderate,1.0,2.1253553782398726,0.7539390252126259
56564419,1.0,4,0.6,19.0,150,5,moderate,1.0,1.4551103966191465,0.37508177171022133
1100031326,0.1999999999999999,4,0.6,19.0,150,5,moderate,1.0,1.677171609245863,0.517108808700333
3422528410,0.4,4,0.6,19.0,150,5,moderate,1.0,1.5268991487331172,0.4232389786939881
772103841,0.8,4,0.6,19.0,150,5,moderate,1.0,2.036543481575124,0.7112539990078478
1487450909,-0.8,4,0.6,19.0,150,5,moderate,1.0,1.3901233834325617,0.3293925082626125
910768313,-0.3999999999999999,4,0.6,19.0,150,5,moderate,1.0,2.0550203535702423,0.7202857523128927
2583161300,0.8,4,0.6,19.0,150,5,moderate,1.0,2.9141370887399956,1.0695737515325998
2525879921,0.0,4,0.6,19.0,150,5,moderate,1.0,1.1514542928866933,0.14102574594905937
2052859778,0.1999999999999999,4,0.6,19.0,150,5,moderate,1.0,1.1352140201434835,0.1268211971604781
1703196728,0.4,4,0.6,19.0,150,5,moderate,1.0,1.7833130811722973,0.5784729158233388
2455269790,0.8,4,0.6,19.0,150,5,moderate,1.0,1.791089650232099,0.5828241777901378
3596648404,-0.1999999999999999,4,0.6,19.0,150,5,moderate,1.0,2.0610698753837404,0.7232252049647279
2364132283,0.0,4,0.6,19.0,150,5,moderate,1.0,1.802777316995907,0.5893284296584109
3344577012,0.6,4,0.6,19.0,150,5,moderate,1.0,1.9617871556512172,0.6738558719002291
115428606,1.0,4,0.6,19.0,150,5,moderate,1.0,1.6269829031006668,0.4867273199460815
1968635682,-0.1999999999999999,4,0.6,19.0,150,5,moderate,1.0,1.2844328148165236,0.25031723165843356
906547692,0.8,4,0.6,19.0,150,5,moderate,1.0,1.6455345979391336,0.4980653149712449
2692139707,-0.3999999999999999,4,0.6,19.0,150,5,moderate,1.0,1.3693170112036148,0.3143120835634914
788773747,0.1999999999999999,4,0.6,19.0,150,5,moderate,1.0,1.6104846899204524,0.476535183330054
1828912447,0.8,4,0.6,19.0,150,5,moderate,1.0,1.9760931382823854,0.6811217329731605
2173211371,1.0,4,0.6,19.0,150,5,moderate,1.0,1.377490967802062,0.3202637050739343
2830357707,0.0,4,0.6,19.0,150,5,moderate,1.0,1.7080786542954247,0.5353691448303386
1761674806,0.4,4,0.6,49.0,150,5,moderate,1.0,1.2635796446366656,0.2339486807915602
96362327,0.1999999999999999,4,0.6,49.0,150,5,moderate,1.0,1.8109755089521695,0.5938656553157245
3120457399,0.8,4,0.6,49.0,150,5,moderate,1.0,2.1055280499485782,0.7445662907579295
1637059951,1.0,4,0.6,49.0,150,5,moderate,1.0,3.2464694255939026,1.1775680752704032
1542989241,0.4,4,0.6,49.0,150,5,moderate,1.0,1.6398300754683235,0.4945926239486442
3415072352,0.8,4,0.6,49.0,150,5,moderate,1.0,1.3018293592091112,0.26377047468192216
3402305452,0.0,4,0.6,49.0,150,5,moderate,1.0,1.2743841991906142,0.24246308091051527
3228374600,0.8,4,0.6,49.0,150,5,moderate,1.0,1.3677285497047882,0.31315137093243245
1373649937,-0.1999999999999999,4,0.6,49.0,150,5,moderate,1.0,1.445801209185346,0.36866363792715034
3922340424,-0.3999999999999999,4,0.6,49.0,150,5,moderate,1.0,1.6053577431262556,0.47334662465859917
2385910035,0.0,4,0.6,49.0,150,5,moderate,1.0,1.6047806885092493,0.47298710457215365
584116231,0.4,4,0.6,49.0,150,5,moderate,1.0,1.3832308100700932,0.3244219296256359
70454762,0.0,4,0.6,49.0,150,5,moderate,1.0,2.3187198154822077,0.8410152297070815
2001083649,-0.8,4,0.6,49.0,150,5,moderate,1.0,1.7712458413840917,0.5716831641775646
3828052922,0.4,4,0.6,49.0,150,5,moderate,1.0,1.8234270375810695,0.6007177181716341
2331827765,-0.6000000000000001,4,0.6,49.0,150,5,moderate,1.0,1.9348390971597018,0.6600241691016313
2326423099,0.8,4,0.6,49.0,150,5,moderate,1.0,1.8632792274808212,0.6223379609471629
3899303880,-0.3999999999999999,4,0.6,49.0,150,5,moderate,1.0,1.3806143119851255,0.32252855373004813
3453158834,0.0,4,0.6,49.0,150,5,moderate,1.0,1.115046463495682,0.10889607534043354
3126096987,-0.1999999999999999,4,0.6,49.0,150,5,moderate,1.0,1.5440125978672439,0.43438461080974095
2249535095,0.8,4,0.6,49.0,150,5,moderate,1.0,2.1513625957933318,0.766101406880309
3238511320,0.6,4,0.6,49.0,150,5,moderate,1.0,1.366590121018219,0.3123186744625299
3145263093,0.0,4,0.6,49.0,150,5,moderate,1.0,1.5849694618165784,0.460565140150938
1637101014,0.4,4,0.6,49.0,150,5,moderate,1.0,1.384837802210402,0.3255830224639539
1686428142,-0.6000000000000001,4,0.6,49.0,150,5,moderate,1.0,1.2987173771635783,0.26137714447372606
3405491296,-0.1999999999999999,4,0.6,49.0,150,5,moderate,1.0,1.268645814331463,0.2379500436531094
3503059196,0.1999999999999999,4,0.6,49.0,150,5,moderate,1.0,1.2986937283266298,0.26135893492892265
3539636213,1.0,4,0.6,49.0,150,5,moderate,1.0,1.2373423451576708,0.21296580949252542
4287800840,0.8,4,0.6,49.0,150,5,moderate,1.0,1.9650404680408846,0.6755128395320044
3059110328,-0.6000000000000001,4,0.6,49.0,150,5,moderate,1.0,1.6454651725006546,0.49802312387836617
1382030088,-0.3999999999999999,4,0.9,1.0,150,5,moderate,1.0,1.9046492313101133,0.6442978610786818
928837665,0.8,4,0.9,1.0,150,5,moderate,1.0,1.8407901681927146,0.6101949186734271
2099634280,0.6,4,0.9,1.0,150,5,moderate,1.0,1.2817306611095265,0.2482112436876285
1355021889,-1.0,4,0.9,1.0,150,5,moderate,1.0,1.4579091629904875,0.37700332916992635
165722874,-0.3999999999999999,4,0.9,1.0,150,5,moderate,1.0,1.335477050792891,0.2892885694388702
2860476534,0.1999999999999999,4,0.9,1.0,150,5,moderate,1.0,2.2283500184510965,0.80126140956955
3969479423,1.0,4,0.9,1.0,150,5,moderate,1.0,3.2111591255213785,1.1666319702548906
638416941,-0.8,4,0.9,1.0,150,5,moderate,1.0,2.1512101474038743,0.7660305430513302
4097622312,0.6,4,0.9,1.0,150,5,moderate,1.0,1.8218600925712791,0.5998580080580794
3304796203,0.8,4,0.9,1.0,150,5,moderate,1.0,1.5473310781679572,0.43653156173022384
345367896,0.6,4,0.9,1.0,150,5,moderate,1.0,1.4386356575751176,0.3636952044466806
3003155230,-0.3999999999999999,4,0.9,1.0,150,5,moderate,1.0,1.4464946013704822,0.3691431132255549
1913126612,-0.8,4,0.9,1.0,150,5,moderate,1.0,1.3513979797870541,0.3011395972310564
3586858108,0.4,4,0.9,1.0,150,5,moderate,1.0,1.5213670066150233,0.4196092771457197
2365803524,-0.8,4,0.9,1.0,150,5,moderate,1.0,2.5138842535516357,0.9218290683570084
2694336667,1.0,4,0.9,1.0,150,5,moderate,1.0,2.2438935554302355,0.8082125513438484
2552707240,0.1999999999999999,4,0.9,1.0,150,5,moderate,1.0,1.0985119044404184,0.09395644978009238
1103992897,0.4,4,0.9,1.0,150,5,moderate,1.0,1.6018480919588436,0.4711580201543601
1283408573,-0.8,4,0.9,1.0,150,5,moderate,1.0,1.622526452847049,0.4839844732210147
3298079309,0.8,4,0.9,1.0,150,5,moderate,1.0,1.5672642758569721,0.4493315999879907
2491894969,0.0,4,0.9,1.0,150,5,moderate,1.0,1.898686702301823,0.6411624378622695
470095998,-0.3999999999999999,4,0.9,1.0,150,5,moderate,1.0,1.315807413739057,0.27445048005049544
1759544138,0.8,4,0.9,1.0,150,5,moderate,1.0,1.2627934131006355,0.23332626158153522
3121180406,1.0,4,0.9,1.0,150,5,moderate,1.0,1.7775573005047467,0.575240118746556
3045079556,-0.3999999999999999,4,0.9,1.0,150,5,moderate,1.0,2.1397218908006095,0.7606758630187348
1236301680,1.0,4,0.9,1.0,150,5,moderate,1.0,1.5394950920328132,0.43145450035058286
2442584340,0.6,4,0.9,1.0,150,5,moderate,1.0,1.73227368366251,0.549434813628461
1853592210,0.8,4,0.9,1.0,150,5,moderate,1.0,1.8680939342505622,0.6249186245437239
2242025932,1.0,4,0.9,1.0,150,5,moderate,1.0,1.7013281273475265,0.5314091974250618
2301967382,0.1999999999999999,4,0.9,1.0,150,5,moderate,1.0,1.698008675700687,0.529456197240465
3967226370,-0.6000000000000001,4,0.9,4.0,150,5,moderate,1.0,1.3325208955824996,0.2870725584227139
3391484007,0.4,4,0.9,4.0,150,5,moderate,1.0,1.0514988060838162,0.050216580718999135
204928375,-1.0,4,0.9,4.0,150,5,moderate,1.0,1.8203254293269902,0.599015292427102
1991648905,-0.1999999999999999,4,0.9,4.0,150,5,moderate,1.0,2.0947171374581752,0.7394185263386358
3417289792,0.0,4,0.9,4.0,150,5,moderate,1.0,1.424327836222186,0.3537000085588928
4096753426,1.0,4,0.9,4.0,150,5,moderate,1.0,1.8158581020603939,0.5965581394942561
2982940363,0.8,4,0.9,4.0,150,5,moderate,1.0,1.1184603637305468,0.11195306433359507
1474873349,-0.3999999999999999,4,0.9,4.0,150,5,moderate,1.0,1.8139286070732814,0.5954949942885083
1779598912,0.0,4,0.9,4.0,150,5,moderate,1.0,1.551064828542202,0.43894168122044386
2401722956,0.1999999999999999,4,0.9,4.0,150,5,moderate,1.0,1.3984078118635888,0.335334312190422
3038743441,1.0,4,0.9,4.0,150,5,moderate,1.0,1.416028262092661,0.3478559541773343
3144705506,-0.3999999999999999,4,0.9,4.0,150,5,moderate,1.0,1.771593777738052,0.5718795808334024
3311101896,1.0,4,0.9,4.0,150,5,moderate,1.0,1.1652124308663148,0.15290341448625805
3119565356,0.4,4,0.9,4.0,150,5,moderate,1.0,1.271672689421137,0.24033311216808112
3850857419,0.4,4,0.9,4.0,150,5,moderate,1.0,1.519779875588432,0.4185655056791247
3193951992,-0.3999999999999999,4,0.9,4.0,150,5,moderate,1.0,1.7357138998391928,0.5514187984163511
1422691570,-0.8,4,0.9,4.0,150,5,moderate,1.0,2.3896855303070588,0.8711617800089887
4138165691,0.1999999999999999,4,0.9,4.0,150,5,moderate,1.0,1.7451540203555387,0.5568428155734315
892602331,-0.8,4,0.9,4.0,150,5,moderate,1.0,1.1619664713079063,0.15011380371730434
954334893,-0.8,4,0.9,4.0,150,5,moderate,1.0,1.6921381307740029,0.5259928954251539
939099866,0.8,4,0.9,4.0,150,5,moderate,1.0,2.1290464809839715,0.7556742179811335
3058150530,0.8,4,0.9,4.0,150,5,moderate,1.0,1.5912493702188664,0.46451947511178354
3524308838,0.8,4,0.9,4.0,150,5,moderate,1.0,1.2204884266794285,0.19925112836382852
2009189957,1.0,4,0.9,4.0,150,5,moderate,1.0,1.6030890258775383,0.4719324091268001
3419087747,0.6,4,0.9,4.0,150,5,moderate,1.0,1.2867504759021495,0.2521200293988415
581667709,0.1999999999999999,4,0.9,4.0,150,5,moderate,1.0,1.7950746713410157,0.5850466207078793
889972229,0.4,4,0.9,4.0,150,5,moderate,1.0,1.2664194210523294,0.23619356510536482
2895889005,0.4,4,0.9,4.0,150,5,moderate,1.0,1.9409779480458833,0.6631919429919297
3914362497,-0.8,4,0.9,4.0,150,5,moderate,1.0,2.0819112924001995,0.733286362368746
3388143950,-0.8,4,0.9,4.0,150,5,moderate,1.0,1.4831018325407772,0.39413572738013153
3490290744,0.4,4,0.9,9.0,150,5,moderate,1.0,1.3365248799390235,0.2900728721654465
2645128180,0.4,4,0.9,9.0,150,5,moderate,1.0,1.2733425653078891,0.241645384165889
216989214,1.0,4,0.9,9.0,150,5,moderate,1.0,1.5931369874066057,0.46570502058073027
1673451559,0.8,4,0.9,9.0,150,5,moderate,1.0,1.3647811949786566,0.31099411906909796
161377857,0.8,4,0.9,9.0,150,5,moderate,1.0,1.6780386656455344,0.5176256504765168
1453609875,-0.3999999999999999,4,0.9,9.0,150,5,moderate,1.0,2.89121090876998,1.061675413942919
2928357641,0.8,4,0.9,9.0,150,5,moderate,1.0,1.600401074360691,0.4702542693083225
3979633139,0.4,4,0.9,9.0,150,5,moderate,1.0,1.935650130324749,0.6604432547154904
1473194134,0.8,4,0.9,9.0,150,5,moderate,1.0,1.2643232926894583,0.23453703255401426
2432847574,0.8,4,0.9,9.0,150,5,moderate,1.0,1.617563573273773,0.48092105003556607
3609041200,0.8,4,0.9,9.0,150,5,moderate,1.0,1.7396507529068208,0.553684376359923
3069824771,0.6,4,0.9,9.0,150,5,moderate,1.0,1.5894702528356168,0.46340078640002413
2768582861,0.1999999999999999,4,0.9,9.0,150,5,moderate,1.0,2.2293424582341936,0.8017066802133573
80853647,-0.3999999999999999,4,0.9,9.0,150,5,moderate,1.0,1.6875029652274303,0.5232499009348145
3199925704,-0.8,4,0.9,9.0,150,5,moderate,1.0,1.5306011648232578,0.42566057641734406
210017637,1.0,4,0.9,9.0,150,5,moderate,1.0,1.3371562763981384,0.29054517715166794
4062076909,0.8,4,0.9,9.0,150,5,moderate,1.0,2.034693627170824,0.7103452558016958
2713962138,-0.1999999999999999,4,0.9,9.0,150,5,moderate,1.0,1.7057196240614942,0.5339870885885384
2358680939,0.4,4,0.9,9.0,150,5,moderate,1.0,1.6342149075105963,0.49116251013381207
173823064,0.4,4,0.9,9.0,150,5,moderate,1.0,1.7511028717401678,0.5602458018579206
2934514214,-0.1999999999999999,4,0.9,9.0,150,5,moderate,1.0,1.4389405853237638,0.3639071381881688
4263260246,-0.6000000000000001,4,0.9,9.0,150,5,moderate,1.0,1.2778571007330586,0.24518453494074147
1952617991,-0.1999999999999999,4,0.9,9.0,150,5,moderate,1.0,2.285684065010611,0.8266653515392046
1681778428,0.4,4,0.9,9.0,150,5,moderate,1.0,1.509601319396953,0.4118455890761624
2535262996,-1.0,4,0.9,9.0,150,5,moderate,1.0,2.1040286910758192,0.7438539312253678
3400904051,0.1999999999999999,4,0.9,9.0,150,5,moderate,1.0,1.769333011967095,0.5706026461705773
2711290458,0.8,4,0.9,9.0,150,5,moderate,1.0,2.78989837664744,1.0260051710291966
3589050931,0.6,4,0.9,9.0,150,5,moderate,1.0,1.9599137945101448,0.6729004898823888
3440451330,0.8,4,0.9,9.0,150,5,moderate,1.0,1.412303371384303,0.34522196824878204
549048731,-0.1999999999999999,4,0.9,9.0,150,5,moderate,1.0,2.2338421657373995,0.8037230471830721
3697835151,0.8,4,0.9,19.0,150,5,moderate,1.0,1.6247070086509885,0.4853274971566522
3522156253,0.4,4,0.9,19.0,150,5,moderate,1.0,1.2335947799564213,0.20993249226513877
2912077821,1.0,4,0.9,19.0,150,5,moderate,1.0,1.6211136750584352,0.4831133667959847
2290226147,0.1999999999999999,4,0.9,19.0,150,5,moderate,1.0,1.5847531624492537,0.4604286617310255
2740571462,-0.6000000000000001,4,0.9,19.0,150,5,moderate,1.0,2.524583521043733,0.9260761069619711
707201347,0.4,4,0.9,19.0,150,5,moderate,1.0,1.4835225076761305,0.39441933264317075
258676952,0.8,4,0.9,19.0,150,5,moderate,1.0,1.456869667371062,0.37629007048102214
2911371955,1.0,4,0.9,19.0,150,5,moderate,1.0,2.168661393119357,0.7741101076798276
2012599014,1.0,4,0.9,19.0,150,5,moderate,1.0,1.5237366127502008,0.42116561604887637
1211662559,0.4,4,0.9,19.0,150,5,moderate,1.0,1.5299552847238744,0.42523850930659557
558802588,0.8,4,0.9,19.0,150,5,moderate,1.0,1.7929599281739594,0.5838678453347468
1979330703,0.4,4,0.9,19.0,150,5,moderate,1.0,1.5315812042117132,0.42630066855021453
1441262247,0.4,4,0.9,19.0,150,5,moderate,1.0,1.6174686085605805,0.4808623398231898
3206759669,0.4,4,0.9,19.0,150,5,moderate,1.0,1.3578221206249874,0.30588203427206456
209909472,1.0,4,0.9,19.0,150,5,moderate,1.0,1.6183104298783983,0.4813826604797056
2178761506,0.0,4,0.9,19.0,150,5,moderate,1.0,1.1070339523324981,0.10168432383656296
2108447150,0.8,4,0.9,19.0,150,5,moderate,1.0,1.2383025539132613,0.21374153367178966
2550205050,0.8,4,0.9,19.0,150,5,moderate,1.0,1.8834595744986664,0.6331102849510389
3153662537,0.0,4,0.9,19.0,150,5,moderate,1.0,1.4590661841371053,0.3777966311828735
879488950,-0.8,4,0.9,19.0,150,5,moderate,1.0,1.5187802314927525,0.41790753341824083
1450485927,-0.3999999999999999,4,0.9,19.0,150,5,moderate,1.0,1.4848708635051984,0.3953278078708105
1506185962,0.8,4,0.9,19.0,150,5,moderate,1.0,1.7242042738094674,0.5447656535108727
2166609832,0.8,4,0.9,19.0,150,5,moderate,1.0,1.4208125024992235,0.35122889283643804
423856986,0.0,4,0.9,19.0,150,5,moderate,1.0,1.3166305643096987,0.2750758703573779
4041646967,0.8,4,0.9,19.0,150,5,moderate,1.0,1.5998567846711533,0.46991411565898483
3169324840,0.8,4,0.9,19.0,150,5,moderate,1.0,1.4023205238078043,0.3381283814615244
4088703909,0.4,4,0.9,19.0,150,5,moderate,1.0,2.0984909827214597,0.7412185067708204
468014113,0.1999999999999999,4,0.9,19.0,150,5,moderate,1.0,1.4722345860423909,0.38678137312727795
2005644428,0.1999999999999999,4,0.9,19.0,150,5,moderate,1.0,1.986782896780803,0.6865166957888008
198304458,-0.3999999999999999,4,0.9,19.0,150,5,moderate,1.0,1.4368202156436878,0.36243248837472974
1816684105,0.4,4,0.9,49.0,150,5,moderate,1.0,2.7040009639563936,0.9947325146734032
1202986179,-0.6000000000000001,4,0.9,49.0,150,5,moderate,1.0,1.4745320372966069,0.38834067660351984
2113893674,0.0,4,0.9,49.0,150,5,moderate,1.0,1.0415467337057034,0.040706852249113495
2908393429,0.4,4,0.9,49.0,150,5,moderate,1.0,1.1744063530602977,0.16076278848567024
1509984359,-1.0,4,0.9,49.0,150,5,moderate,1.0,2.0760479405938357,0.7304660578086054
4261849475,0.8,4,0.9,49.0,150,5,moderate,1.0,2.3837021553217617,0.8686548065498407
67583155,0.6,4,0.9,49.0,150,5,moderate,1.0,1.9748314789384436,0.680483067592744
2152278142,0.0,4,0.9,49.0,150,5,moderate,1.0,1.376886238357776,0.3198246007619685
3016923092,-0.8,4,0.9,49.0,150,5,moderate,1.0,1.4187565292855098,0.3497808043765523
3159778105,-0.1999999999999999,4,0.9,49.0,150,5,moderate,1.0,1.630290243208874,0.48875806228560753
545419164,-0.3999999999999999,4,0.9,49.0,150,5,moderate,1.0,1.4723259112113638,0.38684340287269314
487889500,0.1999999999999999,4,0.9,49.0,150,5,moderate,1.0,1.3279937647137625,0.28366935579755864
2131846761,0.1999999999999999,4,0.9,49.0,150,5,moderate,1.0,1.4675536244302574,0.3835968134019044
4024949223,0.4,4,0.9,49.0,150,5,moderate,1.0,1.5080398527090273,0.4108106967624436
3529559310,-0.8,4,0.9,49.0,150,5,moderate,1.0,2.153830926365284,0.767248082786843
3166524741,0.6,4,0.9,49.0,150,5,moderate,1.0,1.588887948412857,0.46303436802147496
2038280318,-0.3999999999999999,4,0.9,49.0,150,5,moderate,1.0,1.8100195203230305,0.5933376299284364
1178423705,0.1999999999999999,4,0.9,49.0,150,5,moderate,1.0,1.3256007250261606,0.28186573407194987
188313320,0.8,4,0.9,49.0,150,5,moderate,1.0,1.3532757902888164,0.30252816455053005
3700602146,0.8,4,0.9,49.0,150,5,moderate,1.0,1.8917984043553904,0.6375279133434588
1099612007,-0.8,4,0.9,49.0,150,5,moderate,1.0,1.5338775947915197,0.42779890497088646
3014420087,-0.8,4,0.9,49.0,150,5,moderate,1.0,1.0889971202708983,0.08525719956798668
1930927605,-0.1999999999999999,4,0.9,49.0,150,5,moderate,1.0,1.5312428228996475,0.4260797082139712
2627987777,0.4,4,0.9,49.0,150,5,moderate,1.0,1.5974890625902838,0.4684330606672628
1695848532,-0.8,4,0.9,49.0,150,5,moderate,1.0,1.7610449305067677,0.5659073433889098
1497660476,0.0,4,0.9,49.0,150,5,moderate,1.0,1.8541758847511298,0.6174403303630619
2608466750,0.1999999999999999,4,0.9,49.0,150,5,moderate,1.0,1.4287282115740139,0.35678468601865976
562798375,1.0,4,0.9,49.0,150,5,moderate,1.0,1.698799627120969,0.5299218999614105
1139031463,-1.0,4,0.9,49.0,150,5,moderate,1.0,1.3376541340285508,0.2909174335435385
3512376073,-0.3999999999999999,4,0.9,49.0,150,5,moderate,1.0,2.1112975775394753,0.747302724132601
