n_firms,shared_factor_correlation,cb_over_ch,n_periods,n_features,seed,local_seed_idx,master_seed,firm,metric,value
3,0.6,9.0,100,4,3757552657,0,0,firm_0,phi_operational,14.479629015221576
3,0.6,9.0,100,4,3757552657,0,0,firm_0,phi_accuracy,0.015809637289101064
3,0.6,9.0,100,4,3757552657,0,0,firm_0,ir_operational,1.0
3,0.6,9.0,100,4,3757552657,0,0,firm_0,ir_accuracy,1.0
3,0.6,9.0,100,4,3757552657,0,0,firm_1,phi_operational,15.812136671072153
3,0.6,9.0,100,4,3757552657,0,0,firm_1,phi_accuracy,0.06588328799286497
3,0.6,9.0,100,4,3757552657,0,0,firm_1,ir_operational,1.0
3,0.6,9.0,100,4,3757552657,0,0,firm_1,ir_accuracy,1.0
3,0.6,9.0,100,4,3757552657,0,0,firm_2,phi_operational,14.195969264702512
3,0.6,9.0,100,4,3757552657,0,0,firm_2,phi_accuracy,0.01531185985150163
3,0.6,9.0,100,4,3757552657,0,0,firm_2,ir_operational,1.0
3,0.6,9.0,100,4,3757552657,0,0,firm_2,ir_accuracy,1.0
3,0.6,9.0,100,4,3757552657,0,0,_summary,v_op_N,44.48773495099624
3,0.6,9.0,100,4,3757552657,0,0,_summary,v_acc_N,0.09700478513346766
3,0.6,9.0,100,4,3757552657,0,0,_summary,spearman_rho,1.0
3,0.6,9.0,100,4,3757552657,0,0,_summary,payment_displacement,0.21583251571970197
3,0.6,9.0,100,4,3757552657,0,0,_summary,any_rank_reversal,0.0
3,0.6,9.0,100,4,3757552657,0,0,_summary,efficiency_gap_op,0.0
3,0.6,9.0,100,4,673228719,1,0,firm_0,phi_operational,10.023688199608785
3,0.6,9.0,100,4,673228719,1,0,firm_0,phi_accuracy,0.03849716836196596
3,0.6,9.0,100,4,673228719,1,0,firm_0,ir_operational,1.0
3,0.6,9.0,100,4,673228719,1,0,firm_0,ir_accuracy,1.0
3,0.6,9.0,100,4,673228719,1,0,firm_1,phi_operational,11.20914179995765
3,0.6,9.0,100,4,673228719,1,0,firm_1,phi_accuracy,0.05123577660745197
3,0.6,9.0,100,4,673228719,1,0,firm_1,ir_operational,1.0
3,0.6,9.0,100,4,673228719,1,0,firm_1,ir_accuracy,1.0
3,0.6,9.0,100,4,673228719,1,0,firm_2,phi_operational,11.28984977941866
3,0.6,9.0,100,4,673228719,1,0,firm_2,phi_accuracy,0.03048512066927559
3,0.6,9.0,100,4,673228719,1,0,firm_2,ir_operational,1.0
3,0.6,9.0,100,4,673228719,1,0,firm_2,ir_accuracy,1.0
3,0.6,9.0,100,4,673228719,1,0,_summary,v_op_N,32.52267977898509
3,0.6,9.0,100,4,673228719,1,0,_summary,v_acc_N,0.12021806563869353
3,0.6,9.0,100,4,673228719,1,0,_summary,spearman_rho,-0.5
3,0.6,9.0,100,4,673228719,1,0,_summary,payment_displacement,0.06237059133641363
3,0.6,9.0,100,4,673228719,1,0,_summary,any_rank_reversal,1.0
3,0.6,9.0,100,4,673228719,1,0,_summary,efficiency_gap_op,0.0
3,0.6,9.0,100,4,3241444873,2,0,firm_0,phi_operational,7.443609076818081
3,0.6,9.0,100,4,3241444873,2,0,firm_0,phi_accuracy,0.0271302731575902
3,0.6,9.0,100,4,3241444873,2,0,firm_0,ir_operational,1.0
3,0.6,9.0,100,4,3241444873,2,0,firm_0,ir_accuracy,1.0
3,0.6,9.0,100,4,3241444873,2,0,firm_1,phi_operational,8.762221877914971
3,0.6,9.0,100,4,3241444873,2,0,firm_1,phi_accuracy,0.05118713801202157
3,0.6,9.0,100,4,3241444873,2,0,firm_1,ir_operational,1.0
3,0.6,9.0,100,4,3241444873,2,0,firm_1,ir_accuracy,1.0
3,0.6,9.0,100,4,3241444873,2,0,firm_2,phi_operational,21.385540872188717
3,0.6,9.0,100,4,3241444873,2,0,firm_2,phi_accuracy,0.0917049860926934
3,0.6,9.0,100,4,3241444873,2,0,firm_2,ir_operational,1.0
3,0.6,9.0,100,4,3241444873,2,0,firm_2,ir_accuracy,1.0
3,0.6,9.0,100,4,3241444873,2,0,_summary,v_op_N,37.59137182692177
3,0.6,9.0,100,4,3241444873,2,0,_summary,v_acc_N,0.17002239726230517
3,0.6,9.0,100,4,3241444873,2,0,_summary,spearman_rho,1.0
3,0.6,9.0,100,4,3241444873,2,0,_summary,payment_displacement,0.04531322897414943
3,0.6,9.0,100,4,3241444873,2,0,_summary,any_rank_reversal,0.0
3,0.6,9.0,100,4,3241444873,2,0,_summary,efficiency_gap_op,0.0
3,0.6,9.0,100,4,3685993406,3,0,firm_0,phi_operational,13.876886686517935
3,0.6,9.0,100,4,3685993406,3,0,firm_0,phi_accuracy,0.020029011042325573
3,0.6,9.0,100,4,3685993406,3,0,firm_0,ir_operational,1.0
3,0.6,9.0,100,4,3685993406,3,0,firm_0,ir_accuracy,1.0
3,0.6,9.0,100,4,3685993406,3,0,firm_1,phi_operational,17.438482769785878
3,0.6,9.0,100,4,3685993406,3,0,firm_1,phi_accuracy,0.05097436992389315
3,0.6,9.0,100,4,3685993406,3,0,firm_1,ir_operational,1.0
3,0.6,9.0,100,4,3685993406,3,0,firm_1,ir_accuracy,1.0
3,0.6,9.0,100,4,3685993406,3,0,firm_2,phi_operational,12.188056136196394
3,0.6,9.0,100,4,3685993406,3,0,firm_2,phi_accuracy,0.029568835496379675
3,0.6,9.0,100,4,3685993406,3,0,firm_2,ir_operational,1.0
3,0.6,9.0,100,4,3685993406,3,0,firm_2,ir_accuracy,1.0
3,0.6,9.0,100,4,3685993406,3,0,_summary,v_op_N,43.50342559250021
3,0.6,9.0,100,4,3685993406,3,0,_summary,v_acc_N,0.1005722164625984
3,0.6,9.0,100,4,3685993406,3,0,_summary,spearman_rho,0.5
3,0.6,9.0,100,4,3685993406,3,0,_summary,payment_displacement,0.07988882090048348
3,0.6,9.0,100,4,3685993406,3,0,_summary,any_rank_reversal,1.0
3,0.6,9.0,100,4,3685993406,3,0,_summary,efficiency_gap_op,0.0
3,0.6,9.0,100,4,1216546553,4,0,firm_0,phi_operational,12.154064455104825
3,0.6,9.0,100,4,1216546553,4,0,firm_0,phi_accuracy,0.023928717392070697
3,0.6,9.0,100,4,1216546553,4,0,firm_0,ir_operational,1.0
3,0.6,9.0,100,4,1216546553,4,0,firm_0,ir_accuracy,1.0
3,0.6,9.0,100,4,1216546553,4,0,firm_1,phi_operational,12.486466340065514
3,0.6,9.0,100,4,1216546553,4,0,firm_1,phi_accuracy,0.04607576134435121
3,0.6,9.0,100,4,1216546553,4,0,firm_1,ir_operational,1.0
3,0.6,9.0,100,4,1216546553,4,0,firm_1,ir_accuracy,1.0
3,0.6,9.0,100,4,1216546553,4,0,firm_2,phi_operational,11.47168573820566
3,0.6,9.0,100,4,1216546553,4,0,firm_2,phi_accuracy,0.0347917648942081
3,0.6,9.0,100,4,1216546553,4,0,firm_2,ir_operational,1.0
3,0.6,9.0,100,4,1216546553,4,0,firm_2,ir_accuracy,1.0
3,0.6,9.0,100,4,1216546553,4,0,_summary,v_op_N,36.112216533376
3,0.6,9.0,100,4,1216546553,4,0,_summary,v_acc_N,0.10479624363063
3,0.6,9.0,100,4,1216546553,4,0,_summary,spearman_rho,0.5
3,0.6,9.0,100,4,1216546553,4,0,_summary,payment_displacement,0.07215209966475362
3,0.6,9.0,100,4,1216546553,4,0,_summary,any_rank_reversal,1.0
3,0.6,9.0,100,4,1216546553,4,0,_summary,efficiency_gap_op,0.0
