cell,channel,kappa_eff,seed,spearman_rho,displacement,rank_reversal,v_op_N,eff_gap_op
cost_k1,cost,1.0,737920414,1.0,0.0,0.0,0.19431325232802174,2.7755575615628914e-17
cost_k1,cost,1.0,347795941,1.0,0.0,0.0,-0.0008311813209155895,1.734723475976807e-18
cost_k1,cost,1.0,1237264847,1.0,0.0,0.0,0.32849726243790556,0.0
cost_k1,cost,1.0,1381950912,1.0,0.0,0.0,0.3624181249707915,0.0
cost_k1,cost,1.0,522391825,1.0,0.0,0.0,0.23017613290002695,2.7755575615628914e-17
cost_k1,cost,1.0,1947842845,1.0,0.0,0.0,0.188065515796278,0.0
cost_k1,cost,1.0,1100027996,1.0,0.0,0.0,0.32476562959547384,0.0
cost_k1,cost,1.0,1824186758,1.0,0.0,0.0,-0.02381209423540155,6.938893903907228e-18
cost_k1,cost,1.0,779812376,1.0,0.0,0.0,0.2426620784918229,2.7755575615628914e-17
cost_k1,cost,1.0,1071592025,1.0,0.0,0.0,0.12079433045942531,0.0
cost_k1,cost,1.0,940982480,1.0,0.0,0.0,-0.008303741192196462,1.734723475976807e-18
cost_k1,cost,1.0,2112564304,1.0,0.0,0.0,0.17489786901145124,0.0
cost_k1,cost,1.0,628345251,1.0,0.0,0.0,0.06306951919461283,0.0
cost_k1,cost,1.0,1535084896,1.0,0.0,0.0,0.09095684768121359,0.0
cost_k1,cost,1.0,1695629020,1.0,0.0,0.0,0.0060424180717650565,2.6020852139652106e-18
cost_k1,cost,1.0,1325493252,1.0,0.0,0.0,-0.006088810167194595,2.6020852139652106e-18
cost_k1,cost,1.0,735937165,1.0,0.0,0.0,0.10769061022145499,0.0
cost_k1,cost,1.0,741817580,1.0,0.0,0.0,0.05574925316123717,6.938893903907228e-18
cost_k1,cost,1.0,1575893166,1.0,0.0,0.0,0.1401317045185936,0.0
cost_k1,cost,1.0,881711363,1.0,0.0,0.0,0.09156599542465016,0.0
cost_k1,cost,1.0,1982730171,1.0,0.0,0.0,-0.0023993964248393606,8.673617379884035e-19
cost_k1,cost,1.0,1278098936,1.0,0.0,0.0,0.10579388046897684,1.3877787807814457e-17
cost_k1,cost,1.0,753834371,1.0,0.0,0.0,0.0614446470812769,6.938893903907228e-18
cost_k1,cost,1.0,678482870,1.0,0.0,0.0,0.16765271901674764,0.0
cost_k1,cost,1.0,557372266,1.0,0.0,0.0,0.033742486965470615,0.0
cost_k2,cost,2.6,737920414,1.0,0.0,0.0,0.24623765048032095,2.7755575615628914e-17
cost_k2,cost,2.6,347795941,0.8,0.16666666666666666,1.0,-0.017272906589265235,0.0
cost_k2,cost,2.6,1237264847,1.0,0.0,0.0,0.3346934513696408,0.0
cost_k2,cost,2.6,1381950912,0.8,0.16666666666666666,1.0,0.3221025362867439,0.0
cost_k2,cost,2.6,522391825,1.0,0.0,0.0,0.2196501827142905,0.0
cost_k2,cost,2.6,1947842845,1.0,0.0,0.0,0.1986661467624944,0.0
cost_k2,cost,2.6,1100027996,1.0,0.0,0.0,0.26346030370236373,0.0
cost_k2,cost,2.6,1824186758,0.8,0.16666666666666666,0.0,-0.08216164358698473,0.0
cost_k2,cost,2.6,779812376,1.0,0.0,0.0,0.15357008324419105,2.7755575615628914e-17
cost_k2,cost,2.6,1071592025,0.4,0.3333333333333333,0.0,0.03800591405991693,6.938893903907228e-18
cost_k2,cost,2.6,940982480,1.0,0.0,0.0,0.0033332505317475157,0.0
cost_k2,cost,2.6,2112564304,1.0,0.0,0.0,0.1632493356196449,0.0
cost_k2,cost,2.6,628345251,0.8,0.16666666666666666,0.0,0.058587013997176654,0.0
cost_k2,cost,2.6,1535084896,1.0,0.0,0.0,0.11421162703569412,0.0
cost_k2,cost,2.6,1695629020,1.0,0.0,0.0,0.044236040630422684,6.938893903907228e-18
cost_k2,cost,2.6,1325493252,0.8,0.16666666666666666,0.0,-0.022503249828402738,3.469446951953614e-18
cost_k2,cost,2.6,735937165,1.0,0.0,0.0,0.10579198298557436,0.0
cost_k2,cost,2.6,741817580,0.8,0.16666666666666666,1.0,0.030639842510028163,6.938893903907228e-18
cost_k2,cost,2.6,1575893166,1.0,0.0,0.0,0.13463850817682896,0.0
cost_k2,cost,2.6,881711363,0.8,0.16666666666666666,1.0,0.11036671257198429,0.0
cost_k2,cost,2.6,1982730171,0.8,0.16666666666666666,0.0,-0.008156431948798216,0.0
cost_k2,cost,2.6,1278098936,1.0,0.0,0.0,0.07169547273222453,1.3877787807814457e-17
cost_k2,cost,2.6,753834371,1.0,0.0,0.0,0.11782040471209329,0.0
cost_k2,cost,2.6,678482870,1.0,0.0,0.0,0.09220107149118008,1.3877787807814457e-17
cost_k2,cost,2.6,557372266,1.0,0.0,0.0,0.029629634400435215,0.0
cost_k5,cost,8.666666666666666,737920414,1.0,0.0,0.0,0.44733127135285705,0.0
cost_k5,cost,8.666666666666666,347795941,0.4,0.3333333333333333,1.0,-0.0596945284108523,0.0
cost_k5,cost,8.666666666666666,1237264847,1.0,0.0,0.0,0.45554752359825784,5.551115123125783e-17
cost_k5,cost,8.666666666666666,1381950912,0.6,0.3333333333333333,1.0,0.47252290909769,0.0
cost_k5,cost,8.666666666666666,522391825,1.0,0.0,0.0,0.3119556038618139,5.551115123125783e-17
cost_k5,cost,8.666666666666666,1947842845,1.0,0.0,0.0,0.33821561197625294,0.0
cost_k5,cost,8.666666666666666,1100027996,0.8,0.16666666666666666,0.0,0.3038924615290237,0.0
cost_k5,cost,8.666666666666666,1824186758,0.8,0.16666666666666666,0.0,-0.20692229386644845,0.0
cost_k5,cost,8.666666666666666,779812376,-0.3999999999999999,0.5,1.0,0.14972919951722055,0.0
cost_k5,cost,8.666666666666666,1071592025,0.0,0.5,1.0,-0.04763315054201055,6.938893903907228e-18
cost_k5,cost,8.666666666666666,940982480,1.0,0.0,0.0,0.03652103394731862,0.0
cost_k5,cost,8.666666666666666,2112564304,0.6,0.3333333333333333,1.0,0.22661728002431117,2.7755575615628914e-17
cost_k5,cost,8.666666666666666,628345251,1.0,0.0,0.0,0.0867367712954482,1.3877787807814457e-17
cost_k5,cost,8.666666666666666,1535084896,1.0,0.0,0.0,0.2148278542382283,2.7755575615628914e-17
cost_k5,cost,8.666666666666666,1695629020,1.0,0.0,0.0,0.10531345596565134,0.0
cost_k5,cost,8.666666666666666,1325493252,-0.3999999999999999,0.5,1.0,-0.01820338206893414,0.0
cost_k5,cost,8.666666666666666,735937165,0.19999999999999996,0.3333333333333333,1.0,0.1586296503631045,0.0
cost_k5,cost,8.666666666666666,741817580,0.8,0.16666666666666666,1.0,0.01454631181563646,6.938893903907228e-18
cost_k5,cost,8.666666666666666,1575893166,1.0,0.0,0.0,0.20490407417099546,2.7755575615628914e-17
cost_k5,cost,8.666666666666666,881711363,0.6,0.3333333333333333,1.0,0.1787180838579059,0.0
cost_k5,cost,8.666666666666666,1982730171,0.4,0.3333333333333333,0.0,-0.011975233831288986,1.734723475976807e-18
cost_k5,cost,8.666666666666666,1278098936,1.0,0.0,0.0,0.006405074350271009,1.5612511283791264e-17
cost_k5,cost,8.666666666666666,753834371,0.8,0.16666666666666666,0.0,0.2527981080047836,0.0
cost_k5,cost,8.666666666666666,678482870,1.0,0.0,0.0,0.031626702414231954,6.938893903907228e-18
cost_k5,cost,8.666666666666666,557372266,1.0,0.0,0.0,0.05080642788486048,0.0
cost_k10,cost,20.5,737920414,1.0,0.0,0.0,0.6717296009177885,1.1102230246251565e-16
cost_k10,cost,20.5,347795941,0.4,0.3333333333333333,1.0,-0.1037219653677221,0.0
cost_k10,cost,20.5,1237264847,1.0,0.0,0.0,0.5827593453648093,0.0
cost_k10,cost,20.5,1381950912,0.6,0.3333333333333333,1.0,0.6684988981004061,0.0
cost_k10,cost,20.5,522391825,0.8,0.16666666666666666,0.0,0.42158212509173576,5.551115123125783e-17
cost_k10,cost,20.5,1947842845,1.0,0.0,0.0,0.5055177251252183,0.0
cost_k10,cost,20.5,1100027996,-0.3999999999999999,0.5,1.0,0.37267169774301717,0.0
cost_k10,cost,20.5,1824186758,0.8,0.16666666666666666,0.0,-0.33916664945670566,0.0
cost_k10,cost,20.5,779812376,-0.3999999999999999,0.5,1.0,0.17222218816423826,2.7755575615628914e-17
cost_k10,cost,20.5,1071592025,0.0,0.5,1.0,-0.12685329627175457,0.0
cost_k10,cost,20.5,940982480,1.0,0.0,0.0,0.07572018889846187,0.0
cost_k10,cost,20.5,2112564304,0.6,0.3333333333333333,1.0,0.30479095784504423,0.0
cost_k10,cost,20.5,628345251,1.0,0.0,0.0,0.12013202287196448,0.0
cost_k10,cost,20.5,1535084896,1.0,0.0,0.0,0.3321420293471245,0.0
cost_k10,cost,20.5,1695629020,0.8,0.16666666666666666,0.0,0.16868670892590257,0.0
cost_k10,cost,20.5,1325493252,-0.3999999999999999,0.5,1.0,-0.004180434283192929,0.0
cost_k10,cost,20.5,735937165,0.19999999999999996,0.3333333333333333,1.0,0.2218328814682835,0.0
cost_k10,cost,20.5,741817580,0.8,0.16666666666666666,1.0,0.00032781019300383903,8.673617379884035e-19
cost_k10,cost,20.5,1575893166,0.8,0.16666666666666666,1.0,0.2943636222713867,0.0
cost_k10,cost,20.5,881711363,0.0,0.5,1.0,0.25691448285291546,0.0
cost_k10,cost,20.5,1982730171,0.4,0.3333333333333333,0.0,-0.013252033591145513,0.0
cost_k10,cost,20.5,1278098936,1.0,0.0,0.0,-0.0727159743293373,2.7755575615628914e-17
cost_k10,cost,20.5,753834371,0.8,0.16666666666666666,0.0,0.3954922404930854,0.0
cost_k10,cost,20.5,678482870,1.0,0.0,0.0,-0.018621651572664016,6.938893903907228e-18
cost_k10,cost,20.5,557372266,1.0,0.0,0.0,0.08048347346015759,0.0
lead_k1,lead,1.0,737920414,1.0,0.0,0.0,0.19431325232802174,2.7755575615628914e-17
lead_k1,lead,1.0,347795941,1.0,0.0,0.0,-0.0008311813209155895,1.734723475976807e-18
lead_k1,lead,1.0,1237264847,1.0,0.0,0.0,0.32849726243790556,0.0
lead_k1,lead,1.0,1381950912,1.0,0.0,0.0,0.3624181249707915,0.0
lead_k1,lead,1.0,522391825,1.0,0.0,0.0,0.23017613290002695,2.7755575615628914e-17
lead_k1,lead,1.0,1947842845,1.0,0.0,0.0,0.188065515796278,0.0
lead_k1,lead,1.0,1100027996,1.0,0.0,0.0,0.32476562959547384,0.0
lead_k1,lead,1.0,1824186758,1.0,0.0,0.0,-0.02381209423540155,6.938893903907228e-18
lead_k1,lead,1.0,779812376,1.0,0.0,0.0,0.2426620784918229,2.7755575615628914e-17
lead_k1,lead,1.0,1071592025,1.0,0.0,0.0,0.12079433045942531,0.0
lead_k1,lead,1.0,940982480,1.0,0.0,0.0,-0.008303741192196462,1.734723475976807e-18
lead_k1,lead,1.0,2112564304,1.0,0.0,0.0,0.17489786901145124,0.0
lead_k1,lead,1.0,628345251,1.0,0.0,0.0,0.06306951919461283,0.0
lead_k1,lead,1.0,1535084896,1.0,0.0,0.0,0.09095684768121359,0.0
lead_k1,lead,1.0,1695629020,1.0,0.0,0.0,0.0060424180717650565,2.6020852139652106e-18
lead_k1,lead,1.0,1325493252,1.0,0.0,0.0,-0.006088810167194595,2.6020852139652106e-18
lead_k1,lead,1.0,735937165,1.0,0.0,0.0,0.10769061022145499,0.0
lead_k1,lead,1.0,741817580,1.0,0.0,0.0,0.05574925316123717,6.938893903907228e-18
lead_k1,lead,1.0,1575893166,1.0,0.0,0.0,0.1401317045185936,0.0
lead_k1,lead,1.0,881711363,1.0,0.0,0.0,0.09156599542465016,0.0
lead_k1,lead,1.0,1982730171,1.0,0.0,0.0,-0.0023993964248393606,8.673617379884035e-19
lead_k1,lead,1.0,1278098936,1.0,0.0,0.0,0.10579388046897684,1.3877787807814457e-17
lead_k1,lead,1.0,753834371,1.0,0.0,0.0,0.0614446470812769,6.938893903907228e-18
lead_k1,lead,1.0,678482870,1.0,0.0,0.0,0.16765271901674764,0.0
lead_k1,lead,1.0,557372266,1.0,0.0,0.0,0.033742486965470615,0.0
lead_k2,lead,1.414213562373095,737920414,1.0,0.0,0.0,0.26848292682171426,0.0
lead_k2,lead,1.414213562373095,347795941,1.0,0.0,0.0,-0.015378375113369824,1.734723475976807e-18
lead_k2,lead,1.414213562373095,1237264847,1.0,0.0,0.0,0.4046500958177486,0.0
lead_k2,lead,1.414213562373095,1381950912,0.8,0.16666666666666666,1.0,0.4246648556476618,0.0
lead_k2,lead,1.414213562373095,522391825,1.0,0.0,0.0,0.2769705413568365,0.0
lead_k2,lead,1.414213562373095,1947842845,1.0,0.0,0.0,0.23763501813209903,0.0
lead_k2,lead,1.414213562373095,1100027996,1.0,0.0,0.0,0.35511920205906666,0.0
lead_k2,lead,1.414213562373095,1824186758,1.0,0.0,0.0,-0.06305957893057966,1.3877787807814457e-17
lead_k2,lead,1.414213562373095,779812376,1.0,0.0,0.0,0.2539848907052439,0.0
lead_k2,lead,1.414213562373095,1071592025,0.8,0.16666666666666666,0.0,0.10301839010327157,1.3877787807814457e-17
lead_k2,lead,1.414213562373095,940982480,1.0,0.0,0.0,-0.0024342121084528334,2.168404344971009e-18
lead_k2,lead,1.414213562373095,2112564304,1.0,0.0,0.0,0.2063640874042036,0.0
lead_k2,lead,1.414213562373095,628345251,1.0,0.0,0.0,0.0770907083936228,0.0
lead_k2,lead,1.414213562373095,1535084896,1.0,0.0,0.0,0.12283271514659616,1.3877787807814457e-17
lead_k2,lead,1.414213562373095,1695629020,1.0,0.0,0.0,0.02396876682094315,3.469446951953614e-18
lead_k2,lead,1.414213562373095,1325493252,1.0,0.0,0.0,-0.011020275286772904,3.469446951953614e-18
lead_k2,lead,1.414213562373095,735937165,1.0,0.0,0.0,0.13102901188487986,0.0
lead_k2,lead,1.414213562373095,741817580,1.0,0.0,0.0,0.056692406244917865,6.938893903907228e-18
lead_k2,lead,1.414213562373095,1575893166,1.0,0.0,0.0,0.16585893276185978,0.0
lead_k2,lead,1.414213562373095,881711363,1.0,0.0,0.0,0.11656811876627923,1.3877787807814457e-17
lead_k2,lead,1.414213562373095,1982730171,1.0,0.0,0.0,-0.00574817442792812,1.734723475976807e-18
lead_k2,lead,1.414213562373095,1278098936,1.0,0.0,0.0,0.10643455096079894,0.0
lead_k2,lead,1.414213562373095,753834371,1.0,0.0,0.0,0.10886157465188342,0.0
lead_k2,lead,1.414213562373095,678482870,1.0,0.0,0.0,0.15972352935800016,0.0
lead_k2,lead,1.414213562373095,557372266,1.0,0.0,0.0,0.03848525510583577,6.938893903907228e-18
lead_k5,lead,2.121320343559643,737920414,1.0,0.0,0.0,0.3924311177624601,5.551115123125783e-17
lead_k5,lead,2.121320343559643,347795941,0.8,0.16666666666666666,1.0,-0.026275622832418875,3.469446951953614e-18
lead_k5,lead,2.121320343559643,1237264847,1.0,0.0,0.0,0.5314192895776491,0.0
lead_k5,lead,2.121320343559643,1381950912,0.8,0.16666666666666666,1.0,0.5504017110127625,0.0
lead_k5,lead,2.121320343559643,522391825,1.0,0.0,0.0,0.3616269751945065,0.0
lead_k5,lead,2.121320343559643,1947842845,1.0,0.0,0.0,0.33026734221739423,0.0
lead_k5,lead,2.121320343559643,1100027996,1.0,0.0,0.0,0.447113406829988,0.0
lead_k5,lead,2.121320343559643,1824186758,1.0,0.0,0.0,-0.1209539704328285,1.3877787807814457e-17
lead_k5,lead,2.121320343559643,779812376,1.0,0.0,0.0,0.28453015860324415,0.0
lead_k5,lead,2.121320343559643,1071592025,0.4,0.3333333333333333,0.0,0.08519142586263222,1.3877787807814457e-17
lead_k5,lead,2.121320343559643,940982480,1.0,0.0,0.0,0.006822634058569363,8.673617379884035e-19
lead_k5,lead,2.121320343559643,2112564304,1.0,0.0,0.0,0.2702116842834625,5.551115123125783e-17
lead_k5,lead,2.121320343559643,628345251,1.0,0.0,0.0,0.09807333448653562,1.3877787807814457e-17
lead_k5,lead,2.121320343559643,1535084896,1.0,0.0,0.0,0.1852430217017651,0.0
lead_k5,lead,2.121320343559643,1695629020,1.0,0.0,0.0,0.060246777929348974,6.938893903907228e-18
lead_k5,lead,2.121320343559643,1325493252,0.8,0.16666666666666666,0.0,-0.023030957985006036,0.0
lead_k5,lead,2.121320343559643,735937165,1.0,0.0,0.0,0.1746244711549358,0.0
lead_k5,lead,2.121320343559643,741817580,1.0,0.0,0.0,0.05678207550370594,0.0
lead_k5,lead,2.121320343559643,1575893166,1.0,0.0,0.0,0.22582639532916868,2.7755575615628914e-17
lead_k5,lead,2.121320343559643,881711363,1.0,0.0,0.0,0.17404702018998192,0.0
lead_k5,lead,2.121320343559643,1982730171,1.0,0.0,0.0,-0.009655177750636176,3.469446951953614e-18
lead_k5,lead,2.121320343559643,1278098936,1.0,0.0,0.0,0.11112092316757345,1.3877787807814457e-17
lead_k5,lead,2.121320343559643,753834371,1.0,0.0,0.0,0.17828217256994072,0.0
lead_k5,lead,2.121320343559643,678482870,1.0,0.0,0.0,0.16983405015936312,2.7755575615628914e-17
lead_k5,lead,2.121320343559643,557372266,1.0,0.0,0.0,0.05324109041113449,0.0
