seed,spearman_resid_vs_path,v_resid_N,v_path_N
2029167940,0.4,0.11744931048289797,133.36281900581366
1342382291,0.4,0.05836837261921224,2.581629348305569
1469265225,-0.19999999999999996,0.05197861390623504,47.75876860099788
1926751965,0.0,0.07301720806707135,-31.533587101102967
1241873584,0.0,0.08250538216842596,-160.07951511353986
1665772334,0.4,0.2018171741231347,248.34177782881352
1790251936,1.0,0.030600230906623893,-7.242424540906541
483628757,1.0,0.036039717148388606,236.95177475398373
119253154,0.8,0.08500624307438676,268.2368297226037
644602188,1.0,0.20237072363008934,159.93410322918044
612176793,0.8,0.02292025050916524,68.5586264580104
1875941738,0.4,0.14906995369745868,69.83485921200725
1959843383,0.8,0.08208879123259327,-119.47100335052642
11307154,-0.19999999999999996,0.058677114837766164,8.987919947268438
1073283950,0.4,0.09677731486840646,199.76414134546349
