n,cell,struct_idx,struct_seed,T,est_idx,rho_oracle,l1_mean,kappa_cell
4,k1,0,1686691975,150,0,-0.3999999999999999,0.06840048873269615,k1
4,k1,0,1686691975,150,1,-0.8,0.07580297576609368,k1
4,k1,0,1686691975,150,2,-0.3999999999999999,0.05265307727564261,k1
4,k1,0,1686691975,150,3,0.0,0.09159830394739155,k1
4,k1,0,1686691975,300,0,-0.8,0.03464373937476197,k1
4,k1,0,1686691975,300,1,0.4,0.0144128729300108,k1
4,k1,0,1686691975,300,2,-1.0,0.07196041876341525,k1
4,k1,0,1686691975,300,3,0.6,0.028763374029162007,k1
4,k1,0,1686691975,600,0,-0.3999999999999999,0.04320333282503622,k1
4,k1,0,1686691975,600,1,-0.3999999999999999,0.0275960937906018,k1
4,k1,0,1686691975,600,2,1.0,0.013522914209064998,k1
4,k1,0,1686691975,600,3,-0.3999999999999999,0.021108565212214915,k1
4,k1,0,1686691975,1200,0,-0.8,0.018683341684583882,k1
4,k1,0,1686691975,1200,1,-1.0,0.022605770810709514,k1
4,k1,0,1686691975,1200,2,0.4,0.010493419612030888,k1
4,k1,0,1686691975,1200,3,0.0,0.03473216199958852,k1
4,k1,1,111946645,150,0,-0.8,0.10332498312993306,k1
4,k1,1,111946645,150,1,0.4,0.1687441795391032,k1
4,k1,1,111946645,150,2,-0.6000000000000001,0.027558076704071885,k1
4,k1,1,111946645,150,3,-1.0,0.10712932850846338,k1
4,k1,1,111946645,300,0,-0.6000000000000001,0.04061414244807551,k1
4,k1,1,111946645,300,1,-0.8,0.09375597411801109,k1
4,k1,1,111946645,300,2,-0.8,0.021660371431996346,k1
4,k1,1,111946645,300,3,0.4,0.09578636996847258,k1
4,k1,1,111946645,600,0,0.8,0.014286915201863364,k1
4,k1,1,111946645,600,1,0.0,0.0814364182740143,k1
4,k1,1,111946645,600,2,0.8,0.013970220429825335,k1
4,k1,1,111946645,600,3,-0.6000000000000001,0.030543449755929538,k1
4,k1,1,111946645,1200,0,0.4,0.011034151365263214,k1
4,k1,1,111946645,1200,1,0.4,0.016126858181953654,k1
4,k1,1,111946645,1200,2,0.4,0.012264552334195319,k1
4,k1,1,111946645,1200,3,-0.8,0.02175001237563393,k1
4,k1,2,1261705288,150,0,-0.8,0.22987369781071312,k1
4,k1,2,1261705288,150,1,-0.19999999999999996,0.1475237961730138,k1
4,k1,2,1261705288,150,2,0.6,0.07549859265699027,k1
4,k1,2,1261705288,150,3,-0.8,0.14698452605004092,k1
4,k1,2,1261705288,300,0,-0.19999999999999996,0.042336140417824554,k1
4,k1,2,1261705288,300,1,0.8,0.09925061844683977,k1
4,k1,2,1261705288,300,2,0.0,0.0374513574055395,k1
4,k1,2,1261705288,300,3,0.19999999999999996,0.026739587597439128,k1
4,k1,2,1261705288,600,0,-0.8,0.02126138466825341,k1
4,k1,2,1261705288,600,1,-0.19999999999999996,0.035540671648769194,k1
4,k1,2,1261705288,600,2,0.19999999999999996,0.014061368318726526,k1
4,k1,2,1261705288,600,3,-0.19999999999999996,0.07362754529957302,k1
4,k1,2,1261705288,1200,0,0.19999999999999996,0.01579730208873549,k1
4,k1,2,1261705288,1200,1,-0.8,0.023882736112170816,k1
4,k1,2,1261705288,1200,2,-0.8,0.04244272109675011,k1
4,k1,2,1261705288,1200,3,-0.19999999999999996,0.017765996674048143,k1
4,k1,3,477821989,150,0,-0.6000000000000001,0.10575136911098806,k1
4,k1,3,477821989,150,1,1.0,0.08518127682653406,k1
4,k1,3,477821989,150,2,0.19999999999999996,0.07908495773580766,k1
4,k1,3,477821989,150,3,-0.6000000000000001,0.09028146175872159,k1
4,k1,3,477821989,300,0,-0.3999999999999999,0.05100917148510196,k1
4,k1,3,477821989,300,1,-0.6000000000000001,0.039256770795142115,k1
4,k1,3,477821989,300,2,0.0,0.05666561285584925,k1
4,k1,3,477821989,300,3,-0.19999999999999996,0.09893110187731041,k1
4,k1,3,477821989,600,0,0.4,0.01864410024839655,k1
4,k1,3,477821989,600,1,-0.8,0.0198326461873868,k1
4,k1,3,477821989,600,2,-0.19999999999999996,0.04962646447720885,k1
4,k1,3,477821989,600,3,0.4,0.06518752081417283,k1
4,k1,3,477821989,1200,0,-0.19999999999999996,0.01043682753653479,k1
4,k1,3,477821989,1200,1,0.0,0.01492621913454444,k1
4,k1,3,477821989,1200,2,-0.3999999999999999,0.02140533294794392,k1
4,k1,3,477821989,1200,3,-1.0,0.020228388627006107,k1
4,k1,4,891974789,150,0,0.8,0.12585064901679696,k1
4,k1,4,891974789,150,1,0.8,0.03556864578869104,k1
4,k1,4,891974789,150,2,0.4,0.04685456482500558,k1
4,k1,4,891974789,150,3,-0.8,0.029990356482875725,k1
4,k1,4,891974789,300,0,0.8,0.014941538430459093,k1
4,k1,4,891974789,300,1,-0.19999999999999996,0.02861806038200948,k1
4,k1,4,891974789,300,2,1.0,0.08331661530724419,k1
4,k1,4,891974789,300,3,0.4,0.04709450274297819,k1
4,k1,4,891974789,600,0,0.8,0.0235739645345278,k1
4,k1,4,891974789,600,1,0.8,0.017877088982561632,k1
4,k1,4,891974789,600,2,0.19999999999999996,0.04722541703213463,k1
4,k1,4,891974789,600,3,0.0,0.033610727277584754,k1
4,k1,4,891974789,1200,0,-0.8,0.01266737533347808,k1
4,k1,4,891974789,1200,1,1.0,0.025208352906157996,k1
4,k1,4,891974789,1200,2,0.8,0.017870204116628097,k1
4,k1,4,891974789,1200,3,0.8,0.014477077905530756,k1
4,k1,5,1393084564,150,0,0.4,0.11997445173244731,k1
4,k1,5,1393084564,150,1,-0.3999999999999999,0.04927902475843469,k1
4,k1,5,1393084564,150,2,-0.6000000000000001,0.09726873522671878,k1
4,k1,5,1393084564,150,3,-1.0,0.04284796713598392,k1
4,k1,5,1393084564,300,0,0.4,0.031663293172821204,k1
4,k1,5,1393084564,300,1,-0.6000000000000001,0.03631879650679298,k1
4,k1,5,1393084564,300,2,0.4,0.06110377244893524,k1
4,k1,5,1393084564,300,3,-0.6000000000000001,0.06213101067764824,k1
4,k1,5,1393084564,600,0,-0.19999999999999996,0.024973750268226444,k1
4,k1,5,1393084564,600,1,-0.8,0.062105971174204445,k1
4,k1,5,1393084564,600,2,-0.19999999999999996,0.019781206955775097,k1
4,k1,5,1393084564,600,3,0.8,0.10337697544284208,k1
4,k1,5,1393084564,1200,0,0.8,0.02019665842248105,k1
4,k1,5,1393084564,1200,1,0.4,0.025664666511299318,k1
4,k1,5,1393084564,1200,2,1.0,0.017716334424253438,k1
4,k1,5,1393084564,1200,3,0.0,0.017550669837773834,k1
4,k1,6,2043971195,150,0,-1.0,0.1550181414445988,k1
4,k1,6,2043971195,150,1,0.0,0.04623828408233212,k1
4,k1,6,2043971195,150,2,-0.8,0.047947784099572247,k1
4,k1,6,2043971195,150,3,0.8,0.1327967933502206,k1
4,k1,6,2043971195,300,0,-0.3999999999999999,0.10783806930114173,k1
4,k1,6,2043971195,300,1,0.19999999999999996,0.06420367530342612,k1
4,k1,6,2043971195,300,2,0.4,0.04532364665134822,k1
4,k1,6,2043971195,300,3,-0.3999999999999999,0.11056952646181331,k1
4,k1,6,2043971195,600,0,0.0,0.05097423187302861,k1
4,k1,6,2043971195,600,1,0.0,0.021031075144140272,k1
4,k1,6,2043971195,600,2,-0.6000000000000001,0.04516724798862413,k1
4,k1,6,2043971195,600,3,-0.8,0.028679918271684646,k1
4,k1,6,2043971195,1200,0,0.4,0.01583181770053328,k1
4,k1,6,2043971195,1200,1,0.0,0.0314848783737077,k1
4,k1,6,2043971195,1200,2,0.4,0.035596611584885425,k1
4,k1,6,2043971195,1200,3,0.8,0.012759858624567893,k1
4,k1,7,1958681049,150,0,0.19999999999999996,0.07465400994713832,k1
4,k1,7,1958681049,150,1,0.4,0.01912525848070466,k1
4,k1,7,1958681049,150,2,1.0,0.04925452866577232,k1
4,k1,7,1958681049,150,3,-0.8,0.045005555848163716,k1
4,k1,7,1958681049,300,0,1.0,0.08515491949979734,k1
4,k1,7,1958681049,300,1,-0.3999999999999999,0.07012020702381787,k1
4,k1,7,1958681049,300,2,-0.8,0.08982271776090403,k1
4,k1,7,1958681049,300,3,-1.0,0.06489431145741156,k1
4,k1,7,1958681049,600,0,-0.8,0.060375377348269935,k1
4,k1,7,1958681049,600,1,-1.0,0.027138997367439677,k1
4,k1,7,1958681049,600,2,0.8,0.023150058889915635,k1
4,k1,7,1958681049,600,3,-1.0,0.0413761278759669,k1
4,k1,7,1958681049,1200,0,-0.19999999999999996,0.015425028374147807,k1
4,k1,7,1958681049,1200,1,-0.3999999999999999,0.03352614800100878,k1
4,k1,7,1958681049,1200,2,-0.19999999999999996,0.017708152853589697,k1
4,k1,7,1958681049,1200,3,0.4,0.017014550500432248,k1
4,k1,8,1817269573,150,0,0.4,0.0749146701943723,k1
4,k1,8,1817269573,150,1,0.4,0.06060873715919506,k1
4,k1,8,1817269573,150,2,-0.19999999999999996,0.07794571064603953,k1
4,k1,8,1817269573,150,3,-0.3999999999999999,0.11655083860040771,k1
4,k1,8,1817269573,300,0,-0.3999999999999999,0.05894757771442301,k1
4,k1,8,1817269573,300,1,0.8,0.029361573341550033,k1
4,k1,8,1817269573,300,2,0.4,0.027604269271995305,k1
4,k1,8,1817269573,300,3,-0.3999999999999999,0.0537256069266503,k1
4,k1,8,1817269573,600,0,0.4,0.03375636874139019,k1
4,k1,8,1817269573,600,1,-0.3999999999999999,0.024078242515893467,k1
4,k1,8,1817269573,600,2,-0.3999999999999999,0.060063463133611376,k1
4,k1,8,1817269573,600,3,-0.3999999999999999,0.0469536044680358,k1
4,k1,8,1817269573,1200,0,0.8,0.03308872766190907,k1
4,k1,8,1817269573,1200,1,-0.3999999999999999,0.019312723606141037,k1
4,k1,8,1817269573,1200,2,-0.3999999999999999,0.0263086407651896,k1
4,k1,8,1817269573,1200,3,-0.3999999999999999,0.0289291407333765,k1
4,k1,9,2098535457,150,0,-0.19999999999999996,0.10232069495726664,k1
4,k1,9,2098535457,150,1,0.4,0.0312827987136606,k1
4,k1,9,2098535457,150,2,-1.0,0.06307172966585367,k1
4,k1,9,2098535457,150,3,0.19999999999999996,0.16022102423902052,k1
4,k1,9,2098535457,300,0,-0.19999999999999996,0.05839385401323309,k1
4,k1,9,2098535457,300,1,-0.3999999999999999,0.05593765507648196,k1
4,k1,9,2098535457,300,2,0.4,0.0709264343068555,k1
4,k1,9,2098535457,300,3,0.0,0.030424741818509668,k1
4,k1,9,2098535457,600,0,0.0,0.09654433595550674,k1
4,k1,9,2098535457,600,1,-0.8,0.03611954676625927,k1
4,k1,9,2098535457,600,2,-0.3999999999999999,0.06712386932155281,k1
4,k1,9,2098535457,600,3,1.0,0.016108850307759867,k1
4,k1,9,2098535457,1200,0,0.8,0.0035349888804414387,k1
4,k1,9,2098535457,1200,1,0.0,0.021790217145712183,k1
4,k1,9,2098535457,1200,2,-0.3999999999999999,0.028032116086916345,k1
4,k1,9,2098535457,1200,3,-0.3999999999999999,0.01651891205741206,k1
4,k1,10,1603907205,150,0,-0.19999999999999996,0.07986969029584018,k1
4,k1,10,1603907205,150,1,-0.8,0.06281113861406513,k1
4,k1,10,1603907205,150,2,0.8,0.10673655319298847,k1
4,k1,10,1603907205,150,3,-1.0,0.10932022477228165,k1
4,k1,10,1603907205,300,0,0.4,0.1461731726717505,k1
4,k1,10,1603907205,300,1,-0.8,0.03695487031786765,k1
4,k1,10,1603907205,300,2,0.4,0.0320760661388148,k1
4,k1,10,1603907205,300,3,-0.8,0.05039392898081717,k1
4,k1,10,1603907205,600,0,0.4,0.022046286622927343,k1
4,k1,10,1603907205,600,1,0.8,0.0741292131866134,k1
4,k1,10,1603907205,600,2,0.8,0.03744268910368907,k1
4,k1,10,1603907205,600,3,0.8,0.01653629782918856,k1
4,k1,10,1603907205,1200,0,-0.3999999999999999,0.011045868043452443,k1
4,k1,10,1603907205,1200,1,0.4,0.0264434543500902,k1
4,k1,10,1603907205,1200,2,0.0,0.011828823292160343,k1
4,k1,10,1603907205,1200,3,-0.8,0.045541253205573916,k1
4,k1,11,1624407746,150,0,0.4,0.033245069588371555,k1
4,k1,11,1624407746,150,1,0.8,0.05243162541670212,k1
4,k1,11,1624407746,150,2,0.4,0.05770148853443104,k1
4,k1,11,1624407746,150,3,0.8,0.07405679530390022,k1
4,k1,11,1624407746,300,0,0.19999999999999996,0.04507547747562973,k1
4,k1,11,1624407746,300,1,0.4,0.08278587596917776,k1
4,k1,11,1624407746,300,2,-1.0,0.01752041654948438,k1
4,k1,11,1624407746,300,3,-0.3999999999999999,0.045232212888725296,k1
4,k1,11,1624407746,600,0,0.4,0.0889024798968209,k1
4,k1,11,1624407746,600,1,0.19999999999999996,0.051231106806027785,k1
4,k1,11,1624407746,600,2,-0.3999999999999999,0.04238679255103448,k1
4,k1,11,1624407746,600,3,0.4,0.02319563677763779,k1
4,k1,11,1624407746,1200,0,0.4,0.013776271717814433,k1
4,k1,11,1624407746,1200,1,0.0,0.026278180002772725,k1
4,k1,11,1624407746,1200,2,-1.0,0.010485344739350408,k1
4,k1,11,1624407746,1200,3,0.19999999999999996,0.02438057244769283,k1
4,k1,12,32103876,150,0,-0.3999999999999999,0.10539312034675635,k1
4,k1,12,32103876,150,1,-0.3999999999999999,0.034333410540261525,k1
4,k1,12,32103876,150,2,-0.3999999999999999,0.04275314612873171,k1
4,k1,12,32103876,150,3,0.19999999999999996,0.061623683303333746,k1
4,k1,12,32103876,300,0,0.4,0.058861080262857676,k1
4,k1,12,32103876,300,1,0.0,0.0334901978985315,k1
4,k1,12,32103876,300,2,0.6,0.07284702902810718,k1
4,k1,12,32103876,300,3,-0.19999999999999996,0.04917270144033477,k1
4,k1,12,32103876,600,0,-0.3999999999999999,0.057573714110981666,k1
4,k1,12,32103876,600,1,-0.6000000000000001,0.04163179844581327,k1
4,k1,12,32103876,600,2,1.0,0.0218867290566354,k1
4,k1,12,32103876,600,3,0.8,0.013461742027881264,k1
4,k1,12,32103876,1200,0,0.8,0.007517255051305194,k1
4,k1,12,32103876,1200,1,-0.8,0.024309024277691105,k1
4,k1,12,32103876,1200,2,0.4,0.010001751147277181,k1
4,k1,12,32103876,1200,3,-0.6000000000000001,0.017860866092750588,k1
4,k1,13,1116749846,150,0,0.8,0.07525941364151804,k1
4,k1,13,1116749846,150,1,0.19999999999999996,0.05281661858315417,k1
4,k1,13,1116749846,150,2,0.4,0.13891000893965236,k1
4,k1,13,1116749846,150,3,-0.19999999999999996,0.04596554638821567,k1
4,k1,13,1116749846,300,0,1.0,0.04103028354495664,k1
4,k1,13,1116749846,300,1,-0.3999999999999999,0.1708351213492025,k1
4,k1,13,1116749846,300,2,0.4,0.0644926678791066,k1
4,k1,13,1116749846,300,3,0.4,0.04048616123566778,k1
4,k1,13,1116749846,600,0,0.8,0.06121295858080216,k1
4,k1,13,1116749846,600,1,-0.3999999999999999,0.02648679221674193,k1
4,k1,13,1116749846,600,2,-0.19999999999999996,0.05832589439301937,k1
4,k1,13,1116749846,600,3,0.8,0.025783833801564893,k1
4,k1,13,1116749846,1200,0,0.19999999999999996,0.012109443791493433,k1
4,k1,13,1116749846,1200,1,0.4,0.019243338560916992,k1
4,k1,13,1116749846,1200,2,0.19999999999999996,0.01930087013464611,k1
4,k1,13,1116749846,1200,3,0.4,0.00866227224585702,k1
4,k1,14,301610825,150,0,-0.3999999999999999,0.05103408385027007,k1
4,k1,14,301610825,150,1,-0.8,0.2784026770646588,k1
4,k1,14,301610825,150,2,0.4,0.09042940510559432,k1
4,k1,14,301610825,150,3,-0.8,0.07586306482752951,k1
4,k1,14,301610825,300,0,-0.3999999999999999,0.1667916316667577,k1
4,k1,14,301610825,300,1,-0.3999999999999999,0.03323467001269215,k1
4,k1,14,301610825,300,2,-0.19999999999999996,0.07208323078629991,k1
4,k1,14,301610825,300,3,0.8,0.0461929349645962,k1
4,k1,14,301610825,600,0,0.4,0.014908427501015098,k1
4,k1,14,301610825,600,1,0.8,0.04643186684439267,k1
4,k1,14,301610825,600,2,-0.3999999999999999,0.03190192644330253,k1
4,k1,14,301610825,600,3,0.8,0.01955939690452086,k1
4,k1,14,301610825,1200,0,-1.0,0.020394054231935348,k1
4,k1,14,301610825,1200,1,-1.0,0.009825657691315794,k1
4,k1,14,301610825,1200,2,0.8,0.02484706489262475,k1
4,k1,14,301610825,1200,3,1.0,0.013014173189631247,k1
4,k1,15,1509583220,150,0,-0.3999999999999999,0.09682907928990024,k1
4,k1,15,1509583220,150,1,0.8,0.04248763562257612,k1
4,k1,15,1509583220,150,2,-0.8,0.0592476283474354,k1
4,k1,15,1509583220,150,3,-0.8,0.1582535383560044,k1
4,k1,15,1509583220,300,0,-0.3999999999999999,0.026946588291030096,k1
4,k1,15,1509583220,300,1,-0.3999999999999999,0.07822469097981594,k1
4,k1,15,1509583220,300,2,0.4,0.07167386084172202,k1
4,k1,15,1509583220,300,3,0.19999999999999996,0.034158744894754164,k1
4,k1,15,1509583220,600,0,-0.19999999999999996,0.09483210228724667,k1
4,k1,15,1509583220,600,1,-0.3999999999999999,0.054663814211673795,k1
4,k1,15,1509583220,600,2,0.19999999999999996,0.017808930447559997,k1
4,k1,15,1509583220,600,3,-1.0,0.04874972889205356,k1
4,k1,15,1509583220,1200,0,-0.8,0.018812359321655387,k1
4,k1,15,1509583220,1200,1,-0.3999999999999999,0.02058516810852843,k1
4,k1,15,1509583220,1200,2,0.0,0.022206520969104013,k1
4,k1,15,1509583220,1200,3,-0.3999999999999999,0.015794424686968907,k1
4,k1,16,702961056,150,0,0.0,0.12327587055120466,k1
4,k1,16,702961056,150,1,0.8,0.019742024247942493,k1
4,k1,16,702961056,150,2,-0.19999999999999996,0.12697915973026846,k1
4,k1,16,702961056,150,3,-0.3999999999999999,0.02685399807367015,k1
4,k1,16,702961056,300,0,-1.0,0.07294306685237874,k1
4,k1,16,702961056,300,1,0.19999999999999996,0.03730244033549137,k1
4,k1,16,702961056,300,2,-0.19999999999999996,0.10120798338947253,k1
4,k1,16,702961056,300,3,0.4,0.044486420573933524,k1
4,k1,16,702961056,600,0,-0.3999999999999999,0.042763356355877136,k1
4,k1,16,702961056,600,1,0.4,0.010001503630854528,k1
4,k1,16,702961056,600,2,0.4,0.0858150881196349,k1
4,k1,16,702961056,600,3,-0.3999999999999999,0.04217744183322163,k1
4,k1,16,702961056,1200,0,0.0,0.023970759120484797,k1
4,k1,16,702961056,1200,1,-0.3999999999999999,0.026216213112195814,k1
4,k1,16,702961056,1200,2,0.8,0.020249633637846147,k1
4,k1,16,702961056,1200,3,-0.19999999999999996,0.017419297698491334,k1
4,k1,17,158579251,150,0,0.19999999999999996,0.05848966651053773,k1
4,k1,17,158579251,150,1,-0.8,0.04558960934803173,k1
4,k1,17,158579251,150,2,-0.19999999999999996,0.23578482540645745,k1
4,k1,17,158579251,150,3,-0.3999999999999999,0.14002367092287943,k1
4,k1,17,158579251,300,0,0.19999999999999996,0.0928909673067279,k1
4,k1,17,158579251,300,1,0.4,0.05071376999112797,k1
4,k1,17,158579251,300,2,0.19999999999999996,0.02544011950675268,k1
4,k1,17,158579251,300,3,0.0,0.06710376229523964,k1
4,k1,17,158579251,600,0,0.8,0.04006836684079088,k1
4,k1,17,158579251,600,1,1.0,0.07173577662764634,k1
4,k1,17,158579251,600,2,0.8,0.02426448964652558,k1
4,k1,17,158579251,600,3,-0.8,0.04694589620600566,k1
4,k1,17,158579251,1200,0,-0.3999999999999999,0.03730986365033351,k1
4,k1,17,158579251,1200,1,-0.8,0.0237520937274737,k1
4,k1,17,158579251,1200,2,0.19999999999999996,0.023591673966519965,k1
4,k1,17,158579251,1200,3,-0.8,0.03318184386516402,k1
4,k1,18,1044735752,150,0,0.0,0.018202270323202034,k1
4,k1,18,1044735752,150,1,-0.3999999999999999,0.07362674567805734,k1
4,k1,18,1044735752,150,2,0.4,0.10381346273863108,k1
4,k1,18,1044735752,150,3,-0.3999999999999999,0.05495474372329417,k1
4,k1,18,1044735752,300,0,0.4,0.13839414846914586,k1
4,k1,18,1044735752,300,1,0.8,0.08362721534481317,k1
4,k1,18,1044735752,300,2,-0.3999999999999999,0.0240918153708259,k1
4,k1,18,1044735752,300,3,0.0,0.027429547518426127,k1
4,k1,18,1044735752,600,0,0.8,0.010131344747550307,k1
4,k1,18,1044735752,600,1,-0.3999999999999999,0.009146547380366646,k1
4,k1,18,1044735752,600,2,0.0,0.024731142890138454,k1
4,k1,18,1044735752,600,3,0.0,0.03823916182098397,k1
4,k1,18,1044735752,1200,0,-0.3999999999999999,0.018660462446291506,k1
4,k1,18,1044735752,1200,1,-0.8,0.038508030653597335,k1
4,k1,18,1044735752,1200,2,0.19999999999999996,0.015733133564689722,k1
4,k1,18,1044735752,1200,3,0.19999999999999996,0.010445560044320673,k1
4,k1,19,136501347,150,0,0.19999999999999996,0.07031373793504778,k1
4,k1,19,136501347,150,1,-0.6000000000000001,0.06218544736925545,k1
4,k1,19,136501347,150,2,0.0,0.13620950768380607,k1
4,k1,19,136501347,150,3,0.8,0.03319576281380227,k1
4,k1,19,136501347,300,0,0.8,0.11715027930958148,k1
4,k1,19,136501347,300,1,0.4,0.08236220021184695,k1
4,k1,19,136501347,300,2,0.8,0.027452286290313557,k1
4,k1,19,136501347,300,3,0.19999999999999996,0.013848628571298323,k1
4,k1,19,136501347,600,0,0.6,0.08091884937731916,k1
4,k1,19,136501347,600,1,-0.8,0.054442898746644056,k1
4,k1,19,136501347,600,2,0.0,0.017324100618102176,k1
4,k1,19,136501347,600,3,-0.8,0.0495733330495373,k1
4,k1,19,136501347,1200,0,0.0,0.025267091795160602,k1
4,k1,19,136501347,1200,1,0.8,0.013878770560378551,k1
4,k1,19,136501347,1200,2,0.4,0.014558754134417106,k1
4,k1,19,136501347,1200,3,0.8,0.015575031179452097,k1
4,k1,20,412257736,150,0,0.19999999999999996,0.044204898761249334,k1
4,k1,20,412257736,150,1,-0.3999999999999999,0.06919700977049417,k1
4,k1,20,412257736,150,2,-1.0,0.10399404721826076,k1
4,k1,20,412257736,150,3,-0.3999999999999999,0.04457368308334752,k1
4,k1,20,412257736,300,0,0.4,0.10171989482755772,k1
4,k1,20,412257736,300,1,-0.8,0.1530802988853341,k1
4,k1,20,412257736,300,2,0.4,0.031756081600286694,k1
4,k1,20,412257736,300,3,0.19999999999999996,0.12374647492227056,k1
4,k1,20,412257736,600,0,-0.8,0.030390042222122382,k1
4,k1,20,412257736,600,1,0.19999999999999996,0.04226115798858355,k1
4,k1,20,412257736,600,2,0.0,0.019806175959738607,k1
4,k1,20,412257736,600,3,0.4,0.11078546769480742,k1
4,k1,20,412257736,1200,0,-0.8,0.013446027362672596,k1
4,k1,20,412257736,1200,1,0.19999999999999996,0.00870015193806597,k1
4,k1,20,412257736,1200,2,-0.8,0.038642884260414276,k1
4,k1,20,412257736,1200,3,0.19999999999999996,0.013344361392821611,k1
4,k1,21,1588812366,150,0,1.0,0.09417031404937935,k1
4,k1,21,1588812366,150,1,0.4,0.0077370337584967645,k1
4,k1,21,1588812366,150,2,-0.3999999999999999,0.046912964537228,k1
4,k1,21,1588812366,150,3,-0.3999999999999999,0.06591879058273417,k1
4,k1,21,1588812366,300,0,-1.0,0.025530020816754165,k1
4,k1,21,1588812366,300,1,-0.8,0.05688456251982393,k1
4,k1,21,1588812366,300,2,0.19999999999999996,0.037556998548390744,k1
4,k1,21,1588812366,300,3,0.4,0.06499082059820742,k1
4,k1,21,1588812366,600,0,-0.19999999999999996,0.05450224463911601,k1
4,k1,21,1588812366,600,1,0.0,0.0410267919043398,k1
4,k1,21,1588812366,600,2,-0.3999999999999999,0.02184993689056753,k1
4,k1,21,1588812366,600,3,0.19999999999999996,0.03534863484092221,k1
4,k1,21,1588812366,1200,0,0.4,0.013955535507215223,k1
4,k1,21,1588812366,1200,1,0.8,0.008853011537599506,k1
4,k1,21,1588812366,1200,2,-0.8,0.028488162550099866,k1
4,k1,21,1588812366,1200,3,0.4,0.02607724154619322,k1
4,k1,22,360311458,150,0,-0.3999999999999999,0.06133535596835902,k1
4,k1,22,360311458,150,1,-0.8,0.024030096729005322,k1
4,k1,22,360311458,150,2,-0.8,0.04057660507995729,k1
4,k1,22,360311458,150,3,-0.3999999999999999,0.07684734919141822,k1
4,k1,22,360311458,300,0,0.4,0.07739071433343886,k1
4,k1,22,360311458,300,1,-0.19999999999999996,0.015838225828860398,k1
4,k1,22,360311458,300,2,0.19999999999999996,0.06797237599223377,k1
4,k1,22,360311458,300,3,-1.0,0.043172317713897325,k1
4,k1,22,360311458,600,0,0.4,0.05177088796449082,k1
4,k1,22,360311458,600,1,0.4,0.014702398373527877,k1
4,k1,22,360311458,600,2,0.4,0.03355794079101888,k1
4,k1,22,360311458,600,3,0.0,0.058961042506801606,k1
4,k1,22,360311458,1200,0,0.4,0.020325404743530888,k1
4,k1,22,360311458,1200,1,-0.3999999999999999,0.017694908723948882,k1
4,k1,22,360311458,1200,2,-0.8,0.02249432891782343,k1
4,k1,22,360311458,1200,3,0.8,0.025022597884394582,k1
4,k1,23,426985098,150,0,-0.3999999999999999,0.12696053981123206,k1
4,k1,23,426985098,150,1,0.8,0.0420433253320961,k1
4,k1,23,426985098,150,2,0.4,0.02771099462811693,k1
4,k1,23,426985098,150,3,0.4,0.09530597431121111,k1
4,k1,23,426985098,300,0,0.8,0.01975232447216866,k1
4,k1,23,426985098,300,1,1.0,0.06149486167794496,k1
4,k1,23,426985098,300,2,1.0,0.04492557292669177,k1
4,k1,23,426985098,300,3,0.8,0.02322207569670773,k1
4,k1,23,426985098,600,0,0.8,0.011058134816315401,k1
4,k1,23,426985098,600,1,-0.8,0.06409840030762684,k1
4,k1,23,426985098,600,2,0.4,0.017425859305777884,k1
4,k1,23,426985098,600,3,-0.3999999999999999,0.03070803493516166,k1
4,k1,23,426985098,1200,0,0.4,0.02497024322286228,k1
4,k1,23,426985098,1200,1,-0.8,0.021024542230378807,k1
4,k1,23,426985098,1200,2,-0.8,0.024902079875747215,k1
4,k1,23,426985098,1200,3,0.8,0.007517102687568245,k1
4,k1,24,1725645081,150,0,0.0,0.05288383874060942,k1
4,k1,24,1725645081,150,1,-0.8,0.03674780804341325,k1
4,k1,24,1725645081,150,2,0.8,0.1326865581615156,k1
4,k1,24,1725645081,150,3,-0.3999999999999999,0.0722409395217915,k1
4,k1,24,1725645081,300,0,0.8,0.0600284404778082,k1
4,k1,24,1725645081,300,1,0.0,0.1288389833816558,k1
4,k1,24,1725645081,300,2,1.0,0.0342832708981404,k1
4,k1,24,1725645081,300,3,0.19999999999999996,0.034972490000635154,k1
4,k1,24,1725645081,600,0,-0.19999999999999996,0.040917184109724586,k1
4,k1,24,1725645081,600,1,0.4,0.03401911827692345,k1
4,k1,24,1725645081,600,2,0.6,0.033666461513939046,k1
4,k1,24,1725645081,600,3,0.8,0.0459864895099737,k1
4,k1,24,1725645081,1200,0,0.19999999999999996,0.028934330675932513,k1
4,k1,24,1725645081,1200,1,0.0,0.015101491937685837,k1
4,k1,24,1725645081,1200,2,-0.3999999999999999,0.020346000255355823,k1
4,k1,24,1725645081,1200,3,-0.3999999999999999,0.01320143530931503,k1
4,k2,0,2078895507,150,0,0.4,0.09039594043407356,k2
4,k2,0,2078895507,150,1,-0.3999999999999999,0.07521821327150019,k2
4,k2,0,2078895507,150,2,0.8,0.03644520822576104,k2
4,k2,0,2078895507,150,3,-0.19999999999999996,0.04136637459828421,k2
4,k2,0,2078895507,300,0,0.0,0.018152441112712685,k2
4,k2,0,2078895507,300,1,0.19999999999999996,0.06186240245745418,k2
4,k2,0,2078895507,300,2,0.4,0.16697123370063954,k2
4,k2,0,2078895507,300,3,0.4,0.02138059302993708,k2
4,k2,0,2078895507,600,0,0.19999999999999996,0.027665872523651377,k2
4,k2,0,2078895507,600,1,-0.3999999999999999,0.038755378485398326,k2
4,k2,0,2078895507,600,2,0.19999999999999996,0.020000686015121116,k2
4,k2,0,2078895507,600,3,0.4,0.010697350371794766,k2
4,k2,0,2078895507,1200,0,0.0,0.014309031780872892,k2
4,k2,0,2078895507,1200,1,-0.19999999999999996,0.009300253597347116,k2
4,k2,0,2078895507,1200,2,-0.3999999999999999,0.007357458311095802,k2
4,k2,0,2078895507,1200,3,0.8,0.012400222178898938,k2
4,k2,1,302718356,150,0,-0.3999999999999999,0.06131339542634441,k2
4,k2,1,302718356,150,1,0.4,0.11513928785284314,k2
4,k2,1,302718356,150,2,0.4,0.09176553921027811,k2
4,k2,1,302718356,150,3,0.19999999999999996,0.024587106565771098,k2
4,k2,1,302718356,300,0,0.4,0.04533505942679532,k2
4,k2,1,302718356,300,1,-0.3999999999999999,0.024576750122186235,k2
4,k2,1,302718356,300,2,1.0,0.05502707508874457,k2
4,k2,1,302718356,300,3,-0.3999999999999999,0.026570149524828036,k2
4,k2,1,302718356,600,0,1.0,0.03648702878140085,k2
4,k2,1,302718356,600,1,-0.3999999999999999,0.03447376807553122,k2
4,k2,1,302718356,600,2,0.4,0.02771822852309818,k2
4,k2,1,302718356,600,3,0.8,0.006847583002534884,k2
4,k2,1,302718356,1200,0,0.0,0.019962291577290615,k2
4,k2,1,302718356,1200,1,0.19999999999999996,0.012512040128109643,k2
4,k2,1,302718356,1200,2,0.4,0.01695511857860943,k2
4,k2,1,302718356,1200,3,0.19999999999999996,0.01323453826943374,k2
4,k2,2,397343662,150,0,-0.6000000000000001,0.04862073763234982,k2
4,k2,2,397343662,150,1,0.4,0.08675243593335659,k2
4,k2,2,397343662,150,2,-1.0,0.05972386544761575,k2
4,k2,2,397343662,150,3,0.4,0.1644437847301687,k2
4,k2,2,397343662,300,0,-0.3999999999999999,0.057464608400883084,k2
4,k2,2,397343662,300,1,0.4,0.0366874496698362,k2
4,k2,2,397343662,300,2,0.8,0.04098194740264352,k2
4,k2,2,397343662,300,3,-0.19999999999999996,0.06020703404437258,k2
4,k2,2,397343662,600,0,-1.0,0.04230826336046568,k2
4,k2,2,397343662,600,1,0.4,0.03400641064897173,k2
4,k2,2,397343662,600,2,1.0,0.045594369075469515,k2
4,k2,2,397343662,600,3,0.4,0.01165529610295576,k2
4,k2,2,397343662,1200,0,0.8,0.020048136911858423,k2
4,k2,2,397343662,1200,1,-0.8,0.009940792615858035,k2
4,k2,2,397343662,1200,2,0.4,0.017248828582521976,k2
4,k2,2,397343662,1200,3,-0.19999999999999996,0.00491495463878413,k2
4,k2,3,1710429750,150,0,-0.19999999999999996,0.024550520569841708,k2
4,k2,3,1710429750,150,1,0.8,0.06636450999320177,k2
4,k2,3,1710429750,150,2,-0.8,0.05083934185398864,k2
4,k2,3,1710429750,150,3,0.8,0.03877833183670342,k2
4,k2,3,1710429750,300,0,-0.3999999999999999,0.0738370004114258,k2
4,k2,3,1710429750,300,1,-0.3999999999999999,0.05269976613514048,k2
4,k2,3,1710429750,300,2,0.19999999999999996,0.03718433231258279,k2
4,k2,3,1710429750,300,3,1.0,0.03621654586013854,k2
4,k2,3,1710429750,600,0,0.8,0.016646415655615192,k2
4,k2,3,1710429750,600,1,-0.3999999999999999,0.018676688832541307,k2
4,k2,3,1710429750,600,2,-0.3999999999999999,0.02024779988710341,k2
4,k2,3,1710429750,600,3,1.0,0.02924628545591961,k2
4,k2,3,1710429750,1200,0,0.0,0.013042708762003427,k2
4,k2,3,1710429750,1200,1,-0.19999999999999996,0.013852013547148198,k2
4,k2,3,1710429750,1200,2,0.8,0.011844175080588413,k2
4,k2,3,1710429750,1200,3,0.8,0.00935009706740394,k2
4,k2,4,1213504217,150,0,0.8,0.4245337398357897,k2
4,k2,4,1213504217,150,1,0.4,0.1038900623717077,k2
4,k2,4,1213504217,150,2,0.6,0.07474833029813602,k2
4,k2,4,1213504217,150,3,0.8,0.047469195688519095,k2
4,k2,4,1213504217,300,0,-0.3999999999999999,0.055121842040936224,k2
4,k2,4,1213504217,300,1,0.8,0.030490598040861357,k2
4,k2,4,1213504217,300,2,0.4,0.044183773702842655,k2
4,k2,4,1213504217,300,3,0.6,0.035451953027946445,k2
4,k2,4,1213504217,600,0,-0.19999999999999996,0.03390214223683636,k2
4,k2,4,1213504217,600,1,0.8,0.01477640104695334,k2
4,k2,4,1213504217,600,2,-0.8,0.025759310159937897,k2
4,k2,4,1213504217,600,3,0.4,0.030097707353429735,k2
4,k2,4,1213504217,1200,0,0.4,0.02007109029393625,k2
4,k2,4,1213504217,1200,1,-0.8,0.01486804268342699,k2
4,k2,4,1213504217,1200,2,1.0,0.003784970297790287,k2
4,k2,4,1213504217,1200,3,-0.3999999999999999,0.01513544839586045,k2
4,k2,5,1006667544,150,0,-0.19999999999999996,0.035865563144004006,k2
4,k2,5,1006667544,150,1,-0.6000000000000001,0.07841005198193628,k2
4,k2,5,1006667544,150,2,-0.19999999999999996,0.058717834882088676,k2
4,k2,5,1006667544,150,3,-0.3999999999999999,0.0898393833743146,k2
4,k2,5,1006667544,300,0,-0.3999999999999999,0.08209583247258177,k2
4,k2,5,1006667544,300,1,-0.3999999999999999,0.04721587592978575,k2
4,k2,5,1006667544,300,2,0.0,0.09753017458325103,k2
4,k2,5,1006667544,300,3,0.19999999999999996,0.01824561444952001,k2
4,k2,5,1006667544,600,0,-0.3999999999999999,0.026263674938644024,k2
4,k2,5,1006667544,600,1,0.6,0.017319647405041817,k2
4,k2,5,1006667544,600,2,-0.3999999999999999,0.0563869562806345,k2
4,k2,5,1006667544,600,3,0.8,0.029670068302973668,k2
4,k2,5,1006667544,1200,0,-0.3999999999999999,0.016890421539050002,k2
4,k2,5,1006667544,1200,1,-1.0,0.009684739803397582,k2
4,k2,5,1006667544,1200,2,-0.19999999999999996,0.012673811247860755,k2
4,k2,5,1006667544,1200,3,1.0,0.012596089244129163,k2
4,k2,6,668144812,150,0,0.0,0.05659733639160568,k2
4,k2,6,668144812,150,1,-0.6000000000000001,0.04405291974881455,k2
4,k2,6,668144812,150,2,0.4,0.10145726241559953,k2
4,k2,6,668144812,150,3,0.4,0.060315097380310406,k2
4,k2,6,668144812,300,0,0.6,0.045950873043025794,k2
4,k2,6,668144812,300,1,0.4,0.04370794146031558,k2
4,k2,6,668144812,300,2,0.19999999999999996,0.05199700231518591,k2
4,k2,6,668144812,300,3,-0.3999999999999999,0.02329600361513003,k2
4,k2,6,668144812,600,0,-0.3999999999999999,0.028512258835103995,k2
4,k2,6,668144812,600,1,0.8,0.012474050607284553,k2
4,k2,6,668144812,600,2,0.19999999999999996,0.013291428905089036,k2
4,k2,6,668144812,600,3,0.6,0.05809795364485064,k2
4,k2,6,668144812,1200,0,1.0,0.02260294483427784,k2
4,k2,6,668144812,1200,1,-0.6000000000000001,0.019449159237084214,k2
4,k2,6,668144812,1200,2,0.4,0.01015818427599012,k2
4,k2,6,668144812,1200,3,0.8,0.013853740759384888,k2
4,k2,7,65229811,150,0,-0.3999999999999999,0.07284932117184481,k2
4,k2,7,65229811,150,1,-0.8,0.13214173637438464,k2
4,k2,7,65229811,150,2,-0.8,0.060024247934905066,k2
4,k2,7,65229811,150,3,-0.3999999999999999,0.04039201105447668,k2
4,k2,7,65229811,300,0,0.4,0.02356288119427336,k2
4,k2,7,65229811,300,1,0.4,0.0223274069740534,k2
4,k2,7,65229811,300,2,0.4,0.04398305358697687,k2
4,k2,7,65229811,300,3,-0.3999999999999999,0.03790401036008338,k2
4,k2,7,65229811,600,0,0.19999999999999996,0.030729940723863373,k2
4,k2,7,65229811,600,1,-0.3999999999999999,0.01457221638193846,k2
4,k2,7,65229811,600,2,-0.3999999999999999,0.026396775682076778,k2
4,k2,7,65229811,600,3,0.4,0.0049075746073158275,k2
4,k2,7,65229811,1200,0,0.4,0.011141543992073202,k2
4,k2,7,65229811,1200,1,0.8,0.010577740228286904,k2
4,k2,7,65229811,1200,2,1.0,0.02380520565656371,k2
4,k2,7,65229811,1200,3,-0.8,0.014256232899842349,k2
4,k2,8,1902607725,150,0,0.19999999999999996,0.04367123564298953,k2
4,k2,8,1902607725,150,1,-0.19999999999999996,0.030183585654549594,k2
4,k2,8,1902607725,150,2,0.0,0.05611477911614978,k2
4,k2,8,1902607725,150,3,0.6,0.0841837333487755,k2
4,k2,8,1902607725,300,0,0.8,0.04599948519680527,k2
4,k2,8,1902607725,300,1,0.8,0.028051071466125954,k2
4,k2,8,1902607725,300,2,0.4,0.04277004458888263,k2
4,k2,8,1902607725,300,3,0.8,0.04098215565892024,k2
4,k2,8,1902607725,600,0,-0.8,0.02037120919488576,k2
4,k2,8,1902607725,600,1,0.4,0.02133273209912006,k2
4,k2,8,1902607725,600,2,0.19999999999999996,0.03313187867919005,k2
4,k2,8,1902607725,600,3,0.4,0.02476770962752963,k2
4,k2,8,1902607725,1200,0,-0.8,0.014765647287190315,k2
4,k2,8,1902607725,1200,1,-0.19999999999999996,0.018252527290829906,k2
4,k2,8,1902607725,1200,2,0.4,0.022690429117736333,k2
4,k2,8,1902607725,1200,3,1.0,0.0011019168138072242,k2
4,k2,9,225848392,150,0,0.0,0.030844863669158687,k2
4,k2,9,225848392,150,1,-0.19999999999999996,0.08551781377315289,k2
4,k2,9,225848392,150,2,-0.3999999999999999,0.03658681935830367,k2
4,k2,9,225848392,150,3,0.4,0.03094901763823931,k2
4,k2,9,225848392,300,0,-0.3999999999999999,0.018533462512508713,k2
4,k2,9,225848392,300,1,-0.19999999999999996,0.03786713450867024,k2
4,k2,9,225848392,300,2,0.4,0.04481682338009174,k2
4,k2,9,225848392,300,3,1.0,0.0316375944252411,k2
4,k2,9,225848392,600,0,-0.3999999999999999,0.024738491605054952,k2
4,k2,9,225848392,600,1,-0.8,0.04840185151475243,k2
4,k2,9,225848392,600,2,0.6,0.020449041043743052,k2
4,k2,9,225848392,600,3,0.4,0.033563982036593915,k2
4,k2,9,225848392,1200,0,0.4,0.02495324976882201,k2
4,k2,9,225848392,1200,1,1.0,0.0025314273214260274,k2
4,k2,9,225848392,1200,2,0.8,0.01393431841140608,k2
4,k2,9,225848392,1200,3,-0.8,0.01371802758881644,k2
4,k2,10,2095124960,150,0,-0.3999999999999999,0.07653930911497422,k2
4,k2,10,2095124960,150,1,-0.8,0.045711227273586334,k2
4,k2,10,2095124960,150,2,0.4,0.05240199194912978,k2
4,k2,10,2095124960,150,3,-0.8,0.18294679889697993,k2
4,k2,10,2095124960,300,0,0.4,0.04174571803126238,k2
4,k2,10,2095124960,300,1,-0.3999999999999999,0.03670327969284169,k2
4,k2,10,2095124960,300,2,-0.8,0.08288303834658847,k2
4,k2,10,2095124960,300,3,-0.3999999999999999,0.020009818954738374,k2
4,k2,10,2095124960,600,0,-1.0,0.0437075775420533,k2
4,k2,10,2095124960,600,1,-0.3999999999999999,0.016618176995558613,k2
4,k2,10,2095124960,600,2,-0.3999999999999999,0.028220762371872692,k2
4,k2,10,2095124960,600,3,-0.6000000000000001,0.022681040870052238,k2
4,k2,10,2095124960,1200,0,-0.3999999999999999,0.011951739714685968,k2
4,k2,10,2095124960,1200,1,-0.3999999999999999,0.009465094585274164,k2
4,k2,10,2095124960,1200,2,-0.6000000000000001,0.018734940132089945,k2
4,k2,10,2095124960,1200,3,-0.6000000000000001,0.01501466672832563,k2
4,k2,11,1481556409,150,0,0.4,0.036258346005164366,k2
4,k2,11,1481556409,150,1,0.8,0.15188763155200918,k2
4,k2,11,1481556409,150,2,0.0,0.026516281555651892,k2
4,k2,11,1481556409,150,3,0.4,0.009536661211977146,k2
4,k2,11,1481556409,300,0,-0.19999999999999996,0.06719679824975096,k2
4,k2,11,1481556409,300,1,-0.6000000000000001,0.03730759958205588,k2
4,k2,11,1481556409,300,2,0.0,0.04572663696976344,k2
4,k2,11,1481556409,300,3,-0.19999999999999996,0.04367331215800875,k2
4,k2,11,1481556409,600,0,1.0,0.008283006893941744,k2
4,k2,11,1481556409,600,1,-0.19999999999999996,0.03315480653564012,k2
4,k2,11,1481556409,600,2,0.0,0.049362094501064706,k2
4,k2,11,1481556409,600,3,-0.19999999999999996,0.03195409971525427,k2
4,k2,11,1481556409,1200,0,1.0,0.016300345187802753,k2
4,k2,11,1481556409,1200,1,0.4,0.010997025662858742,k2
4,k2,11,1481556409,1200,2,0.4,0.019552930664619883,k2
4,k2,11,1481556409,1200,3,0.0,0.021774107027517146,k2
4,k2,12,2021233143,150,0,0.19999999999999996,0.03887546124179385,k2
4,k2,12,2021233143,150,1,1.0,0.03666343122105734,k2
4,k2,12,2021233143,150,2,0.4,0.018049040192430692,k2
4,k2,12,2021233143,150,3,0.19999999999999996,0.030300004657681914,k2
4,k2,12,2021233143,300,0,-0.19999999999999996,0.06702986191318955,k2
4,k2,12,2021233143,300,1,0.4,0.006816713460353974,k2
4,k2,12,2021233143,300,2,0.8,0.02479015819530493,k2
4,k2,12,2021233143,300,3,-0.3999999999999999,0.03028510678170694,k2
4,k2,12,2021233143,600,0,-0.3999999999999999,0.01779702023311373,k2
4,k2,12,2021233143,600,1,0.6,0.017235315557083394,k2
4,k2,12,2021233143,600,2,0.0,0.015043774171179986,k2
4,k2,12,2021233143,600,3,0.8,0.01858623096862369,k2
4,k2,12,2021233143,1200,0,-1.0,0.01543501928630409,k2
4,k2,12,2021233143,1200,1,0.4,0.014377271923115751,k2
4,k2,12,2021233143,1200,2,1.0,0.0059298358937088565,k2
4,k2,12,2021233143,1200,3,-0.3999999999999999,0.017212493788082643,k2
4,k2,13,994716454,150,0,-1.0,0.05084284201417643,k2
4,k2,13,994716454,150,1,0.8,0.057984681750704634,k2
4,k2,13,994716454,150,2,-0.8,0.059603601472340804,k2
4,k2,13,994716454,150,3,0.4,0.06293147330864265,k2
4,k2,13,994716454,300,0,0.4,0.047798537565270915,k2
4,k2,13,994716454,300,1,-0.6000000000000001,0.032482749369795214,k2
4,k2,13,994716454,300,2,0.0,0.13734343087283626,k2
4,k2,13,994716454,300,3,-0.6000000000000001,0.03708914330474076,k2
4,k2,13,994716454,600,0,0.4,0.07450350676840908,k2
4,k2,13,994716454,600,1,-0.8,0.028195089585513755,k2
4,k2,13,994716454,600,2,-0.19999999999999996,0.028031417724227875,k2
4,k2,13,994716454,600,3,0.6,0.009286029593236666,k2
4,k2,13,994716454,1200,0,-0.6000000000000001,0.012010835502457472,k2
4,k2,13,994716454,1200,1,-0.19999999999999996,0.009467528711989808,k2
4,k2,13,994716454,1200,2,0.4,0.015165008448078849,k2
4,k2,13,994716454,1200,3,0.4,0.010638373953307334,k2
4,k2,14,708912791,150,0,1.0,0.17421269618342763,k2
4,k2,14,708912791,150,1,0.0,0.051183278616792054,k2
4,k2,14,708912791,150,2,-0.19999999999999996,0.0971695335661043,k2
4,k2,14,708912791,150,3,0.19999999999999996,0.02620182620487138,k2
4,k2,14,708912791,300,0,0.8,0.02378637279617794,k2
4,k2,14,708912791,300,1,1.0,0.09664060511325351,k2
4,k2,14,708912791,300,2,0.4,0.06632537157516498,k2
4,k2,14,708912791,300,3,-0.19999999999999996,0.05838594794330493,k2
4,k2,14,708912791,600,0,0.4,0.0383344999839682,k2
4,k2,14,708912791,600,1,0.4,0.011658210438307386,k2
4,k2,14,708912791,600,2,-0.3999999999999999,0.015963612512059466,k2
4,k2,14,708912791,600,3,0.8,0.017885541277141107,k2
4,k2,14,708912791,1200,0,1.0,0.005936366661184129,k2
4,k2,14,708912791,1200,1,-0.19999999999999996,0.015822219497242898,k2
4,k2,14,708912791,1200,2,1.0,0.007582301302393479,k2
4,k2,14,708912791,1200,3,0.19999999999999996,0.008077764788860683,k2
4,k2,15,1646702009,150,0,0.8,0.06340790708365185,k2
4,k2,15,1646702009,150,1,0.8,0.04066512039480946,k2
4,k2,15,1646702009,150,2,-0.8,0.06305918266407105,k2
4,k2,15,1646702009,150,3,0.0,0.0447745540489981,k2
4,k2,15,1646702009,300,0,-0.3999999999999999,0.03665296532076044,k2
4,k2,15,1646702009,300,1,0.0,0.057525346983478526,k2
4,k2,15,1646702009,300,2,0.8,0.04824678658015156,k2
4,k2,15,1646702009,300,3,0.8,0.010649508695820901,k2
4,k2,15,1646702009,600,0,0.6,0.03980679832130806,k2
4,k2,15,1646702009,600,1,0.6,0.02127350203634562,k2
4,k2,15,1646702009,600,2,0.8,0.02577931166432191,k2
4,k2,15,1646702009,600,3,0.0,0.02006161083308382,k2
4,k2,15,1646702009,1200,0,0.8,0.010675763887397619,k2
4,k2,15,1646702009,1200,1,0.4,0.018149942098421697,k2
4,k2,15,1646702009,1200,2,-1.0,0.013473185942904696,k2
4,k2,15,1646702009,1200,3,-1.0,0.011186578056856977,k2
4,k2,16,1899760824,150,0,-1.0,0.11106600490820981,k2
4,k2,16,1899760824,150,1,0.19999999999999996,0.027182275660669136,k2
4,k2,16,1899760824,150,2,-0.3999999999999999,0.08217194752189626,k2
4,k2,16,1899760824,150,3,-1.0,0.14771032569992915,k2
4,k2,16,1899760824,300,0,0.8,0.027764405665243914,k2
4,k2,16,1899760824,300,1,0.4,0.02762223239551921,k2
4,k2,16,1899760824,300,2,-0.3999999999999999,0.04796961680727692,k2
4,k2,16,1899760824,300,3,-0.3999999999999999,0.027845117328453788,k2
4,k2,16,1899760824,600,0,0.6,0.03401783034710308,k2
4,k2,16,1899760824,600,1,0.19999999999999996,0.0418351270601927,k2
4,k2,16,1899760824,600,2,-0.8,0.02551519982335259,k2
4,k2,16,1899760824,600,3,0.8,0.0167305635640728,k2
4,k2,16,1899760824,1200,0,0.0,0.015306841694618444,k2
4,k2,16,1899760824,1200,1,0.6,0.004282640632620653,k2
4,k2,16,1899760824,1200,2,0.8,0.011050844213125157,k2
4,k2,16,1899760824,1200,3,0.0,0.018069565284809894,k2
4,k2,17,877182698,150,0,-0.8,0.06188095265460155,k2
4,k2,17,877182698,150,1,0.8,0.06984715232805389,k2
4,k2,17,877182698,150,2,0.8,0.06352301499853494,k2
4,k2,17,877182698,150,3,0.8,0.06336018860939147,k2
4,k2,17,877182698,300,0,-0.8,0.023354107175577257,k2
4,k2,17,877182698,300,1,0.19999999999999996,0.07197623285540025,k2
4,k2,17,877182698,300,2,0.4,0.06270871407735114,k2
4,k2,17,877182698,300,3,0.4,0.021503584577816995,k2
4,k2,17,877182698,600,0,-0.3999999999999999,0.01628886729872748,k2
4,k2,17,877182698,600,1,0.4,0.017280355997336516,k2
4,k2,17,877182698,600,2,0.4,0.04660665176267792,k2
4,k2,17,877182698,600,3,0.4,0.02334211708693567,k2
4,k2,17,877182698,1200,0,0.8,0.006260026600886139,k2
4,k2,17,877182698,1200,1,-0.3999999999999999,0.02789213420628328,k2
4,k2,17,877182698,1200,2,0.8,0.009918113070957385,k2
4,k2,17,877182698,1200,3,1.0,0.008565147059584697,k2
4,k2,18,246226895,150,0,0.4,0.026858220392514613,k2
4,k2,18,246226895,150,1,0.0,0.02622562281508118,k2
4,k2,18,246226895,150,2,0.0,0.03128401495396388,k2
4,k2,18,246226895,150,3,0.8,0.055722832352087706,k2
4,k2,18,246226895,300,0,-0.6000000000000001,0.035236324383290274,k2
4,k2,18,246226895,300,1,1.0,0.036907171915738946,k2
4,k2,18,246226895,300,2,0.19999999999999996,0.05046056346378797,k2
4,k2,18,246226895,300,3,-0.6000000000000001,0.060110917880658886,k2
4,k2,18,246226895,600,0,-0.19999999999999996,0.0286847188885501,k2
4,k2,18,246226895,600,1,1.0,0.018453191902755794,k2
4,k2,18,246226895,600,2,0.4,0.05275230622860648,k2
4,k2,18,246226895,600,3,0.8,0.02916827845817426,k2
4,k2,18,246226895,1200,0,0.4,0.01541596219960696,k2
4,k2,18,246226895,1200,1,1.0,0.01410108824417829,k2
4,k2,18,246226895,1200,2,0.19999999999999996,0.015963459194474124,k2
4,k2,18,246226895,1200,3,0.4,0.014138785611539658,k2
4,k2,19,1796647396,150,0,0.4,0.10122259861099836,k2
4,k2,19,1796647396,150,1,-0.8,0.028399871894376927,k2
4,k2,19,1796647396,150,2,0.4,0.07966786867591252,k2
4,k2,19,1796647396,150,3,-0.3999999999999999,0.0551070768726601,k2
4,k2,19,1796647396,300,0,0.19999999999999996,0.031146648111026992,k2
4,k2,19,1796647396,300,1,0.19999999999999996,0.06683816805259402,k2
4,k2,19,1796647396,300,2,0.0,0.022127151645507798,k2
4,k2,19,1796647396,300,3,0.8,0.01925010434669767,k2
4,k2,19,1796647396,600,0,-0.3999999999999999,0.0258172020210743,k2
4,k2,19,1796647396,600,1,0.8,0.012321150720843613,k2
4,k2,19,1796647396,600,2,0.4,0.01585635464986451,k2
4,k2,19,1796647396,600,3,-0.3999999999999999,0.026163873722531445,k2
4,k2,19,1796647396,1200,0,0.8,0.012326296512121613,k2
4,k2,19,1796647396,1200,1,-0.3999999999999999,0.010825989304700247,k2
4,k2,19,1796647396,1200,2,0.19999999999999996,0.02051185918026781,k2
4,k2,19,1796647396,1200,3,0.6,0.005844399919629903,k2
4,k2,20,1441164493,150,0,0.8,0.19691576612739287,k2
4,k2,20,1441164493,150,1,-0.3999999999999999,0.03165836595749767,k2
4,k2,20,1441164493,150,2,-0.19999999999999996,0.04153042123494821,k2
4,k2,20,1441164493,150,3,0.6,0.013982046867912826,k2
4,k2,20,1441164493,300,0,-0.3999999999999999,0.02557878458798518,k2
4,k2,20,1441164493,300,1,0.0,0.025625882059931823,k2
4,k2,20,1441164493,300,2,-0.3999999999999999,0.08155722374335245,k2
4,k2,20,1441164493,300,3,0.8,0.04088869893584572,k2
4,k2,20,1441164493,600,0,0.0,0.029402903629556262,k2
4,k2,20,1441164493,600,1,0.0,0.03410991994424392,k2
4,k2,20,1441164493,600,2,0.4,0.029830311166616455,k2
4,k2,20,1441164493,600,3,-0.8,0.010812115523020884,k2
4,k2,20,1441164493,1200,0,0.6,0.02787708305536488,k2
4,k2,20,1441164493,1200,1,0.4,0.007269286758288954,k2
4,k2,20,1441164493,1200,2,0.0,0.005946428745269058,k2
4,k2,20,1441164493,1200,3,1.0,0.01682262317084641,k2
4,k2,21,75697996,150,0,-1.0,0.033639897329147676,k2
4,k2,21,75697996,150,1,-0.8,0.05396368928719333,k2
4,k2,21,75697996,150,2,0.8,0.10790738192787398,k2
4,k2,21,75697996,150,3,0.19999999999999996,0.12915447174114925,k2
4,k2,21,75697996,300,0,0.8,0.0269248206302167,k2
4,k2,21,75697996,300,1,0.0,0.10679558588483429,k2
4,k2,21,75697996,300,2,-1.0,0.018223103755811265,k2
4,k2,21,75697996,300,3,0.8,0.07752526715820549,k2
4,k2,21,75697996,600,0,0.8,0.021481507976254834,k2
4,k2,21,75697996,600,1,-0.19999999999999996,0.03491442686210976,k2
4,k2,21,75697996,600,2,0.8,0.01855206354681936,k2
4,k2,21,75697996,600,3,1.0,0.01442908705025581,k2
4,k2,21,75697996,1200,0,0.0,0.014210468634421197,k2
4,k2,21,75697996,1200,1,0.4,0.006222260716232147,k2
4,k2,21,75697996,1200,2,0.0,0.007924852632671765,k2
4,k2,21,75697996,1200,3,0.0,0.012416403963474376,k2
4,k2,22,1582922075,150,0,-1.0,0.0477773915644379,k2
4,k2,22,1582922075,150,1,0.6,0.012425914014880388,k2
4,k2,22,1582922075,150,2,-0.3999999999999999,0.09138899797330947,k2
4,k2,22,1582922075,150,3,-0.6000000000000001,0.044708463008608375,k2
4,k2,22,1582922075,300,0,0.19999999999999996,0.0953951904023427,k2
4,k2,22,1582922075,300,1,-0.3999999999999999,0.039117360638548024,k2
4,k2,22,1582922075,300,2,-0.8,0.01998798632079399,k2
4,k2,22,1582922075,300,3,-0.3999999999999999,0.039085820910701174,k2
4,k2,22,1582922075,600,0,-0.3999999999999999,0.021615741039848167,k2
4,k2,22,1582922075,600,1,0.6,0.023356907408023327,k2
4,k2,22,1582922075,600,2,-0.6000000000000001,0.025023565370559935,k2
4,k2,22,1582922075,600,3,0.8,0.00731349132903391,k2
4,k2,22,1582922075,1200,0,0.8,0.009914978919521185,k2
4,k2,22,1582922075,1200,1,0.19999999999999996,0.018289498862207328,k2
4,k2,22,1582922075,1200,2,0.8,0.005456569763985241,k2
4,k2,22,1582922075,1200,3,0.6,0.008529822437737342,k2
4,k2,23,1992711895,150,0,0.6,0.08404926865781437,k2
4,k2,23,1992711895,150,1,1.0,0.06731553516960043,k2
4,k2,23,1992711895,150,2,0.19999999999999996,0.05550946550200268,k2
4,k2,23,1992711895,150,3,0.8,0.051151139183577755,k2
4,k2,23,1992711895,300,0,0.0,0.05650188713178086,k2
4,k2,23,1992711895,300,1,-0.19999999999999996,0.04278049711955303,k2
4,k2,23,1992711895,300,2,0.8,0.016553306886067487,k2
4,k2,23,1992711895,300,3,0.8,0.034158035969421977,k2
4,k2,23,1992711895,600,0,0.8,0.06431901090926115,k2
4,k2,23,1992711895,600,1,0.4,0.01283875299745767,k2
4,k2,23,1992711895,600,2,0.4,0.02303224857493689,k2
4,k2,23,1992711895,600,3,0.8,0.02879627863065299,k2
4,k2,23,1992711895,1200,0,0.19999999999999996,0.011566013293207653,k2
4,k2,23,1992711895,1200,1,-0.19999999999999996,0.03128039295243207,k2
4,k2,23,1992711895,1200,2,0.8,0.02783169133830335,k2
4,k2,23,1992711895,1200,3,0.19999999999999996,0.008524958328329146,k2
4,k2,24,1478853711,150,0,0.4,0.10964541350976985,k2
4,k2,24,1478853711,150,1,0.8,0.07785481983076575,k2
4,k2,24,1478853711,150,2,-0.19999999999999996,0.11240941728689621,k2
4,k2,24,1478853711,150,3,-0.3999999999999999,0.02617448120981905,k2
4,k2,24,1478853711,300,0,0.4,0.05498110713332417,k2
4,k2,24,1478853711,300,1,-1.0,0.046046067788306534,k2
4,k2,24,1478853711,300,2,-0.6000000000000001,0.08438696289633241,k2
4,k2,24,1478853711,300,3,0.0,0.044168870595629454,k2
4,k2,24,1478853711,600,0,-0.8,0.03445892048447801,k2
4,k2,24,1478853711,600,1,-0.3999999999999999,0.025108982145303646,k2
4,k2,24,1478853711,600,2,0.0,0.026822890988795322,k2
4,k2,24,1478853711,600,3,0.19999999999999996,0.020070189443126114,k2
4,k2,24,1478853711,1200,0,-0.19999999999999996,0.009525781770105055,k2
4,k2,24,1478853711,1200,1,0.4,0.010040977871180133,k2
4,k2,24,1478853711,1200,2,0.0,0.018738560285515557,k2
4,k2,24,1478853711,1200,3,0.19999999999999996,0.012032756387236294,k2
