n,cell,firm,ch,cb,cb_over_ch,L,tau,z_tau,w,kappa_eff
8,k1,firm_0,1.0,9.0,9.0,1,0.9,1.2815515655446004,2.4819212119277814,1.0
8,k1,firm_1,1.0,9.0,9.0,1,0.9,1.2815515655446004,2.4819212119277814,1.0
8,k1,firm_2,1.0,9.0,9.0,1,0.9,1.2815515655446004,2.4819212119277814,1.0
8,k1,firm_3,1.0,9.0,9.0,1,0.9,1.2815515655446004,2.4819212119277814,1.0
8,k1,firm_4,1.0,9.0,9.0,1,0.9,1.2815515655446004,2.4819212119277814,1.0
8,k1,firm_5,1.0,9.0,9.0,1,0.9,1.2815515655446004,2.4819212119277814,1.0
8,k1,firm_6,1.0,9.0,9.0,1,0.9,1.2815515655446004,2.4819212119277814,1.0
8,k1,firm_7,1.0,9.0,9.0,1,0.9,1.2815515655446004,2.4819212119277814,1.0
8,k2,firm_0,1.0,4.0,4.0,1,0.8,0.8416212335729143,1.9796297239436977,1.3856175577929513
8,k2,firm_1,1.0,6.0,6.0,1,0.8571428571428571,1.0675705238781412,2.233772353052389,1.3856175577929513
8,k2,firm_2,1.0,9.0,9.0,1,0.9,1.2815515655446004,2.4819212119277814,1.3856175577929513
8,k2,firm_3,1.0,12.0,12.0,1,0.9230769230769231,1.4260768722728474,2.653121288820653,1.3856175577929513
8,k2,firm_4,1.0,5.0,5.0,1,0.8333333333333334,0.967421566101701,2.1200555327283306,1.3856175577929513
8,k2,firm_5,1.0,8.0,8.0,1,0.8888888888888888,1.2206403488473496,2.410606085862255,1.3856175577929513
8,k2,firm_6,1.0,10.0,10.0,1,0.9090909090909091,1.3351777361189363,2.5451269639462897,1.3856175577929513
8,k2,firm_7,1.0,14.0,14.0,1,0.9333333333333333,1.501085946044025,2.7430097034252006,1.3856175577929513
8,k5,firm_0,1.0,2.0,2.0,1,0.6666666666666666,0.43072729929545744,1.5426231978649074,1.9894858610763237
8,k5,firm_1,1.0,5.0,5.0,1,0.8333333333333334,0.967421566101701,2.1200555327283306,1.9894858610763237
8,k5,firm_2,1.0,12.0,12.0,1,0.9230769230769231,1.4260768722728474,2.653121288820653,1.9894858610763237
8,k5,firm_3,1.0,25.0,25.0,1,0.9615384615384616,1.7688250385187065,3.0690270411205773,1.9894858610763237
8,k5,firm_4,1.0,3.0,3.0,1,0.75,0.6744897501960817,1.797615755577215,1.9894858610763237
8,k5,firm_5,1.0,8.0,8.0,1,0.8888888888888888,1.2206403488473496,2.410606085862255,1.9894858610763237
8,k5,firm_6,1.0,15.0,15.0,1,0.9375,1.5341205443525463,2.7828090217004378,1.9894858610763237
8,k5,firm_7,1.0,20.0,20.0,1,0.9523809523809523,1.668391193947079,2.9458367629453783,1.9894858610763237
8,k10,firm_0,1.0,1.0,1.0,1,0.5,0.0,1.1283791670955128,2.941675483095849
8,k10,firm_1,1.0,5.0,5.0,1,0.8333333333333334,0.967421566101701,2.1200555327283306,2.941675483095849
8,k10,firm_2,1.0,15.0,15.0,1,0.9375,1.5341205443525463,2.7828090217004378,2.941675483095849
8,k10,firm_3,1.0,40.0,40.0,1,0.975609756097561,1.970505303170329,3.3193253314809845,2.941675483095849
8,k10,firm_4,1.0,2.0,2.0,1,0.6666666666666666,0.43072729929545744,1.5426231978649074,2.941675483095849
8,k10,firm_5,1.0,8.0,8.0,1,0.8888888888888888,1.2206403488473496,2.410606085862255,2.941675483095849
8,k10,firm_6,1.0,20.0,20.0,1,0.9523809523809523,1.668391193947079,2.9458367629453783,2.941675483095849
8,k10,firm_7,1.0,35.0,35.0,1,0.9722222222222222,1.9145058250555569,3.2494563923058313,2.941675483095849
