cell,seed,vN_op,vN_acc,eff_gap_op,eff_gap_acc,frac_ir_op,all_ir_op,frac_ir_acc,all_ir_acc,superadd_pair_op,superadd_pair_acc,neg_vN_op,neg_vN_acc
k1,10000,-0.06891583756516957,0.0765274918008953,0.0,1.3877787807814457e-17,0.25,False,0.75,False,0.3333333333333333,0.8333333333333334,1,0
k1,10001,0.035973559008778584,-0.05705318817608923,0.0,0.0,0.5,False,0.25,False,0.3333333333333333,0.16666666666666666,0,1
k1,10002,0.29532785414937,0.10441468055512215,0.0,0.0,1.0,True,0.75,False,1.0,0.6666666666666666,0,0
k1,10003,0.17203953652013798,-0.07354573644210033,0.0,0.0,1.0,True,0.25,False,0.8333333333333334,0.16666666666666666,0,1
k1,10004,-0.12117454241992306,0.02479500138853391,1.3877787807814457e-17,6.938893903907228e-18,0.5,False,0.75,False,0.5,0.6666666666666666,1,0
k1,10005,0.12040096978751881,0.010133541171280847,1.3877787807814457e-17,1.734723475976807e-18,0.75,False,0.5,False,0.3333333333333333,0.3333333333333333,0,0
k1,10006,0.03546644205235025,-0.05318854087031166,0.0,0.0,0.5,False,0.5,False,0.3333333333333333,0.3333333333333333,0,1
k1,10007,-0.12109210312894446,-0.10707209794507067,0.0,1.3877787807814457e-17,0.5,False,0.25,False,0.3333333333333333,0.3333333333333333,1,1
k1,10008,-0.01037799462734438,0.10573666699291584,0.0,0.0,0.25,False,0.75,False,0.3333333333333333,0.8333333333333334,1,0
k1,10009,0.026068062042126923,-0.04928714138487306,2.7755575615628914e-17,6.938893903907228e-18,0.5,False,0.25,False,0.6666666666666666,0.6666666666666666,0,1
k1,10010,0.24960366762029598,0.08278384350530044,0.0,1.3877787807814457e-17,0.75,False,0.75,False,0.3333333333333333,0.5,0,0
k1,10011,0.18174298942281042,0.11246000138834339,0.0,0.0,1.0,True,1.0,True,0.6666666666666666,0.6666666666666666,0,0
k1,10012,0.17888012462500197,-0.14666129612360923,0.0,0.0,1.0,True,0.25,False,0.5,0.16666666666666666,0,1
k1,10013,-0.2084955846052477,-0.15804456419869428,2.7755575615628914e-17,0.0,0.0,False,0.5,False,0.16666666666666666,0.3333333333333333,1,1
k1,10014,0.16437098249276405,-0.11581723786471393,2.7755575615628914e-17,1.3877787807814457e-17,0.5,False,0.5,False,0.8333333333333334,0.16666666666666666,0,1
k1,10015,0.11002667523711882,-0.07098959629346335,1.3877787807814457e-17,0.0,0.75,False,0.25,False,0.6666666666666666,0.5,0,1
k1,10016,-0.012753154438861774,-0.010786763049085935,0.0,0.0,0.5,False,0.5,False,0.3333333333333333,0.6666666666666666,1,1
k1,10017,0.1986815554656542,-0.012613681889024175,0.0,6.938893903907228e-18,1.0,True,0.5,False,0.8333333333333334,0.6666666666666666,0,1
k1,10018,-0.11330479984017408,-0.16445684855570109,1.3877787807814457e-17,2.7755575615628914e-17,0.5,False,0.25,False,0.3333333333333333,0.3333333333333333,1,1
k1,10019,-0.135454473097477,-0.0002812606086999847,0.0,1.951563910473908e-18,0.0,False,0.5,False,0.0,0.6666666666666666,1,1
k1,10020,0.03599963896197298,0.012569390025151228,0.0,0.0,0.5,False,0.5,False,0.5,0.6666666666666666,0,0
k1,10021,-0.02734570295731962,-0.126314934851733,2.0816681711721685e-17,0.0,0.75,False,0.0,False,0.5,0.0,1,1
k1,10022,0.1628485687654842,-0.03291881916150008,0.0,0.0,1.0,True,0.25,False,0.6666666666666666,0.3333333333333333,0,1
k1,10023,0.12521158089722895,0.03773950158691636,0.0,0.0,0.75,False,0.5,False,0.3333333333333333,0.5,0,0
k1,10024,0.2688668680536129,-0.005687329592217072,5.551115123125783e-17,6.938893903907228e-18,1.0,True,0.5,False,0.8333333333333334,0.5,0,1
k1,10025,-0.03267115867190716,-0.01978341717921278,1.3877787807814457e-17,3.469446951953614e-18,0.5,False,0.5,False,0.5,0.3333333333333333,1,1
k1,10026,-0.1749128521513849,-0.10683693815566053,5.551115123125783e-17,1.3877787807814457e-17,0.5,False,0.25,False,0.5,0.3333333333333333,1,1
k1,10027,-0.4100346806005787,0.002333004091454982,0.0,3.469446951953614e-18,0.25,False,0.5,False,0.16666666666666666,0.5,1,0
k1,10028,-0.13316109313097066,-0.18704610137357996,0.0,2.7755575615628914e-17,0.25,False,0.0,False,0.3333333333333333,0.0,1,1
k1,10029,0.027630100305663763,0.0043340948179498295,0.0,3.469446951953614e-18,0.5,False,0.5,False,0.6666666666666666,0.6666666666666666,0,0
k2,10000,-0.059952268923731164,0.0765274918008953,0.0,1.3877787807814457e-17,0.25,False,0.75,False,0.3333333333333333,0.8333333333333334,1,0
k2,10001,-0.05198768992904833,-0.05705318817608923,1.3877787807814457e-17,0.0,0.25,False,0.25,False,0.3333333333333333,0.16666666666666666,1,1
k2,10002,0.23192964291712181,0.10441468055512215,0.0,0.0,1.0,True,0.75,False,1.0,0.6666666666666666,0,0
k2,10003,0.16084826232861874,-0.07354573644210033,0.0,0.0,1.0,True,0.25,False,0.8333333333333334,0.16666666666666666,0,1
k2,10004,-0.07707932833304612,0.02479500138853391,2.7755575615628914e-17,6.938893903907228e-18,0.5,False,0.75,False,0.5,0.6666666666666666,1,0
k2,10005,0.1313957371281782,0.010133541171280847,0.0,1.734723475976807e-18,0.75,False,0.5,False,0.5,0.3333333333333333,0,0
k2,10006,0.10798615592436399,-0.05318854087031166,0.0,0.0,0.75,False,0.5,False,0.5,0.3333333333333333,0,1
k2,10007,0.001826721534451888,-0.10707209794507067,2.6020852139652106e-18,1.3877787807814457e-17,0.75,False,0.25,False,0.3333333333333333,0.3333333333333333,0,1
k2,10008,0.06560147733751191,0.10573666699291584,0.0,0.0,0.5,False,0.75,False,0.5,0.8333333333333334,0,0
k2,10009,0.11593742615373731,-0.04928714138487306,0.0,6.938893903907228e-18,0.75,False,0.25,False,0.6666666666666666,0.6666666666666666,0,1
k2,10010,0.3150982186921776,0.08278384350530044,0.0,1.3877787807814457e-17,0.75,False,0.75,False,0.5,0.5,0,0
k2,10011,0.17576188782417385,0.11246000138834339,0.0,0.0,1.0,True,1.0,True,0.8333333333333334,0.6666666666666666,0,0
k2,10012,0.24974382056912428,-0.14666129612360923,0.0,0.0,1.0,True,0.25,False,0.8333333333333334,0.16666666666666666,0,1
k2,10013,-0.12406830879979451,-0.15804456419869428,0.0,0.0,0.25,False,0.5,False,0.16666666666666666,0.3333333333333333,1,1
k2,10014,0.24680074358796933,-0.11581723786471393,2.7755575615628914e-17,1.3877787807814457e-17,1.0,True,0.5,False,0.8333333333333334,0.16666666666666666,0,1
k2,10015,0.059228895625870304,-0.07098959629346335,0.0,0.0,0.75,False,0.25,False,0.6666666666666666,0.5,0,1
k2,10016,0.006452385045050434,-0.010786763049085935,2.6020852139652106e-18,0.0,0.5,False,0.5,False,0.5,0.6666666666666666,0,1
k2,10017,0.15361467459309103,-0.012613681889024175,0.0,6.938893903907228e-18,1.0,True,0.5,False,0.8333333333333334,0.6666666666666666,0,1
k2,10018,0.02277479383250161,-0.16445684855570109,6.938893903907228e-18,2.7755575615628914e-17,0.75,False,0.25,False,0.6666666666666666,0.3333333333333333,0,1
k2,10019,-0.08633169988967768,-0.0002812606086999847,0.0,1.951563910473908e-18,0.0,False,0.5,False,0.0,0.6666666666666666,1,1
k2,10020,0.030631198880977328,0.012569390025151228,0.0,0.0,0.5,False,0.5,False,0.5,0.6666666666666666,0,0
k2,10021,0.013007206235277667,-0.126314934851733,1.734723475976807e-18,0.0,0.75,False,0.0,False,0.5,0.0,0,1
k2,10022,0.1168511186203062,-0.03291881916150008,0.0,0.0,1.0,True,0.25,False,0.6666666666666666,0.3333333333333333,0,1
k2,10023,0.07888896616896604,0.03773950158691636,0.0,0.0,0.5,False,0.5,False,0.5,0.5,0,0
k2,10024,0.30154492122244586,-0.005687329592217072,0.0,6.938893903907228e-18,1.0,True,0.5,False,0.8333333333333334,0.5,0,1
k2,10025,0.01695657459720547,-0.01978341717921278,3.469446951953614e-18,3.469446951953614e-18,0.75,False,0.5,False,0.5,0.3333333333333333,0,1
k2,10026,0.0850435908110094,-0.10683693815566053,1.3877787807814457e-17,1.3877787807814457e-17,0.5,False,0.25,False,0.8333333333333334,0.3333333333333333,0,1
k2,10027,-0.3463094207969062,0.002333004091454982,0.0,3.469446951953614e-18,0.25,False,0.5,False,0.16666666666666666,0.5,1,0
k2,10028,-0.09935659176207637,-0.18704610137357996,0.0,2.7755575615628914e-17,0.25,False,0.0,False,0.3333333333333333,0.0,1,1
k2,10029,-0.0014724424158798072,0.0043340948179498295,0.0,3.469446951953614e-18,0.25,False,0.5,False,0.5,0.6666666666666666,1,0
k5,10000,-0.09487006701472636,0.0765274918008953,0.0,1.3877787807814457e-17,0.25,False,0.75,False,0.3333333333333333,0.8333333333333334,1,0
k5,10001,-0.17751911299290218,-0.05705318817608923,0.0,0.0,0.25,False,0.25,False,0.3333333333333333,0.16666666666666666,1,1
k5,10002,0.3045213298938755,0.10441468055512215,0.0,0.0,1.0,True,0.75,False,1.0,0.6666666666666666,0,0
k5,10003,0.23368641331535137,-0.07354573644210033,0.0,0.0,1.0,True,0.25,False,0.8333333333333334,0.16666666666666666,0,1
k5,10004,-0.09696630150926808,0.02479500138853391,0.0,6.938893903907228e-18,0.25,False,0.75,False,0.5,0.6666666666666666,1,0
k5,10005,0.20269153156902728,0.010133541171280847,0.0,1.734723475976807e-18,0.75,False,0.5,False,0.6666666666666666,0.3333333333333333,0,0
k5,10006,0.3116930858461799,-0.05318854087031166,5.551115123125783e-17,0.0,0.75,False,0.5,False,0.6666666666666666,0.3333333333333333,0,1
k5,10007,0.13922261440881256,-0.10707209794507067,0.0,1.3877787807814457e-17,0.75,False,0.25,False,0.3333333333333333,0.3333333333333333,0,1
k5,10008,0.2131626219181089,0.10573666699291584,5.551115123125783e-17,0.0,1.0,True,0.75,False,0.6666666666666666,0.8333333333333334,0,0
k5,10009,0.2809000056617208,-0.04928714138487306,0.0,6.938893903907228e-18,1.0,True,0.25,False,0.8333333333333334,0.6666666666666666,0,1
k5,10010,0.48757068821483995,0.08278384350530044,0.0,1.3877787807814457e-17,0.75,False,0.75,False,0.6666666666666666,0.5,0,0
k5,10011,0.25225299380195376,0.11246000138834339,0.0,0.0,1.0,True,1.0,True,0.8333333333333334,0.6666666666666666,0,0
k5,10012,0.5289106100942148,-0.14666129612360923,1.1102230246251565e-16,0.0,1.0,True,0.25,False,1.0,0.16666666666666666,0,1
k5,10013,-0.09872423290925042,-0.15804456419869428,0.0,0.0,0.5,False,0.5,False,0.3333333333333333,0.3333333333333333,1,1
k5,10014,0.5379361101252597,-0.11581723786471393,0.0,1.3877787807814457e-17,1.0,True,0.5,False,1.0,0.16666666666666666,0,1
k5,10015,0.05690013062652094,-0.07098959629346335,0.0,0.0,0.5,False,0.25,False,0.6666666666666666,0.5,0,1
k5,10016,0.018358675940698583,-0.010786763049085935,0.0,0.0,0.5,False,0.5,False,0.6666666666666666,0.6666666666666666,0,1
k5,10017,0.1360798587139833,-0.012613681889024175,0.0,6.938893903907228e-18,1.0,True,0.5,False,0.8333333333333334,0.6666666666666666,0,1
k5,10018,0.26729461929542375,-0.16445684855570109,0.0,2.7755575615628914e-17,0.75,False,0.25,False,0.8333333333333334,0.3333333333333333,0,1
k5,10019,-0.04640886909918113,-0.0002812606086999847,0.0,1.951563910473908e-18,0.25,False,0.5,False,0.16666666666666666,0.6666666666666666,1,1
k5,10020,0.026960764241487155,0.012569390025151228,0.0,0.0,0.5,False,0.5,False,0.6666666666666666,0.6666666666666666,0,0
k5,10021,0.033269676144621334,-0.126314934851733,0.0,0.0,0.75,False,0.0,False,0.5,0.0,0,1
k5,10022,0.140871897681831,-0.03291881916150008,0.0,0.0,1.0,True,0.25,False,1.0,0.3333333333333333,0,1
k5,10023,0.025854146407683496,0.03773950158691636,1.0408340855860843e-17,0.0,0.5,False,0.5,False,0.3333333333333333,0.5,0,0
k5,10024,0.5460295361552631,-0.005687329592217072,0.0,6.938893903907228e-18,1.0,True,0.5,False,1.0,0.5,0,1
k5,10025,0.047879831196483986,-0.01978341717921278,6.938893903907228e-18,3.469446951953614e-18,0.75,False,0.5,False,0.5,0.3333333333333333,0,1
k5,10026,0.3794353039865537,-0.10683693815566053,0.0,1.3877787807814457e-17,0.75,False,0.25,False,0.8333333333333334,0.3333333333333333,0,1
k5,10027,-0.5703403650695925,0.002333004091454982,0.0,3.469446951953614e-18,0.0,False,0.5,False,0.3333333333333333,0.5,1,0
k5,10028,-0.13483352344317892,-0.18704610137357996,0.0,2.7755575615628914e-17,0.25,False,0.0,False,0.16666666666666666,0.0,1,1
k5,10029,0.028445244644823633,0.0043340948179498295,0.0,3.469446951953614e-18,0.5,False,0.5,False,0.5,0.6666666666666666,0,0
k10,10000,-0.14286091302912834,0.0765274918008953,0.0,1.3877787807814457e-17,0.25,False,0.75,False,0.3333333333333333,0.8333333333333334,1,0
k10,10001,-0.30297811286236653,-0.05705318817608923,5.551115123125783e-17,0.0,0.0,False,0.25,False,0.3333333333333333,0.16666666666666666,1,1
k10,10002,0.40859214883030315,0.10441468055512215,0.0,0.0,1.0,True,0.75,False,1.0,0.6666666666666666,0,0
k10,10003,0.32392217947525975,-0.07354573644210033,0.0,0.0,1.0,True,0.25,False,1.0,0.16666666666666666,0,1
k10,10004,-0.13640311393266366,0.02479500138853391,2.7755575615628914e-17,6.938893903907228e-18,0.5,False,0.75,False,0.5,0.6666666666666666,1,0
k10,10005,0.28035765406651997,0.010133541171280847,0.0,1.734723475976807e-18,1.0,True,0.5,False,0.8333333333333334,0.3333333333333333,0,0
k10,10006,0.5439075960837799,-0.05318854087031166,0.0,0.0,0.75,False,0.5,False,0.8333333333333334,0.3333333333333333,0,1
k10,10007,0.27137706781591403,-0.10707209794507067,5.551115123125783e-17,1.3877787807814457e-17,0.75,False,0.25,False,0.5,0.3333333333333333,0,1
k10,10008,0.36780554453657965,0.10573666699291584,0.0,0.0,1.0,True,0.75,False,0.8333333333333334,0.8333333333333334,0,0
k10,10009,0.4554420197345604,-0.04928714138487306,5.551115123125783e-17,6.938893903907228e-18,1.0,True,0.25,False,1.0,0.6666666666666666,0,1
k10,10010,0.6573430734830179,0.08278384350530044,0.0,1.3877787807814457e-17,1.0,True,0.75,False,0.8333333333333334,0.5,0,0
k10,10011,0.34226753346205857,0.11246000138834339,0.0,0.0,1.0,True,1.0,True,0.8333333333333334,0.6666666666666666,0,0
k10,10012,0.8453177781462549,-0.14666129612360923,0.0,0.0,1.0,True,0.25,False,1.0,0.16666666666666666,0,1
k10,10013,-0.09943834707833443,-0.15804456419869428,1.3877787807814457e-17,0.0,0.5,False,0.5,False,0.6666666666666666,0.3333333333333333,1,1
k10,10014,0.869667833209316,-0.11581723786471393,1.1102230246251565e-16,1.3877787807814457e-17,1.0,True,0.5,False,0.8333333333333334,0.16666666666666666,0,1
k10,10015,0.07191332432499853,-0.07098959629346335,0.0,0.0,0.75,False,0.25,False,0.6666666666666666,0.5,0,1
k10,10016,0.02688021541836277,-0.010786763049085935,3.469446951953614e-18,0.0,0.5,False,0.5,False,0.8333333333333334,0.6666666666666666,0,1
k10,10017,0.12349857735281454,-0.012613681889024175,0.0,6.938893903907228e-18,0.75,False,0.5,False,0.6666666666666666,0.6666666666666666,0,1
k10,10018,0.5301246112239394,-0.16445684855570109,0.0,2.7755575615628914e-17,0.75,False,0.25,False,1.0,0.3333333333333333,0,1
k10,10019,-0.007926759664186954,-0.0002812606086999847,5.204170427930421e-18,1.951563910473908e-18,0.5,False,0.5,False,0.3333333333333333,0.6666666666666666,1,1
k10,10020,0.02402172943806019,0.012569390025151228,6.938893903907228e-18,0.0,0.5,False,0.5,False,0.8333333333333334,0.6666666666666666,0,0
k10,10021,0.04874040048156502,-0.126314934851733,6.938893903907228e-18,0.0,0.75,False,0.0,False,0.5,0.0,0,1
k10,10022,0.18789681919461748,-0.03291881916150008,0.0,0.0,1.0,True,0.25,False,1.0,0.3333333333333333,0,1
k10,10023,-0.0359472010071621,0.03773950158691636,1.3877787807814457e-17,0.0,0.5,False,0.5,False,0.3333333333333333,0.5,1,0
k10,10024,0.8421676989017978,-0.005687329592217072,0.0,6.938893903907228e-18,1.0,True,0.5,False,0.8333333333333334,0.5,0,1
k10,10025,0.06971496502446188,-0.01978341717921278,0.0,3.469446951953614e-18,0.75,False,0.5,False,0.5,0.3333333333333333,0,1
k10,10026,0.6571554317595185,-0.10683693815566053,1.1102230246251565e-16,1.3877787807814457e-17,0.75,False,0.25,False,0.8333333333333334,0.3333333333333333,0,1
k10,10027,-0.8714088419022125,0.002333004091454982,0.0,3.469446951953614e-18,0.0,False,0.5,False,0.3333333333333333,0.5,1,0
k10,10028,-0.1904970346457248,-0.18704610137357996,0.0,2.7755575615628914e-17,0.25,False,0.0,False,0.16666666666666666,0.0,1,1
k10,10029,0.07731405490172308,0.0043340948179498295,0.0,3.469446951953614e-18,0.75,False,0.5,False,0.6666666666666666,0.6666666666666666,0,0
