seed,n,lambda_mode,cell,kappa_eff,rho,top1_dis,vN_unit,vN_w
20000,4,size_scaled,k1,1.0,1.0,0,0.352021123038492,0.8736886923158727
20000,4,size_scaled,k2,1.3402108771812469,1.0,0,0.352021123038492,0.6425532037415564
20000,4,size_scaled,k5,1.9894858610763237,1.0,0,0.352021123038492,0.41784456809972104
20000,4,size_scaled,k10,2.941675483095849,1.0,0,0.352021123038492,0.23403723628095996
20001,4,size_scaled,k1,1.0,1.0,0,0.25226998267957157,0.6261142211450826
20001,4,size_scaled,k2,1.3402108771812469,1.0,0,0.25226998267957157,0.52970292562645
20001,4,size_scaled,k5,1.9894858610763237,1.0,0,0.25226998267957157,0.45724056622688186
20001,4,size_scaled,k10,2.941675483095849,1.0,0,0.25226998267957157,0.3778231632517816
20002,4,size_scaled,k1,1.0,1.0,0,0.4894028447242702,1.2146593014989646
20002,4,size_scaled,k2,1.3402108771812469,1.0,0,0.4894028447242702,0.9827223561967999
20002,4,size_scaled,k5,1.9894858610763237,0.7999999999999999,0,0.4894028447242702,0.7867661441606695
20002,4,size_scaled,k10,2.941675483095849,0.7999999999999999,0,0.4894028447242702,0.6389354613984222
20003,4,size_scaled,k1,1.0,1.0,0,0.3698885462308432,0.9180342289394596
20003,4,size_scaled,k2,1.3402108771812469,1.0,0,0.3698885462308432,0.7341399577566268
20003,4,size_scaled,k5,1.9894858610763237,0.7999999999999999,0,0.3698885462308432,0.5734956796848145
20003,4,size_scaled,k10,2.941675483095849,0.7999999999999999,0,0.3698885462308432,0.43855589522899885
20004,4,size_scaled,k1,1.0,1.0,0,0.28094118207106966,0.6972738790862527
20004,4,size_scaled,k2,1.3402108771812469,1.0,0,0.28094118207106966,0.5528776176378347
20004,4,size_scaled,k5,1.9894858610763237,1.0,0,0.28094118207106966,0.4228186591250804
20004,4,size_scaled,k10,2.941675483095849,0.7999999999999999,0,0.28094118207106966,0.31815337409170513
20005,4,size_scaled,k1,1.0,1.0,0,0.3817654058575424,0.9475116587780529
20005,4,size_scaled,k2,1.3402108771812469,1.0,0,0.3817654058575424,0.7899757441925115
20005,4,size_scaled,k5,1.9894858610763237,1.0,0,0.3817654058575424,0.6631735028619764
20005,4,size_scaled,k10,2.941675483095849,0.7999999999999999,0,0.3817654058575424,0.5551931587682853
20006,4,size_scaled,k1,1.0,1.0,0,0.26441886069795917,0.6562667792000421
20006,4,size_scaled,k2,1.3402108771812469,0.7999999999999999,0,0.26441886069795917,0.5604159523801808
20006,4,size_scaled,k5,1.9894858610763237,0.7999999999999999,0,0.26441886069795917,0.49401391570734154
20006,4,size_scaled,k10,2.941675483095849,0.7999999999999999,0,0.26441886069795917,0.4130493739042664
20007,4,size_scaled,k1,1.0,1.0,0,0.545215342825994,1.3531815244283119
20007,4,size_scaled,k2,1.3402108771812469,1.0,0,0.545215342825994,1.0565719265597593
20007,4,size_scaled,k5,1.9894858610763237,1.0,0,0.545215342825994,0.7915305605092549
20007,4,size_scaled,k10,2.941675483095849,0.7999999999999999,0,0.545215342825994,0.5459471918605912
20008,4,size_scaled,k1,1.0,1.0,0,0.5163750754650707,1.281602253107568
20008,4,size_scaled,k2,1.3402108771812469,1.0,0,0.5163750754650707,1.0130916922691502
20008,4,size_scaled,k5,1.9894858610763237,1.0,0,0.5163750754650707,0.7773769360554885
20008,4,size_scaled,k10,2.941675483095849,0.7999999999999999,0,0.5163750754650707,0.5869167779230133
20009,4,size_scaled,k1,1.0,1.0,0,0.2183727665891193,0.5419840015048895
20009,4,size_scaled,k2,1.3402108771812469,1.0,0,0.2183727665891193,0.4327095949640018
20009,4,size_scaled,k5,1.9894858610763237,1.0,0,0.2183727665891193,0.33844224988855276
20009,4,size_scaled,k10,2.941675483095849,1.0,0,0.2183727665891193,0.2461272754936104
20010,4,size_scaled,k1,1.0,1.0,0,0.6422999175320498,1.5941377897422593
20010,4,size_scaled,k2,1.3402108771812469,1.0,0,0.6422999175320498,1.2581606525195503
20010,4,size_scaled,k5,1.9894858610763237,1.0,0,0.6422999175320498,0.9618025926870775
20010,4,size_scaled,k10,2.941675483095849,1.0,0,0.6422999175320498,0.6908435238330036
20011,4,size_scaled,k1,1.0,1.0,0,0.35931039599689196,0.8917800934908572
20011,4,size_scaled,k2,1.3402108771812469,1.0,0,0.35931039599689196,0.6973682758614554
20011,4,size_scaled,k5,1.9894858610763237,1.0,0,0.35931039599689196,0.5223076601137218
20011,4,size_scaled,k10,2.941675483095849,1.0,0,0.35931039599689196,0.3438306975069611
20012,4,size_scaled,k1,1.0,1.0,0,0.5616605144204478,1.3939971446423791
20012,4,size_scaled,k2,1.3402108771812469,1.0,0,0.5616605144204478,1.1428771195186818
20012,4,size_scaled,k5,1.9894858610763237,1.0,0,0.5616605144204478,0.9344281051337835
20012,4,size_scaled,k10,2.941675483095849,1.0,0,0.5616605144204478,0.7565715633035881
20013,4,size_scaled,k1,1.0,1.0,0,0.5466618902632412,1.3567717411968754
20013,4,size_scaled,k2,1.3402108771812469,1.0,0,0.5466618902632412,1.1070253200235558
20013,4,size_scaled,k5,1.9894858610763237,1.0,0,0.5466618902632412,0.9009808404416592
20013,4,size_scaled,k10,2.941675483095849,1.0,0,0.5466618902632412,0.7329652548837506
20014,4,size_scaled,k1,1.0,1.0,0,0.31942358601550813,0.7927841737219279
20014,4,size_scaled,k2,1.3402108771812469,1.0,0,0.31942358601550813,0.6662357036101337
20014,4,size_scaled,k5,1.9894858610763237,1.0,0,0.31942358601550813,0.5718711159448687
20014,4,size_scaled,k10,2.941675483095849,0.7999999999999999,0,0.31942358601550813,0.4746887651326498
20015,4,size_scaled,k1,1.0,1.0,0,0.36310687696089294,0.9012026601260912
20015,4,size_scaled,k2,1.3402108771812469,1.0,0,0.36310687696089294,0.7433400026230732
20015,4,size_scaled,k5,1.9894858610763237,1.0,0,0.36310687696089294,0.6157536587779562
20015,4,size_scaled,k10,2.941675483095849,1.0,0,0.36310687696089294,0.5117736895358121
20016,4,size_scaled,k1,1.0,1.0,0,0.24734129859476628,0.6138816155681135
20016,4,size_scaled,k2,1.3402108771812469,1.0,0,0.24734129859476628,0.5033700977222524
20016,4,size_scaled,k5,1.9894858610763237,1.0,0,0.24734129859476628,0.4090619501569721
20016,4,size_scaled,k10,2.941675483095849,1.0,0,0.24734129859476628,0.3157794897626121
20017,4,size_scaled,k1,1.0,1.0,0,0.06130722845382941,0.15215971074406165
20017,4,size_scaled,k2,1.3402108771812469,0.39999999999999997,1,0.06130722845382941,0.1150753071630638
20017,4,size_scaled,k5,1.9894858610763237,0.19999999999999998,1,0.06130722845382941,0.07850867994044619
20017,4,size_scaled,k10,2.941675483095849,0.19999999999999998,1,0.06130722845382941,0.06232152186495114
20018,4,size_scaled,k1,1.0,1.0,0,0.280403965220289,0.695940549188895
20018,4,size_scaled,k2,1.3402108771812469,1.0,0,0.280403965220289,0.6466803438734469
20018,4,size_scaled,k5,1.9894858610763237,0.7999999999999999,0,0.280403965220289,0.6388656371144364
20018,4,size_scaled,k10,2.941675483095849,0.7999999999999999,0,0.280403965220289,0.6207522427228085
20019,4,size_scaled,k1,1.0,1.0,0,0.43857679117624926,1.088513041079554
20019,4,size_scaled,k2,1.3402108771812469,1.0,0,0.43857679117624926,0.8467825829613833
20019,4,size_scaled,k5,1.9894858610763237,0.7999999999999999,0,0.43857679117624926,0.6273533566438354
20019,4,size_scaled,k10,2.941675483095849,0.7999999999999999,0,0.43857679117624926,0.4370727415152814
20020,4,size_scaled,k1,1.0,1.0,0,0.23827845641700307,0.5913883553267694
20020,4,size_scaled,k2,1.3402108771812469,1.0,0,0.23827845641700307,0.48985161829535995
20020,4,size_scaled,k5,1.9894858610763237,1.0,0,0.23827845641700307,0.4082641558710488
20020,4,size_scaled,k10,2.941675483095849,1.0,0,0.23827845641700307,0.33056776469207616
20021,4,size_scaled,k1,1.0,1.0,0,0.37894797449914464,0.9405190161264951
20021,4,size_scaled,k2,1.3402108771812469,1.0,0,0.37894797449914464,0.7491050832422813
20021,4,size_scaled,k5,1.9894858610763237,1.0,0,0.37894797449914464,0.5827714262159721
20021,4,size_scaled,k10,2.941675483095849,1.0,0,0.37894797449914464,0.4386807145721694
20022,4,size_scaled,k1,1.0,1.0,0,0.4293003052716742,1.0654895339408401
20022,4,size_scaled,k2,1.3402108771812469,1.0,0,0.4293003052716742,0.8771792332229966
20022,4,size_scaled,k5,1.9894858610763237,1.0,0,0.4293003052716742,0.7215901161638444
20022,4,size_scaled,k10,2.941675483095849,0.7999999999999999,1,0.4293003052716742,0.5741531033957783
20023,4,size_scaled,k1,1.0,1.0,0,0.6009206117499417,1.4914376129867992
20023,4,size_scaled,k2,1.3402108771812469,1.0,0,0.6009206117499417,1.1978409598126956
20023,4,size_scaled,k5,1.9894858610763237,1.0,0,0.6009206117499417,0.9462649752756516
20023,4,size_scaled,k10,2.941675483095849,1.0,0,0.6009206117499417,0.7142875955305202
20024,4,size_scaled,k1,1.0,1.0,0,0.22436502089927624,0.5568563045845337
20024,4,size_scaled,k2,1.3402108771812469,1.0,0,0.22436502089927624,0.43954435141052545
20024,4,size_scaled,k5,1.9894858610763237,0.7999999999999999,1,0.22436502089927624,0.333395983767767
20024,4,size_scaled,k10,2.941675483095849,0.7999999999999999,1,0.22436502089927624,0.2386189368399605
20025,4,size_scaled,k1,1.0,1.0,0,0.33970966160636173,0.8431326150376379
20025,4,size_scaled,k2,1.3402108771812469,1.0,0,0.33970966160636173,0.6816875103246944
20025,4,size_scaled,k5,1.9894858610763237,1.0,0,0.33970966160636173,0.5452366435461532
20025,4,size_scaled,k10,2.941675483095849,1.0,0,0.33970966160636173,0.41787411296689214
20026,4,size_scaled,k1,1.0,1.0,0,0.4201710189673653,1.042831364612414
20026,4,size_scaled,k2,1.3402108771812469,1.0,0,0.4201710189673653,0.8055005411139865
20026,4,size_scaled,k5,1.9894858610763237,1.0,0,0.4201710189673653,0.5883323694905509
20026,4,size_scaled,k10,2.941675483095849,0.7999999999999999,0,0.4201710189673653,0.39011433923767175
20027,4,size_scaled,k1,1.0,1.0,0,0.3809012062832293,0.9453667835232263
20027,4,size_scaled,k2,1.3402108771812469,1.0,0,0.3809012062832293,0.7603828981335127
20027,4,size_scaled,k5,1.9894858610763237,1.0,0,0.3809012062832293,0.6015000559316989
20027,4,size_scaled,k10,2.941675483095849,1.0,0,0.3809012062832293,0.45833186250240987
20028,4,size_scaled,k1,1.0,1.0,0,0.4487910697486559,1.1138640757329494
20028,4,size_scaled,k2,1.3402108771812469,1.0,0,0.4487910697486559,0.9063093504505549
20028,4,size_scaled,k5,1.9894858610763237,1.0,0,0.4487910697486559,0.7330128646006927
20028,4,size_scaled,k10,2.941675483095849,1.0,0,0.4487910697486559,0.5643634005208205
20029,4,size_scaled,k1,1.0,1.0,0,0.13868785420281116,0.34421232718270456
20029,4,size_scaled,k2,1.3402108771812469,1.0,0,0.13868785420281116,0.2559590731122829
20029,4,size_scaled,k5,1.9894858610763237,1.0,0,0.13868785420281116,0.17229891876885725
20029,4,size_scaled,k10,2.941675483095849,1.0,0,0.13868785420281116,0.08688723884031732
20000,4,fixed,k1,1.0,1.0,0,-0.010431285271737922,-0.025889628183596206
20000,4,fixed,k2,1.3402108771812469,1.0,0,-0.010431285271737922,-0.005905481046967739
20000,4,fixed,k5,1.9894858610763237,1.0,0,-0.010431285271737922,0.014879483476857802
20000,4,fixed,k10,2.941675483095849,0.7999999999999999,0,-0.010431285271737922,0.032425330761243994
20001,4,fixed,k1,1.0,1.0,0,0.02795200162081113,0.06937466573853088
20001,4,fixed,k2,1.3402108771812469,0.7999999999999999,0,0.02795200162081113,0.027595305275999654
20001,4,fixed,k5,1.9894858610763237,0.7999999999999999,0,0.02795200162081113,-0.018883294824455263
20001,4,fixed,k10,2.941675483095849,0.39999999999999997,0,0.02795200162081113,-0.06028439397094558
20002,4,fixed,k1,1.0,1.0,0,-0.07997728231719442,-0.19849731345538146
20002,4,fixed,k2,1.3402108771812469,1.0,0,-0.07997728231719442,-0.15817772527779037
20002,4,fixed,k5,1.9894858610763237,1.0,0,-0.07997728231719442,-0.1236768384380533
20002,4,fixed,k10,2.941675483095849,0.6000000000000001,1,-0.07997728231719442,-0.09461289386522469
20003,4,fixed,k1,1.0,1.0,0,0.028921411733731583,0.07178066526084544
20003,4,fixed,k2,1.3402108771812469,1.0,0,0.028921411733731583,0.092110766545317
20003,4,fixed,k5,1.9894858610763237,1.0,0,0.028921411733731583,0.1231770941058618
20003,4,fixed,k10,2.941675483095849,1.0,0,0.028921411733731583,0.15097024287832336
20004,4,fixed,k1,1.0,1.0,0,-0.08072886892658193,-0.20036269220382125
20004,4,fixed,k2,1.3402108771812469,0.7999999999999999,0,-0.08072886892658193,-0.17768240635954718
20004,4,fixed,k5,1.9894858610763237,0.7999999999999999,0,-0.08072886892658193,-0.16660035381764135
20004,4,fixed,k10,2.941675483095849,0.7999999999999999,0,-0.08072886892658193,-0.1582640223489188
20005,4,fixed,k1,1.0,1.0,0,-0.11076612219837806,-0.2749127882471392
20005,4,fixed,k2,1.3402108771812469,1.0,0,-0.11076612219837806,-0.19279050366032657
20005,4,fixed,k5,1.9894858610763237,0.7999999999999999,1,-0.11076612219837806,-0.10880610074168157
20005,4,fixed,k10,2.941675483095849,0.7999999999999999,1,-0.11076612219837806,-0.03750737123477724
20006,4,fixed,k1,1.0,1.0,0,0.18085995780839603,0.4488801656730217
20006,4,fixed,k2,1.3402108771812469,1.0,0,0.18085995780839603,0.4960327721359883
20006,4,fixed,k5,1.9894858610763237,1.0,0,0.18085995780839603,0.5933412432978319
20006,4,fixed,k10,2.941675483095849,1.0,0,0.18085995780839603,0.6577051152410613
20007,4,fixed,k1,1.0,1.0,0,-0.03840439986933719,-0.09531669466706448
20007,4,fixed,k2,1.3402108771812469,1.0,0,-0.03840439986933719,-0.08070006574105949
20007,4,fixed,k5,1.9894858610763237,1.0,0,-0.03840439986933719,-0.07128111792414127
20007,4,fixed,k10,2.941675483095849,1.0,0,-0.03840439986933719,-0.0679716267707226
20008,4,fixed,k1,1.0,1.0,0,0.0803434755707789,0.19940617625911763
20008,4,fixed,k2,1.3402108771812469,1.0,0,0.0803434755707789,0.12407350368796455
20008,4,fixed,k5,1.9894858610763237,1.0,0,0.0803434755707789,0.0464466530978449
20008,4,fixed,k10,2.941675483095849,1.0,0,0.0803434755707789,-0.02385365027699826
20009,4,fixed,k1,1.0,1.0,0,-0.012619663731979536,-0.03132101110379572
20009,4,fixed,k2,1.3402108771812469,1.0,0,-0.012619663731979536,-0.03172380122838827
20009,4,fixed,k5,1.9894858610763237,1.0,0,-0.012619663731979536,-0.034302906551414665
20009,4,fixed,k10,2.941675483095849,0.7999999999999999,0,-0.012619663731979536,-0.0367298667247792
20010,4,fixed,k1,1.0,1.0,0,0.0286004600112022,0.070984088372695
20010,4,fixed,k2,1.3402108771812469,1.0,0,0.0286004600112022,0.06361448979827036
20010,4,fixed,k5,1.9894858610763237,0.7999999999999999,1,0.0286004600112022,0.05997641078862129
20010,4,fixed,k10,2.941675483095849,0.19999999999999998,1,0.0286004600112022,0.059389742479076565
20011,4,fixed,k1,1.0,1.0,0,-0.116516680658176,-0.28918522126894247
20011,4,fixed,k2,1.3402108771812469,1.0,0,-0.116516680658176,-0.21297994083988903
20011,4,fixed,k5,1.9894858610763237,1.0,0,-0.116516680658176,-0.1397149919392816
20011,4,fixed,k10,2.941675483095849,1.0,0,-0.116516680658176,-0.07438843653629768
20012,4,fixed,k1,1.0,1.0,0,0.08339720056646105,0.20698528110129527
20012,4,fixed,k2,1.3402108771812469,1.0,0,0.08339720056646105,0.21425837926439184
20012,4,fixed,k5,1.9894858610763237,0.7999999999999999,0,0.08339720056646105,0.23654917953729412
20012,4,fixed,k10,2.941675483095849,0.7999999999999999,0,0.08339720056646105,0.234437346754834
20013,4,fixed,k1,1.0,1.0,0,-0.054190876446365,-0.13449748574519088
20013,4,fixed,k2,1.3402108771812469,1.0,0,-0.054190876446365,-0.07022671870646402
20013,4,fixed,k5,1.9894858610763237,1.0,0,-0.054190876446365,0.0008903016712376033
20013,4,fixed,k10,2.941675483095849,0.7999999999999999,0,-0.054190876446365,0.06062566006644647
20014,4,fixed,k1,1.0,1.0,0,0.0827893998642179,0.20547676764577344
20014,4,fixed,k2,1.3402108771812469,1.0,0,0.0827893998642179,0.20857737695348172
20014,4,fixed,k5,1.9894858610763237,1.0,0,0.0827893998642179,0.22869670697550037
20014,4,fixed,k10,2.941675483095849,0.7999999999999999,0,0.0827893998642179,0.22160281507638785
20015,4,fixed,k1,1.0,1.0,0,0.1346114705217677,0.3340950640567665
20015,4,fixed,k2,1.3402108771812469,1.0,0,0.1346114705217677,0.3106367756930179
20015,4,fixed,k5,1.9894858610763237,1.0,0,0.1346114705217677,0.30588822059708176
20015,4,fixed,k10,2.941675483095849,1.0,0,0.1346114705217677,0.3083106610406456
20016,4,fixed,k1,1.0,1.0,0,0.0516435348181378,0.12817518452406712
20016,4,fixed,k2,1.3402108771812469,1.0,0,0.0516435348181378,0.13841096875194214
20016,4,fixed,k5,1.9894858610763237,1.0,0,0.0516435348181378,0.15910769191098628
20016,4,fixed,k10,2.941675483095849,1.0,0,0.0516435348181378,0.17721528963264732
20017,4,fixed,k1,1.0,1.0,0,-0.2323898713803304,-0.5767733512160109
20017,4,fixed,k2,1.3402108771812469,1.0,0,-0.2323898713803304,-0.48736999469699194
20017,4,fixed,k5,1.9894858610763237,1.0,0,-0.2323898713803304,-0.4200170273507948
20017,4,fixed,k10,2.941675483095849,0.7999999999999999,0,-0.2323898713803304,-0.36432569712574947
20018,4,fixed,k1,1.0,1.0,0,0.21115309416432204,0.524065343370615
20018,4,fixed,k2,1.3402108771812469,0.7999999999999999,1,0.21115309416432204,0.5020116378375072
20018,4,fixed,k5,1.9894858610763237,0.7999999999999999,1,0.21115309416432204,0.5145208050143429
20018,4,fixed,k10,2.941675483095849,0.39999999999999997,1,0.21115309416432204,0.5041269817541949
20019,4,fixed,k1,1.0,1.0,0,-0.01099848913893331,-0.027297383493075866
20019,4,fixed,k2,1.3402108771812469,1.0,0,-0.01099848913893331,0.03205148016716414
20019,4,fixed,k5,1.9894858610763237,1.0,0,-0.01099848913893331,0.10356844888733488
20019,4,fixed,k10,2.941675483095849,0.7999999999999999,1,-0.01099848913893331,0.1702748611125897
20020,4,fixed,k1,1.0,1.0,0,-0.11163104066455981,-0.27705944773494373
20020,4,fixed,k2,1.3402108771812469,1.0,0,-0.11163104066455981,-0.19698196643952925
20020,4,fixed,k5,1.9894858610763237,1.0,0,-0.11163104066455981,-0.11875906420761295
20020,4,fixed,k10,2.941675483095849,1.0,0,-0.11163104066455981,-0.05171050276564189
20021,4,fixed,k1,1.0,1.0,0,0.037662891295475065,0.09347632880876976
20021,4,fixed,k2,1.3402108771812469,1.0,0,0.037662891295475065,0.0423303207401486
20021,4,fixed,k5,1.9894858610763237,1.0,0,0.037662891295475065,-0.016031424051691376
20021,4,fixed,k10,2.941675483095849,1.0,0,0.037662891295475065,-0.060823235177335594
20022,4,fixed,k1,1.0,1.0,0,0.09091739889141948,0.22564982084191337
20022,4,fixed,k2,1.3402108771812469,1.0,0,0.09091739889141948,0.16831863647372491
20022,4,fixed,k5,1.9894858610763237,1.0,0,0.09091739889141948,0.11077500866988856
20022,4,fixed,k10,2.941675483095849,1.0,0,0.09091739889141948,0.07316851992945346
20023,4,fixed,k1,1.0,1.0,0,0.04163356516147548,0.10333122850244349
20023,4,fixed,k2,1.3402108771812469,1.0,0,0.04163356516147548,0.10160230011781346
20023,4,fixed,k5,1.9894858610763237,1.0,0,0.04163356516147548,0.10737933076558653
20023,4,fixed,k10,2.941675483095849,1.0,0,0.04163356516147548,0.11414516043443576
20024,4,fixed,k1,1.0,1.0,0,0.17275070277950938,0.4287536336038958
20024,4,fixed,k2,1.3402108771812469,1.0,0,0.17275070277950938,0.43190542177254704
20024,4,fixed,k5,1.9894858610763237,1.0,0,0.17275070277950938,0.4690454566890686
20024,4,fixed,k10,2.941675483095849,1.0,0,0.17275070277950938,0.5068150602846117
20025,4,fixed,k1,1.0,1.0,0,-0.06978692574186568,-0.17320565131396537
20025,4,fixed,k2,1.3402108771812469,0.7999999999999999,1,-0.06978692574186568,-0.1348460055850345
20025,4,fixed,k5,1.9894858610763237,0.7999999999999999,1,-0.06978692574186568,-0.1001743278171642
20025,4,fixed,k10,2.941675483095849,0.7999999999999999,1,-0.06978692574186568,-0.06614077794018072
20026,4,fixed,k1,1.0,1.0,0,-0.13570711420828502,-0.3368143653630486
20026,4,fixed,k2,1.3402108771812469,0.7999999999999999,0,-0.13570711420828502,-0.27168743824757247
20026,4,fixed,k5,1.9894858610763237,0.7999999999999999,0,-0.13570711420828502,-0.21608440320592287
20026,4,fixed,k10,2.941675483095849,0.7999999999999999,0,-0.13570711420828502,-0.16384553435852017
20027,4,fixed,k1,1.0,1.0,0,0.029378830410161705,0.07291594237660931
20027,4,fixed,k2,1.3402108771812469,0.7999999999999999,0,0.029378830410161705,0.06428545746467942
20027,4,fixed,k5,1.9894858610763237,0.7999999999999999,0,0.029378830410161705,0.058333383897323565
20027,4,fixed,k10,2.941675483095849,0.7999999999999999,0,0.029378830410161705,0.05548818966202321
20028,4,fixed,k1,1.0,1.0,0,0.04066431765390094,0.10092563255378609
20028,4,fixed,k2,1.3402108771812469,0.7999999999999999,0,0.04066431765390094,0.07624226993453975
20028,4,fixed,k5,1.9894858610763237,0.7999999999999999,0,0.04066431765390094,0.05249159844867847
20028,4,fixed,k10,2.941675483095849,0.7999999999999999,0,0.04066431765390094,0.03530504515094999
20029,4,fixed,k1,1.0,1.0,0,0.07747726645825848,0.19229247106493252
20029,4,fixed,k2,1.3402108771812469,0.7999999999999999,0,0.07747726645825848,0.17236292023949923
20029,4,fixed,k5,1.9894858610763237,0.7999999999999999,0,0.07747726645825848,0.16243134134404513
20029,4,fixed,k10,2.941675483095849,0.39999999999999997,1,0.07747726645825848,0.15134462812739347
