lambda_mode,seed,spearman_kappa_rho
size_scaled,20000,
size_scaled,20001,
size_scaled,20002,-0.8944271909999159
size_scaled,20003,-0.8944271909999159
size_scaled,20004,-0.7745966692414834
size_scaled,20005,-0.7745966692414834
size_scaled,20006,-0.7745966692414834
size_scaled,20007,-0.7745966692414834
size_scaled,20008,-0.7745966692414834
size_scaled,20009,
size_scaled,20010,
size_scaled,20011,
size_scaled,20012,
size_scaled,20013,
size_scaled,20014,-0.7745966692414834
size_scaled,20015,
size_scaled,20016,
size_scaled,20017,-0.9486832980505139
size_scaled,20018,-0.8944271909999159
size_scaled,20019,-0.8944271909999159
size_scaled,20020,
size_scaled,20021,
size_scaled,20022,-0.7745966692414834
size_scaled,20023,
size_scaled,20024,-0.8944271909999159
size_scaled,20025,
size_scaled,20026,-0.7745966692414834
size_scaled,20027,
size_scaled,20028,
size_scaled,20029,
fixed,20000,-0.7745966692414834
fixed,20001,-0.9486832980505139
fixed,20002,-0.7745966692414834
fixed,20003,
fixed,20004,-0.7745966692414834
fixed,20005,-0.8944271909999159
fixed,20006,
fixed,20007,
fixed,20008,
fixed,20009,-0.7745966692414834
fixed,20010,-0.9486832980505139
fixed,20011,
fixed,20012,-0.8944271909999159
fixed,20013,-0.7745966692414834
fixed,20014,-0.7745966692414834
fixed,20015,
fixed,20016,
fixed,20017,-0.7745966692414834
fixed,20018,-0.9486832980505139
fixed,20019,-0.7745966692414834
fixed,20020,
fixed,20021,
fixed,20022,
fixed,20023,
fixed,20024,
fixed,20025,-0.7745966692414834
fixed,20026,-0.7745966692414834
fixed,20027,-0.7745966692414834
fixed,20028,-0.7745966692414834
fixed,20029,-0.9486832980505139
