n_firms,shared_factor_correlation,cb_over_ch,n_periods,n_features,n_obs_heterogeneity,ridge_lambda,seed,local_seed_idx,master_seed,firm,metric,value
4,0.6,1.0,400,5,moderate,1.0,2684470948,0,42,firm_0,phi_operational,1.947315772141375
4,0.6,1.0,400,5,moderate,1.0,2684470948,0,42,firm_0,phi_accuracy,0.05316156664220131
4,0.6,1.0,400,5,moderate,1.0,2684470948,0,42,firm_0,ir_operational,1.0
4,0.6,1.0,400,5,moderate,1.0,2684470948,0,42,firm_0,ir_accuracy,1.0
4,0.6,1.0,400,5,moderate,1.0,2684470948,0,42,firm_1,phi_operational,0.6786436377819692
4,0.6,1.0,400,5,moderate,1.0,2684470948,0,42,firm_1,phi_accuracy,0.0005855208673594494
4,0.6,1.0,400,5,moderate,1.0,2684470948,0,42,firm_1,ir_operational,1.0
4,0.6,1.0,400,5,moderate,1.0,2684470948,0,42,firm_1,ir_accuracy,1.0
4,0.6,1.0,400,5,moderate,1.0,2684470948,0,42,firm_2,phi_operational,-1.2198823844591022
4,0.6,1.0,400,5,moderate,1.0,2684470948,0,42,firm_2,phi_accuracy,0.02010634271717393
4,0.6,1.0,400,5,moderate,1.0,2684470948,0,42,firm_2,ir_operational,0.0
4,0.6,1.0,400,5,moderate,1.0,2684470948,0,42,firm_2,ir_accuracy,1.0
4,0.6,1.0,400,5,moderate,1.0,2684470948,0,42,firm_3,phi_operational,1.5877989265242147
4,0.6,1.0,400,5,moderate,1.0,2684470948,0,42,firm_3,phi_accuracy,0.011963216082856368
4,0.6,1.0,400,5,moderate,1.0,2684470948,0,42,firm_3,ir_operational,1.0
4,0.6,1.0,400,5,moderate,1.0,2684470948,0,42,firm_3,ir_accuracy,1.0
4,0.6,1.0,400,5,moderate,1.0,2684470948,0,42,_summary,v_op_N,2.993875951988457
4,0.6,1.0,400,5,moderate,1.0,2684470948,0,42,_summary,v_acc_N,0.08581664630959107
4,0.6,1.0,400,5,moderate,1.0,2684470948,0,42,_summary,spearman_rho,0.4
4,0.6,1.0,400,5,moderate,1.0,2684470948,0,42,_summary,payment_displacement,0.24769564696609442
4,0.6,1.0,400,5,moderate,1.0,2684470948,0,42,_summary,any_rank_reversal,1.0
4,0.6,1.0,400,5,moderate,1.0,2684470948,0,42,_summary,efficiency_gap_op,4.440892098500626e-16
4,0.6,1.0,400,5,moderate,1.0,4091952314,1,42,firm_0,phi_operational,3.750235269629177
4,0.6,1.0,400,5,moderate,1.0,4091952314,1,42,firm_0,phi_accuracy,0.024540253863033785
4,0.6,1.0,400,5,moderate,1.0,4091952314,1,42,firm_0,ir_operational,1.0
4,0.6,1.0,400,5,moderate,1.0,4091952314,1,42,firm_0,ir_accuracy,1.0
4,0.6,1.0,400,5,moderate,1.0,4091952314,1,42,firm_1,phi_operational,1.1156336900959283
4,0.6,1.0,400,5,moderate,1.0,4091952314,1,42,firm_1,phi_accuracy,0.01690768326421188
4,0.6,1.0,400,5,moderate,1.0,4091952314,1,42,firm_1,ir_operational,1.0
4,0.6,1.0,400,5,moderate,1.0,4091952314,1,42,firm_1,ir_accuracy,1.0
4,0.6,1.0,400,5,moderate,1.0,4091952314,1,42,firm_2,phi_operational,1.625588942752022
4,0.6,1.0,400,5,moderate,1.0,4091952314,1,42,firm_2,phi_accuracy,0.03488417759521119
4,0.6,1.0,400,5,moderate,1.0,4091952314,1,42,firm_2,ir_operational,1.0
4,0.6,1.0,400,5,moderate,1.0,4091952314,1,42,firm_2,ir_accuracy,1.0
4,0.6,1.0,400,5,moderate,1.0,4091952314,1,42,firm_3,phi_operational,6.743066208182023
4,0.6,1.0,400,5,moderate,1.0,4091952314,1,42,firm_3,phi_accuracy,0.017705078182117383
4,0.6,1.0,400,5,moderate,1.0,4091952314,1,42,firm_3,ir_operational,1.0
4,0.6,1.0,400,5,moderate,1.0,4091952314,1,42,firm_3,ir_accuracy,1.0
4,0.6,1.0,400,5,moderate,1.0,4091952314,1,42,_summary,v_op_N,13.234524110659152
4,0.6,1.0,400,5,moderate,1.0,4091952314,1,42,_summary,v_acc_N,0.09403719290457424
4,0.6,1.0,400,5,moderate,1.0,4091952314,1,42,_summary,spearman_rho,0.19999999999999996
4,0.6,1.0,400,5,moderate,1.0,4091952314,1,42,_summary,payment_displacement,0.17181633774045268
4,0.6,1.0,400,5,moderate,1.0,4091952314,1,42,_summary,any_rank_reversal,1.0
4,0.6,1.0,400,5,moderate,1.0,4091952314,1,42,_summary,efficiency_gap_op,0.0
4,0.6,1.0,400,5,moderate,1.0,233227757,2,42,firm_0,phi_operational,-0.6256815047668454
4,0.6,1.0,400,5,moderate,1.0,233227757,2,42,firm_0,phi_accuracy,-0.004573800326938585
4,0.6,1.0,400,5,moderate,1.0,233227757,2,42,firm_0,ir_operational,0.0
4,0.6,1.0,400,5,moderate,1.0,233227757,2,42,firm_0,ir_accuracy,0.0
4,0.6,1.0,400,5,moderate,1.0,233227757,2,42,firm_1,phi_operational,1.5498849703723465
4,0.6,1.0,400,5,moderate,1.0,233227757,2,42,firm_1,phi_accuracy,-0.01388706948447297
4,0.6,1.0,400,5,moderate,1.0,233227757,2,42,firm_1,ir_operational,1.0
4,0.6,1.0,400,5,moderate,1.0,233227757,2,42,firm_1,ir_accuracy,0.0
4,0.6,1.0,400,5,moderate,1.0,233227757,2,42,firm_2,phi_operational,-0.8436352760988086
4,0.6,1.0,400,5,moderate,1.0,233227757,2,42,firm_2,phi_accuracy,0.0006448846656749534
4,0.6,1.0,400,5,moderate,1.0,233227757,2,42,firm_2,ir_operational,0.0
4,0.6,1.0,400,5,moderate,1.0,233227757,2,42,firm_2,ir_accuracy,1.0
4,0.6,1.0,400,5,moderate,1.0,233227757,2,42,firm_3,phi_operational,-1.1359777624224705
4,0.6,1.0,400,5,moderate,1.0,233227757,2,42,firm_3,phi_accuracy,-0.0015446450499734994
4,0.6,1.0,400,5,moderate,1.0,233227757,2,42,firm_3,ir_operational,0.0
4,0.6,1.0,400,5,moderate,1.0,233227757,2,42,firm_3,ir_accuracy,0.0
4,0.6,1.0,400,5,moderate,1.0,233227757,2,42,_summary,v_op_N,-1.055409572915778
4,0.6,1.0,400,5,moderate,1.0,233227757,2,42,_summary,v_acc_N,-0.019360630195710105
4,0.6,1.0,400,5,moderate,1.0,233227757,2,42,_summary,spearman_rho,-0.8
4,0.6,1.0,400,5,moderate,1.0,233227757,2,42,_summary,payment_displacement,0.38731077001735226
4,0.6,1.0,400,5,moderate,1.0,233227757,2,42,_summary,any_rank_reversal,1.0
4,0.6,1.0,400,5,moderate,1.0,233227757,2,42,_summary,efficiency_gap_op,0.0
4,0.6,1.0,400,5,moderate,1.0,3276785861,3,42,firm_0,phi_operational,0.3774319081600813
4,0.6,1.0,400,5,moderate,1.0,3276785861,3,42,firm_0,phi_accuracy,-0.013499014348167027
4,0.6,1.0,400,5,moderate,1.0,3276785861,3,42,firm_0,ir_operational,1.0
4,0.6,1.0,400,5,moderate,1.0,3276785861,3,42,firm_0,ir_accuracy,0.0
4,0.6,1.0,400,5,moderate,1.0,3276785861,3,42,firm_1,phi_operational,-1.1486317487486275
4,0.6,1.0,400,5,moderate,1.0,3276785861,3,42,firm_1,phi_accuracy,0.002071014903965477
4,0.6,1.0,400,5,moderate,1.0,3276785861,3,42,firm_1,ir_operational,0.0
4,0.6,1.0,400,5,moderate,1.0,3276785861,3,42,firm_1,ir_accuracy,1.0
4,0.6,1.0,400,5,moderate,1.0,3276785861,3,42,firm_2,phi_operational,0.23659736424791333
4,0.6,1.0,400,5,moderate,1.0,3276785861,3,42,firm_2,phi_accuracy,-0.0030406145041600072
4,0.6,1.0,400,5,moderate,1.0,3276785861,3,42,firm_2,ir_operational,1.0
4,0.6,1.0,400,5,moderate,1.0,3276785861,3,42,firm_2,ir_accuracy,0.0
4,0.6,1.0,400,5,moderate,1.0,3276785861,3,42,firm_3,phi_operational,-2.03256095643889
4,0.6,1.0,400,5,moderate,1.0,3276785861,3,42,firm_3,phi_accuracy,-0.010870379141987591
4,0.6,1.0,400,5,moderate,1.0,3276785861,3,42,firm_3,ir_operational,0.0
4,0.6,1.0,400,5,moderate,1.0,3276785861,3,42,firm_3,ir_accuracy,0.0
4,0.6,1.0,400,5,moderate,1.0,3276785861,3,42,_summary,v_op_N,-2.567163432779523
4,0.6,1.0,400,5,moderate,1.0,3276785861,3,42,_summary,v_acc_N,-0.02533899309034915
4,0.6,1.0,400,5,moderate,1.0,3276785861,3,42,_summary,spearman_rho,-0.3999999999999999
4,0.6,1.0,400,5,moderate,1.0,3276785861,3,42,_summary,payment_displacement,0.31563768700242556
4,0.6,1.0,400,5,moderate,1.0,3276785861,3,42,_summary,any_rank_reversal,1.0
4,0.6,1.0,400,5,moderate,1.0,3276785861,3,42,_summary,efficiency_gap_op,4.440892098500626e-16
4,0.6,1.0,400,5,moderate,1.0,3644269654,4,42,firm_0,phi_operational,0.14207210424382782
4,0.6,1.0,400,5,moderate,1.0,3644269654,4,42,firm_0,phi_accuracy,0.0047442009700537175
4,0.6,1.0,400,5,moderate,1.0,3644269654,4,42,firm_0,ir_operational,1.0
4,0.6,1.0,400,5,moderate,1.0,3644269654,4,42,firm_0,ir_accuracy,1.0
4,0.6,1.0,400,5,moderate,1.0,3644269654,4,42,firm_1,phi_operational,1.2534621587339956
4,0.6,1.0,400,5,moderate,1.0,3644269654,4,42,firm_1,phi_accuracy,0.005521901026342313
4,0.6,1.0,400,5,moderate,1.0,3644269654,4,42,firm_1,ir_operational,1.0
4,0.6,1.0,400,5,moderate,1.0,3644269654,4,42,firm_1,ir_accuracy,1.0
4,0.6,1.0,400,5,moderate,1.0,3644269654,4,42,firm_2,phi_operational,2.9528636845016223
4,0.6,1.0,400,5,moderate,1.0,3644269654,4,42,firm_2,phi_accuracy,0.010676099522798799
4,0.6,1.0,400,5,moderate,1.0,3644269654,4,42,firm_2,ir_operational,1.0
4,0.6,1.0,400,5,moderate,1.0,3644269654,4,42,firm_2,ir_accuracy,1.0
4,0.6,1.0,400,5,moderate,1.0,3644269654,4,42,firm_3,phi_operational,2.218419664264384
4,0.6,1.0,400,5,moderate,1.0,3644269654,4,42,firm_3,phi_accuracy,0.011866397348560726
4,0.6,1.0,400,5,moderate,1.0,3644269654,4,42,firm_3,ir_operational,1.0
4,0.6,1.0,400,5,moderate,1.0,3644269654,4,42,firm_3,ir_accuracy,1.0
4,0.6,1.0,400,5,moderate,1.0,3644269654,4,42,_summary,v_op_N,6.566817611743829
4,0.6,1.0,400,5,moderate,1.0,3644269654,4,42,_summary,v_acc_N,0.032808598867755556
4,0.6,1.0,400,5,moderate,1.0,3644269654,4,42,_summary,spearman_rho,0.8
4,0.6,1.0,400,5,moderate,1.0,3644269654,4,42,_summary,payment_displacement,0.07341523141632338
4,0.6,1.0,400,5,moderate,1.0,3644269654,4,42,_summary,any_rank_reversal,1.0
4,0.6,1.0,400,5,moderate,1.0,3644269654,4,42,_summary,efficiency_gap_op,0.0
4,0.6,1.0,400,5,moderate,1.0,1206282609,5,42,firm_0,phi_operational,2.833262743922797
4,0.6,1.0,400,5,moderate,1.0,1206282609,5,42,firm_0,phi_accuracy,0.003360731164600561
4,0.6,1.0,400,5,moderate,1.0,1206282609,5,42,firm_0,ir_operational,1.0
4,0.6,1.0,400,5,moderate,1.0,1206282609,5,42,firm_0,ir_accuracy,1.0
4,0.6,1.0,400,5,moderate,1.0,1206282609,5,42,firm_1,phi_operational,-0.23522076351323545
4,0.6,1.0,400,5,moderate,1.0,1206282609,5,42,firm_1,phi_accuracy,0.0026528607478112365
4,0.6,1.0,400,5,moderate,1.0,1206282609,5,42,firm_1,ir_operational,0.0
4,0.6,1.0,400,5,moderate,1.0,1206282609,5,42,firm_1,ir_accuracy,1.0
4,0.6,1.0,400,5,moderate,1.0,1206282609,5,42,firm_2,phi_operational,1.9797752476797588
4,0.6,1.0,400,5,moderate,1.0,1206282609,5,42,firm_2,phi_accuracy,0.05692233250877239
4,0.6,1.0,400,5,moderate,1.0,1206282609,5,42,firm_2,ir_operational,1.0
4,0.6,1.0,400,5,moderate,1.0,1206282609,5,42,firm_2,ir_accuracy,1.0
4,0.6,1.0,400,5,moderate,1.0,1206282609,5,42,firm_3,phi_operational,0.9369887721658708
4,0.6,1.0,400,5,moderate,1.0,1206282609,5,42,firm_3,phi_accuracy,0.010608650516099863
4,0.6,1.0,400,5,moderate,1.0,1206282609,5,42,firm_3,ir_operational,1.0
4,0.6,1.0,400,5,moderate,1.0,1206282609,5,42,firm_3,ir_accuracy,1.0
4,0.6,1.0,400,5,moderate,1.0,1206282609,5,42,_summary,v_op_N,5.5148060002551915
4,0.6,1.0,400,5,moderate,1.0,1206282609,5,42,_summary,v_acc_N,0.07354457493728406
4,0.6,1.0,400,5,moderate,1.0,1206282609,5,42,_summary,spearman_rho,0.4
4,0.6,1.0,400,5,moderate,1.0,1206282609,5,42,_summary,payment_displacement,0.2396398722273749
4,0.6,1.0,400,5,moderate,1.0,1206282609,5,42,_summary,any_rank_reversal,1.0
4,0.6,1.0,400,5,moderate,1.0,1206282609,5,42,_summary,efficiency_gap_op,0.0
4,0.6,1.0,400,5,moderate,1.0,3543069911,6,42,firm_0,phi_operational,0.7616606586806919
4,0.6,1.0,400,5,moderate,1.0,3543069911,6,42,firm_0,phi_accuracy,0.024166421717427555
4,0.6,1.0,400,5,moderate,1.0,3543069911,6,42,firm_0,ir_operational,1.0
4,0.6,1.0,400,5,moderate,1.0,3543069911,6,42,firm_0,ir_accuracy,1.0
4,0.6,1.0,400,5,moderate,1.0,3543069911,6,42,firm_1,phi_operational,2.4250901162291143
4,0.6,1.0,400,5,moderate,1.0,3543069911,6,42,firm_1,phi_accuracy,0.011920807705349276
4,0.6,1.0,400,5,moderate,1.0,3543069911,6,42,firm_1,ir_operational,1.0
4,0.6,1.0,400,5,moderate,1.0,3543069911,6,42,firm_1,ir_accuracy,1.0
4,0.6,1.0,400,5,moderate,1.0,3543069911,6,42,firm_2,phi_operational,0.19604343470309496
4,0.6,1.0,400,5,moderate,1.0,3543069911,6,42,firm_2,phi_accuracy,0.00469170973682879
4,0.6,1.0,400,5,moderate,1.0,3543069911,6,42,firm_2,ir_operational,1.0
4,0.6,1.0,400,5,moderate,1.0,3543069911,6,42,firm_2,ir_accuracy,1.0
4,0.6,1.0,400,5,moderate,1.0,3543069911,6,42,firm_3,phi_operational,1.001780342703038
4,0.6,1.0,400,5,moderate,1.0,3543069911,6,42,firm_3,phi_accuracy,0.02440530737330837
4,0.6,1.0,400,5,moderate,1.0,3543069911,6,42,firm_3,ir_operational,1.0
4,0.6,1.0,400,5,moderate,1.0,3543069911,6,42,firm_3,ir_accuracy,1.0
4,0.6,1.0,400,5,moderate,1.0,3543069911,6,42,_summary,v_op_N,4.384574552315939
4,0.6,1.0,400,5,moderate,1.0,3543069911,6,42,_summary,v_acc_N,0.06518424653291399
4,0.6,1.0,400,5,moderate,1.0,3543069911,6,42,_summary,spearman_rho,0.4
4,0.6,1.0,400,5,moderate,1.0,3543069911,6,42,_summary,payment_displacement,0.18510860916235655
4,0.6,1.0,400,5,moderate,1.0,3543069911,6,42,_summary,any_rank_reversal,1.0
4,0.6,1.0,400,5,moderate,1.0,3543069911,6,42,_summary,efficiency_gap_op,0.0
4,0.6,1.0,400,5,moderate,1.0,3479688010,7,42,firm_0,phi_operational,2.121931274732977
4,0.6,1.0,400,5,moderate,1.0,3479688010,7,42,firm_0,phi_accuracy,0.06489673804902155
4,0.6,1.0,400,5,moderate,1.0,3479688010,7,42,firm_0,ir_operational,1.0
4,0.6,1.0,400,5,moderate,1.0,3479688010,7,42,firm_0,ir_accuracy,1.0
4,0.6,1.0,400,5,moderate,1.0,3479688010,7,42,firm_1,phi_operational,-9.292013011843704
4,0.6,1.0,400,5,moderate,1.0,3479688010,7,42,firm_1,phi_accuracy,0.07422755971058514
4,0.6,1.0,400,5,moderate,1.0,3479688010,7,42,firm_1,ir_operational,0.0
4,0.6,1.0,400,5,moderate,1.0,3479688010,7,42,firm_1,ir_accuracy,1.0
4,0.6,1.0,400,5,moderate,1.0,3479688010,7,42,firm_2,phi_operational,0.9630729810934515
4,0.6,1.0,400,5,moderate,1.0,3479688010,7,42,firm_2,phi_accuracy,0.04413414801510321
4,0.6,1.0,400,5,moderate,1.0,3479688010,7,42,firm_2,ir_operational,1.0
4,0.6,1.0,400,5,moderate,1.0,3479688010,7,42,firm_2,ir_accuracy,1.0
4,0.6,1.0,400,5,moderate,1.0,3479688010,7,42,firm_3,phi_operational,-1.0255182386266029
4,0.6,1.0,400,5,moderate,1.0,3479688010,7,42,firm_3,phi_accuracy,0.0586762703531765
4,0.6,1.0,400,5,moderate,1.0,3479688010,7,42,firm_3,ir_operational,0.0
4,0.6,1.0,400,5,moderate,1.0,3479688010,7,42,firm_3,ir_accuracy,1.0
4,0.6,1.0,400,5,moderate,1.0,3479688010,7,42,_summary,v_op_N,-7.232526994643877
4,0.6,1.0,400,5,moderate,1.0,3479688010,7,42,_summary,v_acc_N,0.24193471612788642
4,0.6,1.0,400,5,moderate,1.0,3479688010,7,42,_summary,spearman_rho,-0.3999999999999999
4,0.6,1.0,400,5,moderate,1.0,3479688010,7,42,_summary,payment_displacement,0.3849096779335145
4,0.6,1.0,400,5,moderate,1.0,3479688010,7,42,_summary,any_rank_reversal,1.0
4,0.6,1.0,400,5,moderate,1.0,3479688010,7,42,_summary,efficiency_gap_op,1.7763568394002505e-15
4,0.6,1.0,400,5,moderate,1.0,877132087,8,42,firm_0,phi_operational,13.4459411923193
4,0.6,1.0,400,5,moderate,1.0,877132087,8,42,firm_0,phi_accuracy,-0.001749416055945474
4,0.6,1.0,400,5,moderate,1.0,877132087,8,42,firm_0,ir_operational,1.0
4,0.6,1.0,400,5,moderate,1.0,877132087,8,42,firm_0,ir_accuracy,0.0
4,0.6,1.0,400,5,moderate,1.0,877132087,8,42,firm_1,phi_operational,4.844543555542648
4,0.6,1.0,400,5,moderate,1.0,877132087,8,42,firm_1,phi_accuracy,0.03263942574666845
4,0.6,1.0,400,5,moderate,1.0,877132087,8,42,firm_1,ir_operational,1.0
4,0.6,1.0,400,5,moderate,1.0,877132087,8,42,firm_1,ir_accuracy,1.0
4,0.6,1.0,400,5,moderate,1.0,877132087,8,42,firm_2,phi_operational,5.604898656896495
4,0.6,1.0,400,5,moderate,1.0,877132087,8,42,firm_2,phi_accuracy,-0.022473267706666945
4,0.6,1.0,400,5,moderate,1.0,877132087,8,42,firm_2,ir_operational,1.0
4,0.6,1.0,400,5,moderate,1.0,877132087,8,42,firm_2,ir_accuracy,0.0
4,0.6,1.0,400,5,moderate,1.0,877132087,8,42,firm_3,phi_operational,7.582790390670359
4,0.6,1.0,400,5,moderate,1.0,877132087,8,42,firm_3,phi_accuracy,0.01629933401208864
4,0.6,1.0,400,5,moderate,1.0,877132087,8,42,firm_3,ir_operational,1.0
4,0.6,1.0,400,5,moderate,1.0,877132087,8,42,firm_3,ir_accuracy,1.0
4,0.6,1.0,400,5,moderate,1.0,877132087,8,42,_summary,v_op_N,31.478173795428802
4,0.6,1.0,400,5,moderate,1.0,877132087,8,42,_summary,v_acc_N,0.02471607599614467
4,0.6,1.0,400,5,moderate,1.0,877132087,8,42,_summary,spearman_rho,-0.3999999999999999
4,0.6,1.0,400,5,moderate,1.0,877132087,8,42,_summary,payment_displacement,0.3116562418936832
4,0.6,1.0,400,5,moderate,1.0,877132087,8,42,_summary,any_rank_reversal,1.0
4,0.6,1.0,400,5,moderate,1.0,877132087,8,42,_summary,efficiency_gap_op,0.0
4,0.6,1.0,400,5,moderate,1.0,1244265337,9,42,firm_0,phi_operational,2.5304212487102644
4,0.6,1.0,400,5,moderate,1.0,1244265337,9,42,firm_0,phi_accuracy,0.01880129674784111
4,0.6,1.0,400,5,moderate,1.0,1244265337,9,42,firm_0,ir_operational,1.0
4,0.6,1.0,400,5,moderate,1.0,1244265337,9,42,firm_0,ir_accuracy,1.0
4,0.6,1.0,400,5,moderate,1.0,1244265337,9,42,firm_1,phi_operational,3.3174337993358494
4,0.6,1.0,400,5,moderate,1.0,1244265337,9,42,firm_1,phi_accuracy,0.05292163186765553
4,0.6,1.0,400,5,moderate,1.0,1244265337,9,42,firm_1,ir_operational,1.0
4,0.6,1.0,400,5,moderate,1.0,1244265337,9,42,firm_1,ir_accuracy,1.0
4,0.6,1.0,400,5,moderate,1.0,1244265337,9,42,firm_2,phi_operational,-0.1453020188319129
4,0.6,1.0,400,5,moderate,1.0,1244265337,9,42,firm_2,phi_accuracy,-0.0020072911346980713
4,0.6,1.0,400,5,moderate,1.0,1244265337,9,42,firm_2,ir_operational,0.0
4,0.6,1.0,400,5,moderate,1.0,1244265337,9,42,firm_2,ir_accuracy,0.0
4,0.6,1.0,400,5,moderate,1.0,1244265337,9,42,firm_3,phi_operational,3.322022575101059
4,0.6,1.0,400,5,moderate,1.0,1244265337,9,42,firm_3,phi_accuracy,0.02083072742188663
4,0.6,1.0,400,5,moderate,1.0,1244265337,9,42,firm_3,ir_operational,1.0
4,0.6,1.0,400,5,moderate,1.0,1244265337,9,42,firm_3,ir_accuracy,1.0
4,0.6,1.0,400,5,moderate,1.0,1244265337,9,42,_summary,v_op_N,9.02457560431526
4,0.6,1.0,400,5,moderate,1.0,1244265337,9,42,_summary,v_acc_N,0.0905463649026852
4,0.6,1.0,400,5,moderate,1.0,1244265337,9,42,_summary,spearman_rho,0.8
4,0.6,1.0,400,5,moderate,1.0,1244265337,9,42,_summary,payment_displacement,0.10457668405521571
4,0.6,1.0,400,5,moderate,1.0,1244265337,9,42,_summary,any_rank_reversal,1.0
4,0.6,1.0,400,5,moderate,1.0,1244265337,9,42,_summary,efficiency_gap_op,0.0
4,0.6,1.0,400,5,moderate,1.0,2740186692,10,42,firm_0,phi_operational,-4.023325447293155
4,0.6,1.0,400,5,moderate,1.0,2740186692,10,42,firm_0,phi_accuracy,0.01387762858354169
4,0.6,1.0,400,5,moderate,1.0,2740186692,10,42,firm_0,ir_operational,0.0
4,0.6,1.0,400,5,moderate,1.0,2740186692,10,42,firm_0,ir_accuracy,1.0
4,0.6,1.0,400,5,moderate,1.0,2740186692,10,42,firm_1,phi_operational,0.6123101625690168
4,0.6,1.0,400,5,moderate,1.0,2740186692,10,42,firm_1,phi_accuracy,-0.016952320643976962
4,0.6,1.0,400,5,moderate,1.0,2740186692,10,42,firm_1,ir_operational,1.0
4,0.6,1.0,400,5,moderate,1.0,2740186692,10,42,firm_1,ir_accuracy,0.0
4,0.6,1.0,400,5,moderate,1.0,2740186692,10,42,firm_2,phi_operational,-6.012552235539664
4,0.6,1.0,400,5,moderate,1.0,2740186692,10,42,firm_2,phi_accuracy,0.005187161017299288
4,0.6,1.0,400,5,moderate,1.0,2740186692,10,42,firm_2,ir_operational,0.0
4,0.6,1.0,400,5,moderate,1.0,2740186692,10,42,firm_2,ir_accuracy,1.0
4,0.6,1.0,400,5,moderate,1.0,2740186692,10,42,firm_3,phi_operational,0.43986655326050084
4,0.6,1.0,400,5,moderate,1.0,2740186692,10,42,firm_3,phi_accuracy,-0.03771103766590278
4,0.6,1.0,400,5,moderate,1.0,2740186692,10,42,firm_3,ir_operational,1.0
4,0.6,1.0,400,5,moderate,1.0,2740186692,10,42,firm_3,ir_accuracy,0.0
4,0.6,1.0,400,5,moderate,1.0,2740186692,10,42,_summary,v_op_N,-8.983700967003301
4,0.6,1.0,400,5,moderate,1.0,2740186692,10,42,_summary,v_acc_N,-0.03559856870903877
4,0.6,1.0,400,5,moderate,1.0,2740186692,10,42,_summary,spearman_rho,-0.6000000000000001
4,0.6,1.0,400,5,moderate,1.0,2740186692,10,42,_summary,payment_displacement,0.4999999999965866
4,0.6,1.0,400,5,moderate,1.0,2740186692,10,42,_summary,any_rank_reversal,1.0
4,0.6,1.0,400,5,moderate,1.0,2740186692,10,42,_summary,efficiency_gap_op,0.0
4,0.6,1.0,400,5,moderate,1.0,3884972972,11,42,firm_0,phi_operational,5.3323904362281525
4,0.6,1.0,400,5,moderate,1.0,3884972972,11,42,firm_0,phi_accuracy,0.0813837476412334
4,0.6,1.0,400,5,moderate,1.0,3884972972,11,42,firm_0,ir_operational,1.0
4,0.6,1.0,400,5,moderate,1.0,3884972972,11,42,firm_0,ir_accuracy,1.0
4,0.6,1.0,400,5,moderate,1.0,3884972972,11,42,firm_1,phi_operational,2.417286364446629
4,0.6,1.0,400,5,moderate,1.0,3884972972,11,42,firm_1,phi_accuracy,0.0478700598651467
4,0.6,1.0,400,5,moderate,1.0,3884972972,11,42,firm_1,ir_operational,1.0
4,0.6,1.0,400,5,moderate,1.0,3884972972,11,42,firm_1,ir_accuracy,1.0
4,0.6,1.0,400,5,moderate,1.0,3884972972,11,42,firm_2,phi_operational,-0.045682482098589106
4,0.6,1.0,400,5,moderate,1.0,3884972972,11,42,firm_2,phi_accuracy,0.01715951290517544
4,0.6,1.0,400,5,moderate,1.0,3884972972,11,42,firm_2,ir_operational,0.0
4,0.6,1.0,400,5,moderate,1.0,3884972972,11,42,firm_2,ir_accuracy,1.0
4,0.6,1.0,400,5,moderate,1.0,3884972972,11,42,firm_3,phi_operational,0.00483525046227834
4,0.6,1.0,400,5,moderate,1.0,3884972972,11,42,firm_3,phi_accuracy,0.0513768833405653
4,0.6,1.0,400,5,moderate,1.0,3884972972,11,42,firm_3,ir_operational,1.0
4,0.6,1.0,400,5,moderate,1.0,3884972972,11,42,firm_3,ir_accuracy,1.0
4,0.6,1.0,400,5,moderate,1.0,3884972972,11,42,_summary,v_op_N,7.708829569038471
4,0.6,1.0,400,5,moderate,1.0,3884972972,11,42,_summary,v_acc_N,0.19779020375212086
4,0.6,1.0,400,5,moderate,1.0,3884972972,11,42,_summary,spearman_rho,0.8
4,0.6,1.0,400,5,moderate,1.0,3884972972,11,42,_summary,payment_displacement,0.17294534078573565
4,0.6,1.0,400,5,moderate,1.0,3884972972,11,42,_summary,any_rank_reversal,1.0
4,0.6,1.0,400,5,moderate,1.0,3884972972,11,42,_summary,efficiency_gap_op,0.0
4,0.6,1.0,400,5,moderate,1.0,829139639,12,42,firm_0,phi_operational,0.6626352217379672
4,0.6,1.0,400,5,moderate,1.0,829139639,12,42,firm_0,phi_accuracy,0.028517145459210247
4,0.6,1.0,400,5,moderate,1.0,829139639,12,42,firm_0,ir_operational,1.0
4,0.6,1.0,400,5,moderate,1.0,829139639,12,42,firm_0,ir_accuracy,1.0
4,0.6,1.0,400,5,moderate,1.0,829139639,12,42,firm_1,phi_operational,0.8700100939206834
4,0.6,1.0,400,5,moderate,1.0,829139639,12,42,firm_1,phi_accuracy,0.0005309636425784303
4,0.6,1.0,400,5,moderate,1.0,829139639,12,42,firm_1,ir_operational,1.0
4,0.6,1.0,400,5,moderate,1.0,829139639,12,42,firm_1,ir_accuracy,1.0
4,0.6,1.0,400,5,moderate,1.0,829139639,12,42,firm_2,phi_operational,-2.2988809331922937
4,0.6,1.0,400,5,moderate,1.0,829139639,12,42,firm_2,phi_accuracy,0.011063736327196778
4,0.6,1.0,400,5,moderate,1.0,829139639,12,42,firm_2,ir_operational,0.0
4,0.6,1.0,400,5,moderate,1.0,829139639,12,42,firm_2,ir_accuracy,1.0
4,0.6,1.0,400,5,moderate,1.0,829139639,12,42,firm_3,phi_operational,-0.2933671859083328
4,0.6,1.0,400,5,moderate,1.0,829139639,12,42,firm_3,phi_accuracy,-0.0017157022623108438
4,0.6,1.0,400,5,moderate,1.0,829139639,12,42,firm_3,ir_operational,0.0
4,0.6,1.0,400,5,moderate,1.0,829139639,12,42,firm_3,ir_accuracy,0.0
4,0.6,1.0,400,5,moderate,1.0,829139639,12,42,_summary,v_op_N,-1.059602803441976
4,0.6,1.0,400,5,moderate,1.0,829139639,12,42,_summary,v_acc_N,0.03839614316667461
4,0.6,1.0,400,5,moderate,1.0,829139639,12,42,_summary,spearman_rho,0.0
4,0.6,1.0,400,5,moderate,1.0,829139639,12,42,_summary,payment_displacement,0.3928222093313725
4,0.6,1.0,400,5,moderate,1.0,829139639,12,42,_summary,any_rank_reversal,1.0
4,0.6,1.0,400,5,moderate,1.0,829139639,12,42,_summary,efficiency_gap_op,0.0
4,0.6,1.0,400,5,moderate,1.0,2545567356,13,42,firm_0,phi_operational,2.5384448808057223
4,0.6,1.0,400,5,moderate,1.0,2545567356,13,42,firm_0,phi_accuracy,0.01866065332318508
4,0.6,1.0,400,5,moderate,1.0,2545567356,13,42,firm_0,ir_operational,1.0
4,0.6,1.0,400,5,moderate,1.0,2545567356,13,42,firm_0,ir_accuracy,1.0
4,0.6,1.0,400,5,moderate,1.0,2545567356,13,42,firm_1,phi_operational,1.3010908448299099
4,0.6,1.0,400,5,moderate,1.0,2545567356,13,42,firm_1,phi_accuracy,0.012770374461630983
4,0.6,1.0,400,5,moderate,1.0,2545567356,13,42,firm_1,ir_operational,1.0
4,0.6,1.0,400,5,moderate,1.0,2545567356,13,42,firm_1,ir_accuracy,1.0
4,0.6,1.0,400,5,moderate,1.0,2545567356,13,42,firm_2,phi_operational,15.890831896853928
4,0.6,1.0,400,5,moderate,1.0,2545567356,13,42,firm_2,phi_accuracy,0.08000994233679215
4,0.6,1.0,400,5,moderate,1.0,2545567356,13,42,firm_2,ir_operational,1.0
4,0.6,1.0,400,5,moderate,1.0,2545567356,13,42,firm_2,ir_accuracy,1.0
4,0.6,1.0,400,5,moderate,1.0,2545567356,13,42,firm_3,phi_operational,13.198897958470743
4,0.6,1.0,400,5,moderate,1.0,2545567356,13,42,firm_3,phi_accuracy,0.09066734710900595
4,0.6,1.0,400,5,moderate,1.0,2545567356,13,42,firm_3,ir_operational,1.0
4,0.6,1.0,400,5,moderate,1.0,2545567356,13,42,firm_3,ir_accuracy,1.0
4,0.6,1.0,400,5,moderate,1.0,2545567356,13,42,_summary,v_op_N,32.929265580960305
4,0.6,1.0,400,5,moderate,1.0,2545567356,13,42,_summary,v_acc_N,0.20210831723061418
4,0.6,1.0,400,5,moderate,1.0,2545567356,13,42,_summary,spearman_rho,0.8
4,0.6,1.0,400,5,moderate,1.0,2545567356,13,42,_summary,payment_displacement,0.04334909934338868
4,0.6,1.0,400,5,moderate,1.0,2545567356,13,42,_summary,any_rank_reversal,1.0
4,0.6,1.0,400,5,moderate,1.0,2545567356,13,42,_summary,efficiency_gap_op,0.0
4,0.6,1.0,400,5,moderate,1.0,2718398101,14,42,firm_0,phi_operational,-0.5606656900063266
4,0.6,1.0,400,5,moderate,1.0,2718398101,14,42,firm_0,phi_accuracy,-0.009769500961348026
4,0.6,1.0,400,5,moderate,1.0,2718398101,14,42,firm_0,ir_operational,0.0
4,0.6,1.0,400,5,moderate,1.0,2718398101,14,42,firm_0,ir_accuracy,0.0
4,0.6,1.0,400,5,moderate,1.0,2718398101,14,42,firm_1,phi_operational,-0.9083244065324626
4,0.6,1.0,400,5,moderate,1.0,2718398101,14,42,firm_1,phi_accuracy,0.009713459200214603
4,0.6,1.0,400,5,moderate,1.0,2718398101,14,42,firm_1,ir_operational,0.0
4,0.6,1.0,400,5,moderate,1.0,2718398101,14,42,firm_1,ir_accuracy,1.0
4,0.6,1.0,400,5,moderate,1.0,2718398101,14,42,firm_2,phi_operational,-0.5817804577818322
4,0.6,1.0,400,5,moderate,1.0,2718398101,14,42,firm_2,phi_accuracy,-0.012422998359581973
4,0.6,1.0,400,5,moderate,1.0,2718398101,14,42,firm_2,ir_operational,0.0
4,0.6,1.0,400,5,moderate,1.0,2718398101,14,42,firm_2,ir_accuracy,0.0
4,0.6,1.0,400,5,moderate,1.0,2718398101,14,42,firm_3,phi_operational,2.8783145862903723
4,0.6,1.0,400,5,moderate,1.0,2718398101,14,42,firm_3,phi_accuracy,0.048900917269713975
4,0.6,1.0,400,5,moderate,1.0,2718398101,14,42,firm_3,ir_operational,1.0
4,0.6,1.0,400,5,moderate,1.0,2718398101,14,42,firm_3,ir_accuracy,1.0
4,0.6,1.0,400,5,moderate,1.0,2718398101,14,42,_summary,v_op_N,0.8275440319697509
4,0.6,1.0,400,5,moderate,1.0,2718398101,14,42,_summary,v_acc_N,0.03642187714899858
4,0.6,1.0,400,5,moderate,1.0,2718398101,14,42,_summary,spearman_rho,0.4
4,0.6,1.0,400,5,moderate,1.0,2718398101,14,42,_summary,payment_displacement,0.09213924902803425
4,0.6,1.0,400,5,moderate,1.0,2718398101,14,42,_summary,any_rank_reversal,1.0
4,0.6,1.0,400,5,moderate,1.0,2718398101,14,42,_summary,efficiency_gap_op,0.0
4,0.6,1.0,400,5,moderate,1.0,176092387,15,42,firm_0,phi_operational,0.9707753960639279
4,0.6,1.0,400,5,moderate,1.0,176092387,15,42,firm_0,phi_accuracy,-0.009903201821041246
4,0.6,1.0,400,5,moderate,1.0,176092387,15,42,firm_0,ir_operational,1.0
4,0.6,1.0,400,5,moderate,1.0,176092387,15,42,firm_0,ir_accuracy,0.0
4,0.6,1.0,400,5,moderate,1.0,176092387,15,42,firm_1,phi_operational,1.4316107325839527
4,0.6,1.0,400,5,moderate,1.0,176092387,15,42,firm_1,phi_accuracy,-0.02409552931131198
4,0.6,1.0,400,5,moderate,1.0,176092387,15,42,firm_1,ir_operational,1.0
4,0.6,1.0,400,5,moderate,1.0,176092387,15,42,firm_1,ir_accuracy,0.0
4,0.6,1.0,400,5,moderate,1.0,176092387,15,42,firm_2,phi_operational,1.5082038297415608
4,0.6,1.0,400,5,moderate,1.0,176092387,15,42,firm_2,phi_accuracy,-0.017044481906123694
4,0.6,1.0,400,5,moderate,1.0,176092387,15,42,firm_2,ir_operational,1.0
4,0.6,1.0,400,5,moderate,1.0,176092387,15,42,firm_2,ir_accuracy,0.0
4,0.6,1.0,400,5,moderate,1.0,176092387,15,42,firm_3,phi_operational,-0.5340689525511996
4,0.6,1.0,400,5,moderate,1.0,176092387,15,42,firm_3,phi_accuracy,-0.004247786108854457
4,0.6,1.0,400,5,moderate,1.0,176092387,15,42,firm_3,ir_operational,0.0
4,0.6,1.0,400,5,moderate,1.0,176092387,15,42,firm_3,ir_accuracy,0.0
4,0.6,1.0,400,5,moderate,1.0,176092387,15,42,_summary,v_op_N,3.376521005838242
4,0.6,1.0,400,5,moderate,1.0,176092387,15,42,_summary,v_acc_N,-0.05529099914733138
4,0.6,1.0,400,5,moderate,1.0,176092387,15,42,_summary,spearman_rho,-0.8
4,0.6,1.0,400,5,moderate,1.0,176092387,15,42,_summary,payment_displacement,0.4615870017291154
4,0.6,1.0,400,5,moderate,1.0,176092387,15,42,_summary,any_rank_reversal,1.0
4,0.6,1.0,400,5,moderate,1.0,176092387,15,42,_summary,efficiency_gap_op,4.440892098500626e-16
4,0.6,1.0,400,5,moderate,1.0,3528048386,16,42,firm_0,phi_operational,0.7424223056610089
4,0.6,1.0,400,5,moderate,1.0,3528048386,16,42,firm_0,phi_accuracy,0.01800834414661856
4,0.6,1.0,400,5,moderate,1.0,3528048386,16,42,firm_0,ir_operational,1.0
4,0.6,1.0,400,5,moderate,1.0,3528048386,16,42,firm_0,ir_accuracy,1.0
4,0.6,1.0,400,5,moderate,1.0,3528048386,16,42,firm_1,phi_operational,-2.274690056527575
4,0.6,1.0,400,5,moderate,1.0,3528048386,16,42,firm_1,phi_accuracy,0.01225080488298517
4,0.6,1.0,400,5,moderate,1.0,3528048386,16,42,firm_1,ir_operational,0.0
4,0.6,1.0,400,5,moderate,1.0,3528048386,16,42,firm_1,ir_accuracy,1.0
4,0.6,1.0,400,5,moderate,1.0,3528048386,16,42,firm_2,phi_operational,2.1634269286956047
4,0.6,1.0,400,5,moderate,1.0,3528048386,16,42,firm_2,phi_accuracy,0.07149983064573165
4,0.6,1.0,400,5,moderate,1.0,3528048386,16,42,firm_2,ir_operational,1.0
4,0.6,1.0,400,5,moderate,1.0,3528048386,16,42,firm_2,ir_accuracy,1.0
4,0.6,1.0,400,5,moderate,1.0,3528048386,16,42,firm_3,phi_operational,6.737656129581859
4,0.6,1.0,400,5,moderate,1.0,3528048386,16,42,firm_3,phi_accuracy,0.03379259345550826
4,0.6,1.0,400,5,moderate,1.0,3528048386,16,42,firm_3,ir_operational,1.0
4,0.6,1.0,400,5,moderate,1.0,3528048386,16,42,firm_3,ir_accuracy,1.0
4,0.6,1.0,400,5,moderate,1.0,3528048386,16,42,_summary,v_op_N,7.368815307410898
4,0.6,1.0,400,5,moderate,1.0,3528048386,16,42,_summary,v_acc_N,0.13555157313084365
4,0.6,1.0,400,5,moderate,1.0,3528048386,16,42,_summary,spearman_rho,0.8
4,0.6,1.0,400,5,moderate,1.0,3528048386,16,42,_summary,payment_displacement,0.25344342121254976
4,0.6,1.0,400,5,moderate,1.0,3528048386,16,42,_summary,any_rank_reversal,1.0
4,0.6,1.0,400,5,moderate,1.0,3528048386,16,42,_summary,efficiency_gap_op,0.0
4,0.6,1.0,400,5,moderate,1.0,569531098,17,42,firm_0,phi_operational,4.568929706823065
4,0.6,1.0,400,5,moderate,1.0,569531098,17,42,firm_0,phi_accuracy,0.02958305181721817
4,0.6,1.0,400,5,moderate,1.0,569531098,17,42,firm_0,ir_operational,1.0
4,0.6,1.0,400,5,moderate,1.0,569531098,17,42,firm_0,ir_accuracy,1.0
4,0.6,1.0,400,5,moderate,1.0,569531098,17,42,firm_1,phi_operational,4.401755339978578
4,0.6,1.0,400,5,moderate,1.0,569531098,17,42,firm_1,phi_accuracy,0.024143014021678694
4,0.6,1.0,400,5,moderate,1.0,569531098,17,42,firm_1,ir_operational,1.0
4,0.6,1.0,400,5,moderate,1.0,569531098,17,42,firm_1,ir_accuracy,1.0
4,0.6,1.0,400,5,moderate,1.0,569531098,17,42,firm_2,phi_operational,-0.8440172166345358
4,0.6,1.0,400,5,moderate,1.0,569531098,17,42,firm_2,phi_accuracy,0.013355011859854105
4,0.6,1.0,400,5,moderate,1.0,569531098,17,42,firm_2,ir_operational,0.0
4,0.6,1.0,400,5,moderate,1.0,569531098,17,42,firm_2,ir_accuracy,1.0
4,0.6,1.0,400,5,moderate,1.0,569531098,17,42,firm_3,phi_operational,0.2936216730928862
4,0.6,1.0,400,5,moderate,1.0,569531098,17,42,firm_3,phi_accuracy,0.007670155795095519
4,0.6,1.0,400,5,moderate,1.0,569531098,17,42,firm_3,ir_operational,1.0
4,0.6,1.0,400,5,moderate,1.0,569531098,17,42,firm_3,ir_accuracy,1.0
4,0.6,1.0,400,5,moderate,1.0,569531098,17,42,_summary,v_op_N,8.420289503259994
4,0.6,1.0,400,5,moderate,1.0,569531098,17,42,_summary,v_acc_N,0.07475123349384649
4,0.6,1.0,400,5,moderate,1.0,569531098,17,42,_summary,spearman_rho,0.8
4,0.6,1.0,400,5,moderate,1.0,569531098,17,42,_summary,payment_displacement,0.12611049564971566
4,0.6,1.0,400,5,moderate,1.0,569531098,17,42,_summary,any_rank_reversal,1.0
4,0.6,1.0,400,5,moderate,1.0,569531098,17,42,_summary,efficiency_gap_op,0.0
4,0.6,1.0,400,5,moderate,1.0,1337295874,18,42,firm_0,phi_operational,2.4173555667464512
4,0.6,1.0,400,5,moderate,1.0,1337295874,18,42,firm_0,phi_accuracy,8.143469499536759e-05
4,0.6,1.0,400,5,moderate,1.0,1337295874,18,42,firm_0,ir_operational,1.0
4,0.6,1.0,400,5,moderate,1.0,1337295874,18,42,firm_0,ir_accuracy,1.0
4,0.6,1.0,400,5,moderate,1.0,1337295874,18,42,firm_1,phi_operational,0.004501128536470347
4,0.6,1.0,400,5,moderate,1.0,1337295874,18,42,firm_1,phi_accuracy,-0.01591585361446283
4,0.6,1.0,400,5,moderate,1.0,1337295874,18,42,firm_1,ir_operational,1.0
4,0.6,1.0,400,5,moderate,1.0,1337295874,18,42,firm_1,ir_accuracy,0.0
4,0.6,1.0,400,5,moderate,1.0,1337295874,18,42,firm_2,phi_operational,0.15290790391964512
4,0.6,1.0,400,5,moderate,1.0,1337295874,18,42,firm_2,phi_accuracy,0.011563257601905092
4,0.6,1.0,400,5,moderate,1.0,1337295874,18,42,firm_2,ir_operational,1.0
4,0.6,1.0,400,5,moderate,1.0,1337295874,18,42,firm_2,ir_accuracy,1.0
4,0.6,1.0,400,5,moderate,1.0,1337295874,18,42,firm_3,phi_operational,0.11694633262011678
4,0.6,1.0,400,5,moderate,1.0,1337295874,18,42,firm_3,phi_accuracy,-0.00990741923366541
4,0.6,1.0,400,5,moderate,1.0,1337295874,18,42,firm_3,ir_operational,1.0
4,0.6,1.0,400,5,moderate,1.0,1337295874,18,42,firm_3,ir_accuracy,0.0
4,0.6,1.0,400,5,moderate,1.0,1337295874,18,42,_summary,v_op_N,2.6917109318226835
4,0.6,1.0,400,5,moderate,1.0,1337295874,18,42,_summary,v_acc_N,-0.014178580551227782
4,0.6,1.0,400,5,moderate,1.0,1337295874,18,42,_summary,spearman_rho,0.8
4,0.6,1.0,400,5,moderate,1.0,1337295874,18,42,_summary,payment_displacement,0.4705097978138791
4,0.6,1.0,400,5,moderate,1.0,1337295874,18,42,_summary,any_rank_reversal,1.0
4,0.6,1.0,400,5,moderate,1.0,1337295874,18,42,_summary,efficiency_gap_op,0.0
4,0.6,1.0,400,5,moderate,1.0,612016888,19,42,firm_0,phi_operational,-0.1836813733552797
4,0.6,1.0,400,5,moderate,1.0,612016888,19,42,firm_0,phi_accuracy,-0.0012171424491098275
4,0.6,1.0,400,5,moderate,1.0,612016888,19,42,firm_0,ir_operational,0.0
4,0.6,1.0,400,5,moderate,1.0,612016888,19,42,firm_0,ir_accuracy,0.0
4,0.6,1.0,400,5,moderate,1.0,612016888,19,42,firm_1,phi_operational,1.7791145915601256
4,0.6,1.0,400,5,moderate,1.0,612016888,19,42,firm_1,phi_accuracy,0.03490620218393699
4,0.6,1.0,400,5,moderate,1.0,612016888,19,42,firm_1,ir_operational,1.0
4,0.6,1.0,400,5,moderate,1.0,612016888,19,42,firm_1,ir_accuracy,1.0
4,0.6,1.0,400,5,moderate,1.0,612016888,19,42,firm_2,phi_operational,-1.4598185009890536
4,0.6,1.0,400,5,moderate,1.0,612016888,19,42,firm_2,phi_accuracy,-0.0031715493164858515
4,0.6,1.0,400,5,moderate,1.0,612016888,19,42,firm_2,ir_operational,0.0
4,0.6,1.0,400,5,moderate,1.0,612016888,19,42,firm_2,ir_accuracy,0.0
4,0.6,1.0,400,5,moderate,1.0,612016888,19,42,firm_3,phi_operational,0.15103360390923604
4,0.6,1.0,400,5,moderate,1.0,612016888,19,42,firm_3,phi_accuracy,0.029726034099902342
4,0.6,1.0,400,5,moderate,1.0,612016888,19,42,firm_3,ir_operational,1.0
4,0.6,1.0,400,5,moderate,1.0,612016888,19,42,firm_3,ir_accuracy,1.0
4,0.6,1.0,400,5,moderate,1.0,612016888,19,42,_summary,v_op_N,0.28664832112502836
4,0.6,1.0,400,5,moderate,1.0,612016888,19,42,_summary,v_acc_N,0.06024354451824365
4,0.6,1.0,400,5,moderate,1.0,612016888,19,42,_summary,spearman_rho,1.0
4,0.6,1.0,400,5,moderate,1.0,612016888,19,42,_summary,payment_displacement,0.19815460817107894
4,0.6,1.0,400,5,moderate,1.0,612016888,19,42,_summary,any_rank_reversal,0.0
4,0.6,1.0,400,5,moderate,1.0,612016888,19,42,_summary,efficiency_gap_op,0.0
4,0.6,9.0,400,5,moderate,1.0,232150720,0,42,firm_0,phi_operational,14.900575886995208
4,0.6,9.0,400,5,moderate,1.0,232150720,0,42,firm_0,phi_accuracy,0.006056310356755541
4,0.6,9.0,400,5,moderate,1.0,232150720,0,42,firm_0,ir_operational,1.0
4,0.6,9.0,400,5,moderate,1.0,232150720,0,42,firm_0,ir_accuracy,1.0
4,0.6,9.0,400,5,moderate,1.0,232150720,0,42,firm_1,phi_operational,55.465938032908824
4,0.6,9.0,400,5,moderate,1.0,232150720,0,42,firm_1,phi_accuracy,0.026947617150194263
4,0.6,9.0,400,5,moderate,1.0,232150720,0,42,firm_1,ir_operational,1.0
4,0.6,9.0,400,5,moderate,1.0,232150720,0,42,firm_1,ir_accuracy,1.0
4,0.6,9.0,400,5,moderate,1.0,232150720,0,42,firm_2,phi_operational,86.20914242446277
4,0.6,9.0,400,5,moderate,1.0,232150720,0,42,firm_2,phi_accuracy,0.038164073624145534
4,0.6,9.0,400,5,moderate,1.0,232150720,0,42,firm_2,ir_operational,1.0
4,0.6,9.0,400,5,moderate,1.0,232150720,0,42,firm_2,ir_accuracy,1.0
4,0.6,9.0,400,5,moderate,1.0,232150720,0,42,firm_3,phi_operational,33.38497790080479
4,0.6,9.0,400,5,moderate,1.0,232150720,0,42,firm_3,phi_accuracy,-9.801658086194863e-05
4,0.6,9.0,400,5,moderate,1.0,232150720,0,42,firm_3,ir_operational,1.0
4,0.6,9.0,400,5,moderate,1.0,232150720,0,42,firm_3,ir_accuracy,0.0
4,0.6,9.0,400,5,moderate,1.0,232150720,0,42,_summary,v_op_N,189.9606342451716
4,0.6,9.0,400,5,moderate,1.0,232150720,0,42,_summary,v_acc_N,0.07106998455023339
4,0.6,9.0,400,5,moderate,1.0,232150720,0,42,_summary,spearman_rho,0.8
4,0.6,9.0,400,5,moderate,1.0,232150720,0,42,_summary,payment_displacement,0.08787341133106615
4,0.6,9.0,400,5,moderate,1.0,232150720,0,42,_summary,any_rank_reversal,1.0
4,0.6,9.0,400,5,moderate,1.0,232150720,0,42,_summary,efficiency_gap_op,0.0
4,0.6,9.0,400,5,moderate,1.0,2324106676,1,42,firm_0,phi_operational,6.0136749955919795
4,0.6,9.0,400,5,moderate,1.0,2324106676,1,42,firm_0,phi_accuracy,0.016304449694118518
4,0.6,9.0,400,5,moderate,1.0,2324106676,1,42,firm_0,ir_operational,1.0
4,0.6,9.0,400,5,moderate,1.0,2324106676,1,42,firm_0,ir_accuracy,1.0
4,0.6,9.0,400,5,moderate,1.0,2324106676,1,42,firm_1,phi_operational,-23.698494106820288
4,0.6,9.0,400,5,moderate,1.0,2324106676,1,42,firm_1,phi_accuracy,0.006514834812547629
4,0.6,9.0,400,5,moderate,1.0,2324106676,1,42,firm_1,ir_operational,0.0
4,0.6,9.0,400,5,moderate,1.0,2324106676,1,42,firm_1,ir_accuracy,1.0
4,0.6,9.0,400,5,moderate,1.0,2324106676,1,42,firm_2,phi_operational,-74.95840564018386
4,0.6,9.0,400,5,moderate,1.0,2324106676,1,42,firm_2,phi_accuracy,0.08230981333302101
4,0.6,9.0,400,5,moderate,1.0,2324106676,1,42,firm_2,ir_operational,0.0
4,0.6,9.0,400,5,moderate,1.0,2324106676,1,42,firm_2,ir_accuracy,1.0
4,0.6,9.0,400,5,moderate,1.0,2324106676,1,42,firm_3,phi_operational,-35.747450641657
4,0.6,9.0,400,5,moderate,1.0,2324106676,1,42,firm_3,phi_accuracy,0.0628544658803244
4,0.6,9.0,400,5,moderate,1.0,2324106676,1,42,firm_3,ir_operational,0.0
4,0.6,9.0,400,5,moderate,1.0,2324106676,1,42,firm_3,ir_accuracy,1.0
4,0.6,9.0,400,5,moderate,1.0,2324106676,1,42,_summary,v_op_N,-128.39067539306916
4,0.6,9.0,400,5,moderate,1.0,2324106676,1,42,_summary,v_acc_N,0.16798356372001155
4,0.6,9.0,400,5,moderate,1.0,2324106676,1,42,_summary,spearman_rho,-0.8
4,0.6,9.0,400,5,moderate,1.0,2324106676,1,42,_summary,payment_displacement,0.47858652769274457
4,0.6,9.0,400,5,moderate,1.0,2324106676,1,42,_summary,any_rank_reversal,1.0
4,0.6,9.0,400,5,moderate,1.0,2324106676,1,42,_summary,efficiency_gap_op,0.0
4,0.6,9.0,400,5,moderate,1.0,1658700540,2,42,firm_0,phi_operational,23.56930581636546
4,0.6,9.0,400,5,moderate,1.0,1658700540,2,42,firm_0,phi_accuracy,0.04891469825955959
4,0.6,9.0,400,5,moderate,1.0,1658700540,2,42,firm_0,ir_operational,1.0
4,0.6,9.0,400,5,moderate,1.0,1658700540,2,42,firm_0,ir_accuracy,1.0
4,0.6,9.0,400,5,moderate,1.0,1658700540,2,42,firm_1,phi_operational,-26.9382647879479
4,0.6,9.0,400,5,moderate,1.0,1658700540,2,42,firm_1,phi_accuracy,-0.013723347313984871
4,0.6,9.0,400,5,moderate,1.0,1658700540,2,42,firm_1,ir_operational,0.0
4,0.6,9.0,400,5,moderate,1.0,1658700540,2,42,firm_1,ir_accuracy,0.0
4,0.6,9.0,400,5,moderate,1.0,1658700540,2,42,firm_2,phi_operational,-1.8912771143803488
4,0.6,9.0,400,5,moderate,1.0,1658700540,2,42,firm_2,phi_accuracy,0.012565757980844213
4,0.6,9.0,400,5,moderate,1.0,1658700540,2,42,firm_2,ir_operational,0.0
4,0.6,9.0,400,5,moderate,1.0,1658700540,2,42,firm_2,ir_accuracy,1.0
4,0.6,9.0,400,5,moderate,1.0,1658700540,2,42,firm_3,phi_operational,35.71804160513511
4,0.6,9.0,400,5,moderate,1.0,1658700540,2,42,firm_3,phi_accuracy,0.06836064894708016
4,0.6,9.0,400,5,moderate,1.0,1658700540,2,42,firm_3,ir_operational,1.0
4,0.6,9.0,400,5,moderate,1.0,1658700540,2,42,firm_3,ir_accuracy,1.0
4,0.6,9.0,400,5,moderate,1.0,1658700540,2,42,_summary,v_op_N,30.457805519172325
4,0.6,9.0,400,5,moderate,1.0,1658700540,2,42,_summary,v_acc_N,0.1161177578734991
4,0.6,9.0,400,5,moderate,1.0,1658700540,2,42,_summary,spearman_rho,1.0
4,0.6,9.0,400,5,moderate,1.0,1658700540,2,42,_summary,payment_displacement,0.11579185066048929
4,0.6,9.0,400,5,moderate,1.0,1658700540,2,42,_summary,any_rank_reversal,0.0
4,0.6,9.0,400,5,moderate,1.0,1658700540,2,42,_summary,efficiency_gap_op,0.0
4,0.6,9.0,400,5,moderate,1.0,609942288,3,42,firm_0,phi_operational,-16.50436296129438
4,0.6,9.0,400,5,moderate,1.0,609942288,3,42,firm_0,phi_accuracy,-0.015375158074125558
4,0.6,9.0,400,5,moderate,1.0,609942288,3,42,firm_0,ir_operational,0.0
4,0.6,9.0,400,5,moderate,1.0,609942288,3,42,firm_0,ir_accuracy,0.0
4,0.6,9.0,400,5,moderate,1.0,609942288,3,42,firm_1,phi_operational,40.581939700351576
4,0.6,9.0,400,5,moderate,1.0,609942288,3,42,firm_1,phi_accuracy,0.023168355816542974
4,0.6,9.0,400,5,moderate,1.0,609942288,3,42,firm_1,ir_operational,1.0
4,0.6,9.0,400,5,moderate,1.0,609942288,3,42,firm_1,ir_accuracy,1.0
4,0.6,9.0,400,5,moderate,1.0,609942288,3,42,firm_2,phi_operational,-123.6215556558163
4,0.6,9.0,400,5,moderate,1.0,609942288,3,42,firm_2,phi_accuracy,-0.05330898289604239
4,0.6,9.0,400,5,moderate,1.0,609942288,3,42,firm_2,ir_operational,0.0
4,0.6,9.0,400,5,moderate,1.0,609942288,3,42,firm_2,ir_accuracy,0.0
4,0.6,9.0,400,5,moderate,1.0,609942288,3,42,firm_3,phi_operational,-0.3005775332547955
4,0.6,9.0,400,5,moderate,1.0,609942288,3,42,firm_3,phi_accuracy,-0.02125293862710609
4,0.6,9.0,400,5,moderate,1.0,609942288,3,42,firm_3,ir_operational,0.0
4,0.6,9.0,400,5,moderate,1.0,609942288,3,42,firm_3,ir_accuracy,0.0
4,0.6,9.0,400,5,moderate,1.0,609942288,3,42,_summary,v_op_N,-99.8445564500139
4,0.6,9.0,400,5,moderate,1.0,609942288,3,42,_summary,v_acc_N,-0.06676872378073107
4,0.6,9.0,400,5,moderate,1.0,609942288,3,42,_summary,spearman_rho,0.8
4,0.6,9.0,400,5,moderate,1.0,609942288,3,42,_summary,payment_displacement,0.11549981961184488
4,0.6,9.0,400,5,moderate,1.0,609942288,3,42,_summary,any_rank_reversal,1.0
4,0.6,9.0,400,5,moderate,1.0,609942288,3,42,_summary,efficiency_gap_op,0.0
4,0.6,9.0,400,5,moderate,1.0,3405943863,4,42,firm_0,phi_operational,-75.07611377957487
4,0.6,9.0,400,5,moderate,1.0,3405943863,4,42,firm_0,phi_accuracy,-0.01011008894290455
4,0.6,9.0,400,5,moderate,1.0,3405943863,4,42,firm_0,ir_operational,0.0
4,0.6,9.0,400,5,moderate,1.0,3405943863,4,42,firm_0,ir_accuracy,0.0
4,0.6,9.0,400,5,moderate,1.0,3405943863,4,42,firm_1,phi_operational,-220.59096245017344
4,0.6,9.0,400,5,moderate,1.0,3405943863,4,42,firm_1,phi_accuracy,-0.019702938000093
4,0.6,9.0,400,5,moderate,1.0,3405943863,4,42,firm_1,ir_operational,0.0
4,0.6,9.0,400,5,moderate,1.0,3405943863,4,42,firm_1,ir_accuracy,0.0
4,0.6,9.0,400,5,moderate,1.0,3405943863,4,42,firm_2,phi_operational,-11.618390918935004
4,0.6,9.0,400,5,moderate,1.0,3405943863,4,42,firm_2,phi_accuracy,0.003435952573010511
4,0.6,9.0,400,5,moderate,1.0,3405943863,4,42,firm_2,ir_operational,0.0
4,0.6,9.0,400,5,moderate,1.0,3405943863,4,42,firm_2,ir_accuracy,1.0
4,0.6,9.0,400,5,moderate,1.0,3405943863,4,42,firm_3,phi_operational,-27.671958939241108
4,0.6,9.0,400,5,moderate,1.0,3405943863,4,42,firm_3,phi_accuracy,0.0017199139971734168
4,0.6,9.0,400,5,moderate,1.0,3405943863,4,42,firm_3,ir_operational,0.0
4,0.6,9.0,400,5,moderate,1.0,3405943863,4,42,firm_3,ir_accuracy,1.0
4,0.6,9.0,400,5,moderate,1.0,3405943863,4,42,_summary,v_op_N,-334.95742608792443
4,0.6,9.0,400,5,moderate,1.0,3405943863,4,42,_summary,v_acc_N,-0.024657160372813625
4,0.6,9.0,400,5,moderate,1.0,3405943863,4,42,_summary,spearman_rho,1.0
4,0.6,9.0,400,5,moderate,1.0,3405943863,4,42,_summary,payment_displacement,0.10621093227505243
4,0.6,9.0,400,5,moderate,1.0,3405943863,4,42,_summary,any_rank_reversal,0.0
4,0.6,9.0,400,5,moderate,1.0,3405943863,4,42,_summary,efficiency_gap_op,0.0
4,0.6,9.0,400,5,moderate,1.0,2257503667,5,42,firm_0,phi_operational,2.4263475385379634
4,0.6,9.0,400,5,moderate,1.0,2257503667,5,42,firm_0,phi_accuracy,0.015807362280194526
4,0.6,9.0,400,5,moderate,1.0,2257503667,5,42,firm_0,ir_operational,1.0
4,0.6,9.0,400,5,moderate,1.0,2257503667,5,42,firm_0,ir_accuracy,1.0
4,0.6,9.0,400,5,moderate,1.0,2257503667,5,42,firm_1,phi_operational,32.81258523934101
4,0.6,9.0,400,5,moderate,1.0,2257503667,5,42,firm_1,phi_accuracy,-0.036038275151486755
4,0.6,9.0,400,5,moderate,1.0,2257503667,5,42,firm_1,ir_operational,1.0
4,0.6,9.0,400,5,moderate,1.0,2257503667,5,42,firm_1,ir_accuracy,0.0
4,0.6,9.0,400,5,moderate,1.0,2257503667,5,42,firm_2,phi_operational,3.606473964227613
4,0.6,9.0,400,5,moderate,1.0,2257503667,5,42,firm_2,phi_accuracy,-0.007541493679733816
4,0.6,9.0,400,5,moderate,1.0,2257503667,5,42,firm_2,ir_operational,1.0
4,0.6,9.0,400,5,moderate,1.0,2257503667,5,42,firm_2,ir_accuracy,0.0
4,0.6,9.0,400,5,moderate,1.0,2257503667,5,42,firm_3,phi_operational,0.07678659597839532
4,0.6,9.0,400,5,moderate,1.0,2257503667,5,42,firm_3,phi_accuracy,-0.011944058471312228
4,0.6,9.0,400,5,moderate,1.0,2257503667,5,42,firm_3,ir_operational,1.0
4,0.6,9.0,400,5,moderate,1.0,2257503667,5,42,firm_3,ir_accuracy,0.0
4,0.6,9.0,400,5,moderate,1.0,2257503667,5,42,_summary,v_op_N,38.92219333808498
4,0.6,9.0,400,5,moderate,1.0,2257503667,5,42,_summary,v_acc_N,-0.039716465022338276
4,0.6,9.0,400,5,moderate,1.0,2257503667,5,42,_summary,spearman_rho,-0.3999999999999999
4,0.6,9.0,400,5,moderate,1.0,2257503667,5,42,_summary,payment_displacement,0.46883079638221375
4,0.6,9.0,400,5,moderate,1.0,2257503667,5,42,_summary,any_rank_reversal,1.0
4,0.6,9.0,400,5,moderate,1.0,2257503667,5,42,_summary,efficiency_gap_op,0.0
4,0.6,9.0,400,5,moderate,1.0,4018327298,6,42,firm_0,phi_operational,-61.582525634121566
4,0.6,9.0,400,5,moderate,1.0,4018327298,6,42,firm_0,phi_accuracy,0.072281504259745
4,0.6,9.0,400,5,moderate,1.0,4018327298,6,42,firm_0,ir_operational,0.0
4,0.6,9.0,400,5,moderate,1.0,4018327298,6,42,firm_0,ir_accuracy,1.0
4,0.6,9.0,400,5,moderate,1.0,4018327298,6,42,firm_1,phi_operational,-13.33987207547481
4,0.6,9.0,400,5,moderate,1.0,4018327298,6,42,firm_1,phi_accuracy,0.010074613985800155
4,0.6,9.0,400,5,moderate,1.0,4018327298,6,42,firm_1,ir_operational,0.0
4,0.6,9.0,400,5,moderate,1.0,4018327298,6,42,firm_1,ir_accuracy,1.0
4,0.6,9.0,400,5,moderate,1.0,4018327298,6,42,firm_2,phi_operational,4.5492513364937395
4,0.6,9.0,400,5,moderate,1.0,4018327298,6,42,firm_2,phi_accuracy,0.014400626451325707
4,0.6,9.0,400,5,moderate,1.0,4018327298,6,42,firm_2,ir_operational,1.0
4,0.6,9.0,400,5,moderate,1.0,4018327298,6,42,firm_2,ir_accuracy,1.0
4,0.6,9.0,400,5,moderate,1.0,4018327298,6,42,firm_3,phi_operational,-47.917069683021694
4,0.6,9.0,400,5,moderate,1.0,4018327298,6,42,firm_3,phi_accuracy,0.019647407911340266
4,0.6,9.0,400,5,moderate,1.0,4018327298,6,42,firm_3,ir_operational,0.0
4,0.6,9.0,400,5,moderate,1.0,4018327298,6,42,firm_3,ir_accuracy,1.0
4,0.6,9.0,400,5,moderate,1.0,4018327298,6,42,_summary,v_op_N,-118.29021605612434
4,0.6,9.0,400,5,moderate,1.0,4018327298,6,42,_summary,v_acc_N,0.11640415260821113
4,0.6,9.0,400,5,moderate,1.0,4018327298,6,42,_summary,spearman_rho,-0.8
4,0.6,9.0,400,5,moderate,1.0,4018327298,6,42,_summary,payment_displacement,0.48214421425057574
4,0.6,9.0,400,5,moderate,1.0,4018327298,6,42,_summary,any_rank_reversal,1.0
4,0.6,9.0,400,5,moderate,1.0,4018327298,6,42,_summary,efficiency_gap_op,0.0
4,0.6,9.0,400,5,moderate,1.0,2224437599,7,42,firm_0,phi_operational,45.53983240055072
4,0.6,9.0,400,5,moderate,1.0,2224437599,7,42,firm_0,phi_accuracy,-0.008171919319290361
4,0.6,9.0,400,5,moderate,1.0,2224437599,7,42,firm_0,ir_operational,1.0
4,0.6,9.0,400,5,moderate,1.0,2224437599,7,42,firm_0,ir_accuracy,0.0
4,0.6,9.0,400,5,moderate,1.0,2224437599,7,42,firm_1,phi_operational,9.337306470951564
4,0.6,9.0,400,5,moderate,1.0,2224437599,7,42,firm_1,phi_accuracy,0.023158118138776218
4,0.6,9.0,400,5,moderate,1.0,2224437599,7,42,firm_1,ir_operational,1.0
4,0.6,9.0,400,5,moderate,1.0,2224437599,7,42,firm_1,ir_accuracy,1.0
4,0.6,9.0,400,5,moderate,1.0,2224437599,7,42,firm_2,phi_operational,32.41266369744092
4,0.6,9.0,400,5,moderate,1.0,2224437599,7,42,firm_2,phi_accuracy,0.0177356610092122
4,0.6,9.0,400,5,moderate,1.0,2224437599,7,42,firm_2,ir_operational,1.0
4,0.6,9.0,400,5,moderate,1.0,2224437599,7,42,firm_2,ir_accuracy,1.0
4,0.6,9.0,400,5,moderate,1.0,2224437599,7,42,firm_3,phi_operational,8.090276388207332
4,0.6,9.0,400,5,moderate,1.0,2224437599,7,42,firm_3,phi_accuracy,-0.0051122417051785805
4,0.6,9.0,400,5,moderate,1.0,2224437599,7,42,firm_3,ir_operational,1.0
4,0.6,9.0,400,5,moderate,1.0,2224437599,7,42,firm_3,ir_accuracy,0.0
4,0.6,9.0,400,5,moderate,1.0,2224437599,7,42,_summary,v_op_N,95.38007895715054
4,0.6,9.0,400,5,moderate,1.0,2224437599,7,42,_summary,v_acc_N,0.027609618123519475
4,0.6,9.0,400,5,moderate,1.0,2224437599,7,42,_summary,spearman_rho,-0.3999999999999999
4,0.6,9.0,400,5,moderate,1.0,2224437599,7,42,_summary,payment_displacement,0.2873723860748957
4,0.6,9.0,400,5,moderate,1.0,2224437599,7,42,_summary,any_rank_reversal,1.0
4,0.6,9.0,400,5,moderate,1.0,2224437599,7,42,_summary,efficiency_gap_op,0.0
4,0.6,9.0,400,5,moderate,1.0,168388230,8,42,firm_0,phi_operational,-11.52427015763256
4,0.6,9.0,400,5,moderate,1.0,168388230,8,42,firm_0,phi_accuracy,-0.014432528572915068
4,0.6,9.0,400,5,moderate,1.0,168388230,8,42,firm_0,ir_operational,0.0
4,0.6,9.0,400,5,moderate,1.0,168388230,8,42,firm_0,ir_accuracy,0.0
4,0.6,9.0,400,5,moderate,1.0,168388230,8,42,firm_1,phi_operational,-17.21742284244143
4,0.6,9.0,400,5,moderate,1.0,168388230,8,42,firm_1,phi_accuracy,-0.01901925258563423
4,0.6,9.0,400,5,moderate,1.0,168388230,8,42,firm_1,ir_operational,0.0
4,0.6,9.0,400,5,moderate,1.0,168388230,8,42,firm_1,ir_accuracy,0.0
4,0.6,9.0,400,5,moderate,1.0,168388230,8,42,firm_2,phi_operational,-4.794627374563068
4,0.6,9.0,400,5,moderate,1.0,168388230,8,42,firm_2,phi_accuracy,-0.0060031632132612565
4,0.6,9.0,400,5,moderate,1.0,168388230,8,42,firm_2,ir_operational,0.0
4,0.6,9.0,400,5,moderate,1.0,168388230,8,42,firm_2,ir_accuracy,0.0
4,0.6,9.0,400,5,moderate,1.0,168388230,8,42,firm_3,phi_operational,-28.365895003722358
4,0.6,9.0,400,5,moderate,1.0,168388230,8,42,firm_3,phi_accuracy,-0.013113919172085781
4,0.6,9.0,400,5,moderate,1.0,168388230,8,42,firm_3,ir_operational,0.0
4,0.6,9.0,400,5,moderate,1.0,168388230,8,42,firm_3,ir_accuracy,0.0
4,0.6,9.0,400,5,moderate,1.0,168388230,8,42,_summary,v_op_N,-61.902215378359415
4,0.6,9.0,400,5,moderate,1.0,168388230,8,42,_summary,v_acc_N,-0.05256886354389634
4,0.6,9.0,400,5,moderate,1.0,168388230,8,42,_summary,spearman_rho,0.4
4,0.6,9.0,400,5,moderate,1.0,168388230,8,42,_summary,payment_displacement,0.10438771650396694
4,0.6,9.0,400,5,moderate,1.0,168388230,8,42,_summary,any_rank_reversal,1.0
4,0.6,9.0,400,5,moderate,1.0,168388230,8,42,_summary,efficiency_gap_op,0.0
4,0.6,9.0,400,5,moderate,1.0,911875363,9,42,firm_0,phi_operational,15.997975865249447
4,0.6,9.0,400,5,moderate,1.0,911875363,9,42,firm_0,phi_accuracy,0.0346181304091322
4,0.6,9.0,400,5,moderate,1.0,911875363,9,42,firm_0,ir_operational,1.0
4,0.6,9.0,400,5,moderate,1.0,911875363,9,42,firm_0,ir_accuracy,1.0
4,0.6,9.0,400,5,moderate,1.0,911875363,9,42,firm_1,phi_operational,0.9253099012073567
4,0.6,9.0,400,5,moderate,1.0,911875363,9,42,firm_1,phi_accuracy,0.009683225418506709
4,0.6,9.0,400,5,moderate,1.0,911875363,9,42,firm_1,ir_operational,1.0
4,0.6,9.0,400,5,moderate,1.0,911875363,9,42,firm_1,ir_accuracy,1.0
4,0.6,9.0,400,5,moderate,1.0,911875363,9,42,firm_2,phi_operational,16.558676919594593
4,0.6,9.0,400,5,moderate,1.0,911875363,9,42,firm_2,phi_accuracy,0.0014765972521350406
4,0.6,9.0,400,5,moderate,1.0,911875363,9,42,firm_2,ir_operational,1.0
4,0.6,9.0,400,5,moderate,1.0,911875363,9,42,firm_2,ir_accuracy,1.0
4,0.6,9.0,400,5,moderate,1.0,911875363,9,42,firm_3,phi_operational,49.620302277160434
4,0.6,9.0,400,5,moderate,1.0,911875363,9,42,firm_3,phi_accuracy,-0.00030243216944425555
4,0.6,9.0,400,5,moderate,1.0,911875363,9,42,firm_3,ir_operational,1.0
4,0.6,9.0,400,5,moderate,1.0,911875363,9,42,firm_3,ir_accuracy,0.0
4,0.6,9.0,400,5,moderate,1.0,911875363,9,42,_summary,v_op_N,83.10226496321184
4,0.6,9.0,400,5,moderate,1.0,911875363,9,42,_summary,v_acc_N,0.04547552091032969
4,0.6,9.0,400,5,moderate,1.0,911875363,9,42,_summary,spearman_rho,-0.8
4,0.6,9.0,400,5,moderate,1.0,911875363,9,42,_summary,payment_displacement,0.3821559794880762
4,0.6,9.0,400,5,moderate,1.0,911875363,9,42,_summary,any_rank_reversal,1.0
4,0.6,9.0,400,5,moderate,1.0,911875363,9,42,_summary,efficiency_gap_op,0.0
4,0.6,9.0,400,5,moderate,1.0,3699796293,10,42,firm_0,phi_operational,-2.1249721711429483
4,0.6,9.0,400,5,moderate,1.0,3699796293,10,42,firm_0,phi_accuracy,0.16626754571861804
4,0.6,9.0,400,5,moderate,1.0,3699796293,10,42,firm_0,ir_operational,0.0
4,0.6,9.0,400,5,moderate,1.0,3699796293,10,42,firm_0,ir_accuracy,1.0
4,0.6,9.0,400,5,moderate,1.0,3699796293,10,42,firm_1,phi_operational,37.1484040734578
4,0.6,9.0,400,5,moderate,1.0,3699796293,10,42,firm_1,phi_accuracy,-0.007133624164045431
4,0.6,9.0,400,5,moderate,1.0,3699796293,10,42,firm_1,ir_operational,1.0
4,0.6,9.0,400,5,moderate,1.0,3699796293,10,42,firm_1,ir_accuracy,0.0
4,0.6,9.0,400,5,moderate,1.0,3699796293,10,42,firm_2,phi_operational,-49.1228740680455
4,0.6,9.0,400,5,moderate,1.0,3699796293,10,42,firm_2,phi_accuracy,0.0016599105691807612
4,0.6,9.0,400,5,moderate,1.0,3699796293,10,42,firm_2,ir_operational,0.0
4,0.6,9.0,400,5,moderate,1.0,3699796293,10,42,firm_2,ir_accuracy,1.0
4,0.6,9.0,400,5,moderate,1.0,3699796293,10,42,firm_3,phi_operational,-29.17076983153121
4,0.6,9.0,400,5,moderate,1.0,3699796293,10,42,firm_3,phi_accuracy,-0.04245878926853748
4,0.6,9.0,400,5,moderate,1.0,3699796293,10,42,firm_3,ir_operational,0.0
4,0.6,9.0,400,5,moderate,1.0,3699796293,10,42,firm_3,ir_accuracy,0.0
4,0.6,9.0,400,5,moderate,1.0,3699796293,10,42,_summary,v_op_N,-43.27021199726187
4,0.6,9.0,400,5,moderate,1.0,3699796293,10,42,_summary,v_acc_N,0.1183350428552159
4,0.6,9.0,400,5,moderate,1.0,3699796293,10,42,_summary,spearman_rho,0.0
4,0.6,9.0,400,5,moderate,1.0,3699796293,10,42,_summary,payment_displacement,0.40240250391050875
4,0.6,9.0,400,5,moderate,1.0,3699796293,10,42,_summary,any_rank_reversal,1.0
4,0.6,9.0,400,5,moderate,1.0,3699796293,10,42,_summary,efficiency_gap_op,7.105427357601002e-15
4,0.6,9.0,400,5,moderate,1.0,3195154224,11,42,firm_0,phi_operational,25.41865315750878
4,0.6,9.0,400,5,moderate,1.0,3195154224,11,42,firm_0,phi_accuracy,0.021614328298953267
4,0.6,9.0,400,5,moderate,1.0,3195154224,11,42,firm_0,ir_operational,1.0
4,0.6,9.0,400,5,moderate,1.0,3195154224,11,42,firm_0,ir_accuracy,1.0
4,0.6,9.0,400,5,moderate,1.0,3195154224,11,42,firm_1,phi_operational,-1.0277113730919982
4,0.6,9.0,400,5,moderate,1.0,3195154224,11,42,firm_1,phi_accuracy,0.025404793855381226
4,0.6,9.0,400,5,moderate,1.0,3195154224,11,42,firm_1,ir_operational,0.0
4,0.6,9.0,400,5,moderate,1.0,3195154224,11,42,firm_1,ir_accuracy,1.0
4,0.6,9.0,400,5,moderate,1.0,3195154224,11,42,firm_2,phi_operational,-22.900899393607574
4,0.6,9.0,400,5,moderate,1.0,3195154224,11,42,firm_2,phi_accuracy,0.008312062498001722
4,0.6,9.0,400,5,moderate,1.0,3195154224,11,42,firm_2,ir_operational,0.0
4,0.6,9.0,400,5,moderate,1.0,3195154224,11,42,firm_2,ir_accuracy,1.0
4,0.6,9.0,400,5,moderate,1.0,3195154224,11,42,firm_3,phi_operational,29.854283488238366
4,0.6,9.0,400,5,moderate,1.0,3195154224,11,42,firm_3,phi_accuracy,0.016179950419967448
4,0.6,9.0,400,5,moderate,1.0,3195154224,11,42,firm_3,ir_operational,1.0
4,0.6,9.0,400,5,moderate,1.0,3195154224,11,42,firm_3,ir_accuracy,1.0
4,0.6,9.0,400,5,moderate,1.0,3195154224,11,42,_summary,v_op_N,31.344325879047574
4,0.6,9.0,400,5,moderate,1.0,3195154224,11,42,_summary,v_acc_N,0.07151113507230367
4,0.6,9.0,400,5,moderate,1.0,3195154224,11,42,_summary,spearman_rho,0.19999999999999996
4,0.6,9.0,400,5,moderate,1.0,3195154224,11,42,_summary,payment_displacement,0.23574549837113118
4,0.6,9.0,400,5,moderate,1.0,3195154224,11,42,_summary,any_rank_reversal,1.0
4,0.6,9.0,400,5,moderate,1.0,3195154224,11,42,_summary,efficiency_gap_op,0.0
4,0.6,9.0,400,5,moderate,1.0,3621210587,12,42,firm_0,phi_operational,-10.3590900905632
4,0.6,9.0,400,5,moderate,1.0,3621210587,12,42,firm_0,phi_accuracy,-0.028952079225271356
4,0.6,9.0,400,5,moderate,1.0,3621210587,12,42,firm_0,ir_operational,0.0
4,0.6,9.0,400,5,moderate,1.0,3621210587,12,42,firm_0,ir_accuracy,0.0
4,0.6,9.0,400,5,moderate,1.0,3621210587,12,42,firm_1,phi_operational,7.217870888422453
4,0.6,9.0,400,5,moderate,1.0,3621210587,12,42,firm_1,phi_accuracy,0.014166281663633835
4,0.6,9.0,400,5,moderate,1.0,3621210587,12,42,firm_1,ir_operational,1.0
4,0.6,9.0,400,5,moderate,1.0,3621210587,12,42,firm_1,ir_accuracy,1.0
4,0.6,9.0,400,5,moderate,1.0,3621210587,12,42,firm_2,phi_operational,-1.0180493069525485
4,0.6,9.0,400,5,moderate,1.0,3621210587,12,42,firm_2,phi_accuracy,-0.002671013704850049
4,0.6,9.0,400,5,moderate,1.0,3621210587,12,42,firm_2,ir_operational,0.0
4,0.6,9.0,400,5,moderate,1.0,3621210587,12,42,firm_2,ir_accuracy,0.0
4,0.6,9.0,400,5,moderate,1.0,3621210587,12,42,firm_3,phi_operational,14.195776359485647
4,0.6,9.0,400,5,moderate,1.0,3621210587,12,42,firm_3,phi_accuracy,0.01071709625795425
4,0.6,9.0,400,5,moderate,1.0,3621210587,12,42,firm_3,ir_operational,1.0
4,0.6,9.0,400,5,moderate,1.0,3621210587,12,42,firm_3,ir_accuracy,1.0
4,0.6,9.0,400,5,moderate,1.0,3621210587,12,42,_summary,v_op_N,10.036507850392354
4,0.6,9.0,400,5,moderate,1.0,3621210587,12,42,_summary,v_acc_N,-0.00673971500853332
4,0.6,9.0,400,5,moderate,1.0,3621210587,12,42,_summary,spearman_rho,0.8
4,0.6,9.0,400,5,moderate,1.0,3621210587,12,42,_summary,payment_displacement,0.12162913334114434
4,0.6,9.0,400,5,moderate,1.0,3621210587,12,42,_summary,any_rank_reversal,1.0
4,0.6,9.0,400,5,moderate,1.0,3621210587,12,42,_summary,efficiency_gap_op,1.7763568394002505e-15
4,0.6,9.0,400,5,moderate,1.0,1945778437,13,42,firm_0,phi_operational,4.514059363961261
4,0.6,9.0,400,5,moderate,1.0,1945778437,13,42,firm_0,phi_accuracy,-0.001132811778106276
4,0.6,9.0,400,5,moderate,1.0,1945778437,13,42,firm_0,ir_operational,1.0
4,0.6,9.0,400,5,moderate,1.0,1945778437,13,42,firm_0,ir_accuracy,0.0
4,0.6,9.0,400,5,moderate,1.0,1945778437,13,42,firm_1,phi_operational,-11.328029873896526
4,0.6,9.0,400,5,moderate,1.0,1945778437,13,42,firm_1,phi_accuracy,-0.03990443023426674
4,0.6,9.0,400,5,moderate,1.0,1945778437,13,42,firm_1,ir_operational,0.0
4,0.6,9.0,400,5,moderate,1.0,1945778437,13,42,firm_1,ir_accuracy,0.0
4,0.6,9.0,400,5,moderate,1.0,1945778437,13,42,firm_2,phi_operational,40.32130074662764
4,0.6,9.0,400,5,moderate,1.0,1945778437,13,42,firm_2,phi_accuracy,0.013875853902533281
4,0.6,9.0,400,5,moderate,1.0,1945778437,13,42,firm_2,ir_operational,1.0
4,0.6,9.0,400,5,moderate,1.0,1945778437,13,42,firm_2,ir_accuracy,1.0
4,0.6,9.0,400,5,moderate,1.0,1945778437,13,42,firm_3,phi_operational,19.86721149864195
4,0.6,9.0,400,5,moderate,1.0,1945778437,13,42,firm_3,phi_accuracy,0.010326164606734004
4,0.6,9.0,400,5,moderate,1.0,1945778437,13,42,firm_3,ir_operational,1.0
4,0.6,9.0,400,5,moderate,1.0,1945778437,13,42,firm_3,ir_accuracy,1.0
4,0.6,9.0,400,5,moderate,1.0,1945778437,13,42,_summary,v_op_N,53.37454173533433
4,0.6,9.0,400,5,moderate,1.0,1945778437,13,42,_summary,v_acc_N,-0.016835223503105734
4,0.6,9.0,400,5,moderate,1.0,1945778437,13,42,_summary,spearman_rho,1.0
4,0.6,9.0,400,5,moderate,1.0,1945778437,13,42,_summary,payment_displacement,0.24001687405701597
4,0.6,9.0,400,5,moderate,1.0,1945778437,13,42,_summary,any_rank_reversal,0.0
4,0.6,9.0,400,5,moderate,1.0,1945778437,13,42,_summary,efficiency_gap_op,7.105427357601002e-15
4,0.6,9.0,400,5,moderate,1.0,2384190687,14,42,firm_0,phi_operational,7.697046766242048
4,0.6,9.0,400,5,moderate,1.0,2384190687,14,42,firm_0,phi_accuracy,0.01321793781788235
4,0.6,9.0,400,5,moderate,1.0,2384190687,14,42,firm_0,ir_operational,1.0
4,0.6,9.0,400,5,moderate,1.0,2384190687,14,42,firm_0,ir_accuracy,1.0
4,0.6,9.0,400,5,moderate,1.0,2384190687,14,42,firm_1,phi_operational,-2.3331690299180914
4,0.6,9.0,400,5,moderate,1.0,2384190687,14,42,firm_1,phi_accuracy,0.07563705569782764
4,0.6,9.0,400,5,moderate,1.0,2384190687,14,42,firm_1,ir_operational,0.0
4,0.6,9.0,400,5,moderate,1.0,2384190687,14,42,firm_1,ir_accuracy,1.0
4,0.6,9.0,400,5,moderate,1.0,2384190687,14,42,firm_2,phi_operational,-29.549838216401554
4,0.6,9.0,400,5,moderate,1.0,2384190687,14,42,firm_2,phi_accuracy,0.021930721829204414
4,0.6,9.0,400,5,moderate,1.0,2384190687,14,42,firm_2,ir_operational,0.0
4,0.6,9.0,400,5,moderate,1.0,2384190687,14,42,firm_2,ir_accuracy,1.0
4,0.6,9.0,400,5,moderate,1.0,2384190687,14,42,firm_3,phi_operational,-22.709050328316494
4,0.6,9.0,400,5,moderate,1.0,2384190687,14,42,firm_3,phi_accuracy,0.001181578876303139
4,0.6,9.0,400,5,moderate,1.0,2384190687,14,42,firm_3,ir_operational,0.0
4,0.6,9.0,400,5,moderate,1.0,2384190687,14,42,firm_3,ir_accuracy,1.0
4,0.6,9.0,400,5,moderate,1.0,2384190687,14,42,_summary,v_op_N,-46.89501080839409
4,0.6,9.0,400,5,moderate,1.0,2384190687,14,42,_summary,v_acc_N,0.11196729422121754
4,0.6,9.0,400,5,moderate,1.0,2384190687,14,42,_summary,spearman_rho,0.0
4,0.6,9.0,400,5,moderate,1.0,2384190687,14,42,_summary,payment_displacement,0.4409741125290119
4,0.6,9.0,400,5,moderate,1.0,2384190687,14,42,_summary,any_rank_reversal,1.0
4,0.6,9.0,400,5,moderate,1.0,2384190687,14,42,_summary,efficiency_gap_op,0.0
4,0.6,9.0,400,5,moderate,1.0,3249086786,15,42,firm_0,phi_operational,-27.131875202611354
4,0.6,9.0,400,5,moderate,1.0,3249086786,15,42,firm_0,phi_accuracy,-0.02217150320559528
4,0.6,9.0,400,5,moderate,1.0,3249086786,15,42,firm_0,ir_operational,0.0
4,0.6,9.0,400,5,moderate,1.0,3249086786,15,42,firm_0,ir_accuracy,0.0
4,0.6,9.0,400,5,moderate,1.0,3249086786,15,42,firm_1,phi_operational,-92.52189378698858
4,0.6,9.0,400,5,moderate,1.0,3249086786,15,42,firm_1,phi_accuracy,-0.020653232860013228
4,0.6,9.0,400,5,moderate,1.0,3249086786,15,42,firm_1,ir_operational,0.0
4,0.6,9.0,400,5,moderate,1.0,3249086786,15,42,firm_1,ir_accuracy,0.0
4,0.6,9.0,400,5,moderate,1.0,3249086786,15,42,firm_2,phi_operational,-24.74709307322026
4,0.6,9.0,400,5,moderate,1.0,3249086786,15,42,firm_2,phi_accuracy,-0.018028725198090623
4,0.6,9.0,400,5,moderate,1.0,3249086786,15,42,firm_2,ir_operational,0.0
4,0.6,9.0,400,5,moderate,1.0,3249086786,15,42,firm_2,ir_accuracy,0.0
4,0.6,9.0,400,5,moderate,1.0,3249086786,15,42,firm_3,phi_operational,-59.617781215144
4,0.6,9.0,400,5,moderate,1.0,3249086786,15,42,firm_3,phi_accuracy,-0.004034699912660958
4,0.6,9.0,400,5,moderate,1.0,3249086786,15,42,firm_3,ir_operational,0.0
4,0.6,9.0,400,5,moderate,1.0,3249086786,15,42,firm_3,ir_accuracy,0.0
4,0.6,9.0,400,5,moderate,1.0,3249086786,15,42,_summary,v_op_N,-204.0186432779642
4,0.6,9.0,400,5,moderate,1.0,3249086786,15,42,_summary,v_acc_N,-0.06488816117636009
4,0.6,9.0,400,5,moderate,1.0,3249086786,15,42,_summary,spearman_rho,0.0
4,0.6,9.0,400,5,moderate,1.0,3249086786,15,42,_summary,payment_displacement,0.18262279326117964
4,0.6,9.0,400,5,moderate,1.0,3249086786,15,42,_summary,any_rank_reversal,1.0
4,0.6,9.0,400,5,moderate,1.0,3249086786,15,42,_summary,efficiency_gap_op,0.0
4,0.6,9.0,400,5,moderate,1.0,439485575,16,42,firm_0,phi_operational,2.1662589686065226
4,0.6,9.0,400,5,moderate,1.0,439485575,16,42,firm_0,phi_accuracy,0.021201782251271784
4,0.6,9.0,400,5,moderate,1.0,439485575,16,42,firm_0,ir_operational,1.0
4,0.6,9.0,400,5,moderate,1.0,439485575,16,42,firm_0,ir_accuracy,1.0
4,0.6,9.0,400,5,moderate,1.0,439485575,16,42,firm_1,phi_operational,-13.268092235950917
4,0.6,9.0,400,5,moderate,1.0,439485575,16,42,firm_1,phi_accuracy,0.023093421152670247
4,0.6,9.0,400,5,moderate,1.0,439485575,16,42,firm_1,ir_operational,0.0
4,0.6,9.0,400,5,moderate,1.0,439485575,16,42,firm_1,ir_accuracy,1.0
4,0.6,9.0,400,5,moderate,1.0,439485575,16,42,firm_2,phi_operational,-19.409275100025752
4,0.6,9.0,400,5,moderate,1.0,439485575,16,42,firm_2,phi_accuracy,0.007016993440899899
4,0.6,9.0,400,5,moderate,1.0,439485575,16,42,firm_2,ir_operational,0.0
4,0.6,9.0,400,5,moderate,1.0,439485575,16,42,firm_2,ir_accuracy,1.0
4,0.6,9.0,400,5,moderate,1.0,439485575,16,42,firm_3,phi_operational,-3.83104866502155
4,0.6,9.0,400,5,moderate,1.0,439485575,16,42,firm_3,phi_accuracy,0.005129304030569844
4,0.6,9.0,400,5,moderate,1.0,439485575,16,42,firm_3,ir_operational,0.0
4,0.6,9.0,400,5,moderate,1.0,439485575,16,42,firm_3,ir_accuracy,1.0
4,0.6,9.0,400,5,moderate,1.0,439485575,16,42,_summary,v_op_N,-34.3421570323917
4,0.6,9.0,400,5,moderate,1.0,439485575,16,42,_summary,v_acc_N,0.056441500875411776
4,0.6,9.0,400,5,moderate,1.0,439485575,16,42,_summary,spearman_rho,0.0
4,0.6,9.0,400,5,moderate,1.0,439485575,16,42,_summary,payment_displacement,0.47199383096752484
4,0.6,9.0,400,5,moderate,1.0,439485575,16,42,_summary,any_rank_reversal,1.0
4,0.6,9.0,400,5,moderate,1.0,439485575,16,42,_summary,efficiency_gap_op,0.0
4,0.6,9.0,400,5,moderate,1.0,2217192537,17,42,firm_0,phi_operational,-22.570725820119264
4,0.6,9.0,400,5,moderate,1.0,2217192537,17,42,firm_0,phi_accuracy,0.0034139837811256735
4,0.6,9.0,400,5,moderate,1.0,2217192537,17,42,firm_0,ir_operational,0.0
4,0.6,9.0,400,5,moderate,1.0,2217192537,17,42,firm_0,ir_accuracy,1.0
4,0.6,9.0,400,5,moderate,1.0,2217192537,17,42,firm_1,phi_operational,-25.95793079766679
4,0.6,9.0,400,5,moderate,1.0,2217192537,17,42,firm_1,phi_accuracy,-0.010242027485836764
4,0.6,9.0,400,5,moderate,1.0,2217192537,17,42,firm_1,ir_operational,0.0
4,0.6,9.0,400,5,moderate,1.0,2217192537,17,42,firm_1,ir_accuracy,0.0
4,0.6,9.0,400,5,moderate,1.0,2217192537,17,42,firm_2,phi_operational,-1.1699370335264803
4,0.6,9.0,400,5,moderate,1.0,2217192537,17,42,firm_2,phi_accuracy,0.0005856861832851759
4,0.6,9.0,400,5,moderate,1.0,2217192537,17,42,firm_2,ir_operational,0.0
4,0.6,9.0,400,5,moderate,1.0,2217192537,17,42,firm_2,ir_accuracy,1.0
4,0.6,9.0,400,5,moderate,1.0,2217192537,17,42,firm_3,phi_operational,18.988243804264698
4,0.6,9.0,400,5,moderate,1.0,2217192537,17,42,firm_3,phi_accuracy,0.0009379528116569095
4,0.6,9.0,400,5,moderate,1.0,2217192537,17,42,firm_3,ir_operational,1.0
4,0.6,9.0,400,5,moderate,1.0,2217192537,17,42,firm_3,ir_accuracy,1.0
4,0.6,9.0,400,5,moderate,1.0,2217192537,17,42,_summary,v_op_N,-30.710349847047837
4,0.6,9.0,400,5,moderate,1.0,2217192537,17,42,_summary,v_acc_N,-0.005304404709769006
4,0.6,9.0,400,5,moderate,1.0,2217192537,17,42,_summary,spearman_rho,0.4
4,0.6,9.0,400,5,moderate,1.0,2217192537,17,42,_summary,payment_displacement,0.2801463740426512
4,0.6,9.0,400,5,moderate,1.0,2217192537,17,42,_summary,any_rank_reversal,1.0
4,0.6,9.0,400,5,moderate,1.0,2217192537,17,42,_summary,efficiency_gap_op,0.0
4,0.6,9.0,400,5,moderate,1.0,3412522237,18,42,firm_0,phi_operational,66.49524361386409
4,0.6,9.0,400,5,moderate,1.0,3412522237,18,42,firm_0,phi_accuracy,0.02326911837924095
4,0.6,9.0,400,5,moderate,1.0,3412522237,18,42,firm_0,ir_operational,1.0
4,0.6,9.0,400,5,moderate,1.0,3412522237,18,42,firm_0,ir_accuracy,1.0
4,0.6,9.0,400,5,moderate,1.0,3412522237,18,42,firm_1,phi_operational,-5.368392385552511
4,0.6,9.0,400,5,moderate,1.0,3412522237,18,42,firm_1,phi_accuracy,0.009879069073180813
4,0.6,9.0,400,5,moderate,1.0,3412522237,18,42,firm_1,ir_operational,0.0
4,0.6,9.0,400,5,moderate,1.0,3412522237,18,42,firm_1,ir_accuracy,1.0
4,0.6,9.0,400,5,moderate,1.0,3412522237,18,42,firm_2,phi_operational,18.70752085319475
4,0.6,9.0,400,5,moderate,1.0,3412522237,18,42,firm_2,phi_accuracy,-0.010233868940422034
4,0.6,9.0,400,5,moderate,1.0,3412522237,18,42,firm_2,ir_operational,1.0
4,0.6,9.0,400,5,moderate,1.0,3412522237,18,42,firm_2,ir_accuracy,0.0
4,0.6,9.0,400,5,moderate,1.0,3412522237,18,42,firm_3,phi_operational,1.1862894828196886
4,0.6,9.0,400,5,moderate,1.0,3412522237,18,42,firm_3,phi_accuracy,0.028227092479782095
4,0.6,9.0,400,5,moderate,1.0,3412522237,18,42,firm_3,ir_operational,1.0
4,0.6,9.0,400,5,moderate,1.0,3412522237,18,42,firm_3,ir_accuracy,1.0
4,0.6,9.0,400,5,moderate,1.0,3412522237,18,42,_summary,v_op_N,81.02066156432602
4,0.6,9.0,400,5,moderate,1.0,3412522237,18,42,_summary,v_acc_N,0.05114141099178182
4,0.6,9.0,400,5,moderate,1.0,3412522237,18,42,_summary,spearman_rho,0.0
4,0.6,9.0,400,5,moderate,1.0,3412522237,18,42,_summary,payment_displacement,0.3310626487923523
4,0.6,9.0,400,5,moderate,1.0,3412522237,18,42,_summary,any_rank_reversal,1.0
4,0.6,9.0,400,5,moderate,1.0,3412522237,18,42,_summary,efficiency_gap_op,0.0
4,0.6,9.0,400,5,moderate,1.0,555567425,19,42,firm_0,phi_operational,21.26273212673421
4,0.6,9.0,400,5,moderate,1.0,555567425,19,42,firm_0,phi_accuracy,0.0187507531354892
4,0.6,9.0,400,5,moderate,1.0,555567425,19,42,firm_0,ir_operational,1.0
4,0.6,9.0,400,5,moderate,1.0,555567425,19,42,firm_0,ir_accuracy,1.0
4,0.6,9.0,400,5,moderate,1.0,555567425,19,42,firm_1,phi_operational,56.65847822632781
4,0.6,9.0,400,5,moderate,1.0,555567425,19,42,firm_1,phi_accuracy,-0.008470357805252588
4,0.6,9.0,400,5,moderate,1.0,555567425,19,42,firm_1,ir_operational,1.0
4,0.6,9.0,400,5,moderate,1.0,555567425,19,42,firm_1,ir_accuracy,0.0
4,0.6,9.0,400,5,moderate,1.0,555567425,19,42,firm_2,phi_operational,-18.026769035868178
4,0.6,9.0,400,5,moderate,1.0,555567425,19,42,firm_2,phi_accuracy,-0.014054051601287549
4,0.6,9.0,400,5,moderate,1.0,555567425,19,42,firm_2,ir_operational,0.0
4,0.6,9.0,400,5,moderate,1.0,555567425,19,42,firm_2,ir_accuracy,0.0
4,0.6,9.0,400,5,moderate,1.0,555567425,19,42,firm_3,phi_operational,-3.768319522639027
4,0.6,9.0,400,5,moderate,1.0,555567425,19,42,firm_3,phi_accuracy,-0.009622258993948456
4,0.6,9.0,400,5,moderate,1.0,555567425,19,42,firm_3,ir_operational,0.0
4,0.6,9.0,400,5,moderate,1.0,555567425,19,42,firm_3,ir_accuracy,0.0
4,0.6,9.0,400,5,moderate,1.0,555567425,19,42,_summary,v_op_N,56.12612179455482
4,0.6,9.0,400,5,moderate,1.0,555567425,19,42,_summary,v_acc_N,-0.013395915264999392
4,0.6,9.0,400,5,moderate,1.0,555567425,19,42,_summary,spearman_rho,0.8
4,0.6,9.0,400,5,moderate,1.0,555567425,19,42,_summary,payment_displacement,0.284098381326779
4,0.6,9.0,400,5,moderate,1.0,555567425,19,42,_summary,any_rank_reversal,1.0
4,0.6,9.0,400,5,moderate,1.0,555567425,19,42,_summary,efficiency_gap_op,7.105427357601002e-15
