n,cell,struct_idx,seed,T,rho_oracle,l1_mean
4,k1,0,271795884,150,0.0,0.10231712659395163
4,k1,0,271795884,300,0.6,0.04672108518865899
4,k1,0,271795884,600,0.8,0.024225922957233054
4,k1,0,271795884,1200,1.0,0.007113194440586511
4,k1,1,1982049089,150,0.6,0.07166814186095573
4,k1,1,1982049089,300,0.8,0.02187496303566335
4,k1,1,1982049089,600,0.6,0.02214027230324233
4,k1,1,1982049089,1200,1.0,0.007310062273885057
4,k1,2,895953306,150,-0.19999999999999996,0.09200926971892939
4,k1,2,895953306,300,0.8,0.03195650592844252
4,k1,2,895953306,600,0.4,0.036739297359916594
4,k1,2,895953306,1200,0.4,0.016080418746523807
4,k1,3,1343419790,150,-0.19999999999999996,0.1626087181803209
4,k1,3,1343419790,300,0.4,0.01606224222539904
4,k1,3,1343419790,600,1.0,0.017080314219308116
4,k1,3,1343419790,1200,0.8,0.017109072753883806
4,k1,4,850491717,150,0.8,0.0658685575709329
4,k1,4,850491717,300,0.0,0.023556417579098744
4,k1,4,850491717,600,1.0,0.006568579799084463
4,k1,4,850491717,1200,0.8,0.006076823765382355
4,k1,5,390846948,150,-0.19999999999999996,0.04928311720210279
4,k1,5,390846948,300,0.0,0.04393950146781371
4,k1,5,390846948,600,-0.8,0.014047716557501375
4,k1,5,390846948,1200,0.19999999999999996,0.012429147578166724
4,k1,6,359329517,150,0.8,0.03163220334038078
4,k1,6,359329517,300,0.0,0.03844261357482923
4,k1,6,359329517,600,-0.3999999999999999,0.04129930866238008
4,k1,6,359329517,1200,1.0,0.015163396618314144
4,k1,7,2044133302,150,0.8,0.08107686603014982
4,k1,7,2044133302,300,0.4,0.014770511499651385
4,k1,7,2044133302,600,-0.3999999999999999,0.027200824934483968
4,k1,7,2044133302,1200,0.8,0.011066882941364544
4,k1,8,871022292,150,0.4,0.0652111378345471
4,k1,8,871022292,300,1.0,0.02838881982303008
4,k1,8,871022292,600,-1.0,0.044600416366311055
4,k1,8,871022292,1200,0.8,0.012268278015383438
4,k1,9,1759245668,150,0.8,0.08671476766531655
4,k1,9,1759245668,300,0.8,0.03998274150449996
4,k1,9,1759245668,600,0.4,0.024683569211061778
4,k1,9,1759245668,1200,0.8,0.014308394607117494
4,k1,10,1117645765,150,0.8,0.08805535777654165
4,k1,10,1117645765,300,-0.19999999999999996,0.03135525667274142
4,k1,10,1117645765,600,1.0,0.009578044166539526
4,k1,10,1117645765,1200,0.8,0.015928811384142472
4,k1,11,1117501133,150,0.4,0.04656304589089678
4,k1,11,1117501133,300,0.19999999999999996,0.0657243492315144
4,k1,11,1117501133,600,-0.19999999999999996,0.07272270833278126
4,k1,11,1117501133,1200,0.6,0.020413564574998405
4,k1,12,240866135,150,0.8,0.06594929228549982
4,k1,12,240866135,300,0.4,0.07110735536463847
4,k1,12,240866135,600,0.4,0.014871785910706481
4,k1,12,240866135,1200,0.19999999999999996,0.008980090595797536
4,k1,13,1260070232,150,1.0,0.04094921298970047
4,k1,13,1260070232,300,1.0,0.052557249690109435
4,k1,13,1260070232,600,1.0,0.020240823018444997
4,k1,13,1260070232,1200,1.0,0.0204930024513994
4,k1,14,861410528,150,1.0,0.031936287681662415
4,k1,14,861410528,300,-0.3999999999999999,0.039055460907113836
4,k1,14,861410528,600,1.0,0.023516957803933
4,k1,14,861410528,1200,1.0,0.013837124876946813
4,k1,15,1924273395,150,0.8,0.04844527728201912
4,k1,15,1924273395,300,-0.3999999999999999,0.030433864648612533
4,k1,15,1924273395,600,0.8,0.008902738128389247
4,k1,15,1924273395,1200,0.4,0.007843840229079854
4,k1,16,46805754,150,0.19999999999999996,0.10208171805347432
4,k1,16,46805754,300,-0.3999999999999999,0.035143733997498594
4,k1,16,46805754,600,0.0,0.03297827661592224
4,k1,16,46805754,1200,0.8,0.007306125849851162
4,k1,17,455256120,150,1.0,0.2209181822993267
4,k1,17,455256120,300,1.0,0.05404019842690263
4,k1,17,455256120,600,0.8,0.014183307843999344
4,k1,17,455256120,1200,0.8,0.015315516052308601
4,k1,18,806444024,150,0.0,0.08121836695900533
4,k1,18,806444024,300,0.6,0.0243603246154723
4,k1,18,806444024,600,0.19999999999999996,0.02682581715119113
4,k1,18,806444024,1200,0.4,0.027252766976178167
4,k1,19,1510739162,150,0.4,0.1253532299820872
4,k1,19,1510739162,300,0.8,0.022629853642929302
4,k1,19,1510739162,600,0.19999999999999996,0.02637046640716279
4,k1,19,1510739162,1200,0.8,0.02143028030350104
4,k1,20,1131817708,150,0.8,0.032074838541113294
4,k1,20,1131817708,300,1.0,0.09132487611779969
4,k1,20,1131817708,600,1.0,0.008380741697624886
4,k1,20,1131817708,1200,0.8,0.01565322386438892
4,k1,21,1415014342,150,0.8,0.03732262514426924
4,k1,21,1415014342,300,-0.8,0.02858841968163936
4,k1,21,1415014342,600,-1.0,0.014157650793443265
4,k1,21,1415014342,1200,0.6,0.013509661505019525
4,k1,22,1705604071,150,-0.19999999999999996,0.11051564932203797
4,k1,22,1705604071,300,-0.8,0.04651062254402592
4,k1,22,1705604071,600,0.6,0.03269604613933739
4,k1,22,1705604071,1200,0.8,0.020632879138842722
4,k1,23,481171505,150,0.6,0.03880608421971379
4,k1,23,481171505,300,0.8,0.01720197871550595
4,k1,23,481171505,600,0.19999999999999996,0.033833519302701266
4,k1,23,481171505,1200,1.0,0.01657801433354411
4,k1,24,791638180,150,0.8,0.0926466890148171
4,k1,24,791638180,300,0.8,0.014137614807454495
4,k1,24,791638180,600,1.0,0.025182045011250806
4,k1,24,791638180,1200,0.8,0.012647851080943521
4,k2,0,1623036529,150,-0.3999999999999999,0.07874024626786799
4,k2,0,1623036529,300,-0.6000000000000001,0.031456559040359953
4,k2,0,1623036529,600,0.0,0.06276565174663698
4,k2,0,1623036529,1200,0.6,0.012216072764641329
4,k2,1,1861211675,150,0.19999999999999996,0.06219622010250743
4,k2,1,1861211675,300,0.6,0.01837523076350793
4,k2,1,1861211675,600,-0.3999999999999999,0.02384835792261328
4,k2,1,1861211675,1200,0.0,0.00947755412183853
4,k2,2,201710381,150,0.8,0.048471055897925025
4,k2,2,201710381,300,0.4,0.10583439736553135
4,k2,2,201710381,600,0.0,0.01293168850561176
4,k2,2,201710381,1200,0.4,0.017207873009946355
4,k2,3,1677583614,150,-0.3999999999999999,0.0722868679334786
4,k2,3,1677583614,300,0.8,0.08529605014825772
4,k2,3,1677583614,600,0.8,0.011640629415779691
4,k2,3,1677583614,1200,0.8,0.004550283836725037
4,k2,4,1191654362,150,0.6,0.17980820669926134
4,k2,4,1191654362,300,-0.3999999999999999,0.04315438959510967
4,k2,4,1191654362,600,-0.19999999999999996,0.037063057850283625
4,k2,4,1191654362,1200,0.0,0.007130355056632288
4,k2,5,1734591587,150,-0.19999999999999996,0.027476077399244125
4,k2,5,1734591587,300,1.0,0.027329976694979923
4,k2,5,1734591587,600,-0.3999999999999999,0.033049873140786334
4,k2,5,1734591587,1200,0.8,0.00680998357445116
4,k2,6,1176688948,150,-0.3999999999999999,0.1557480274203792
4,k2,6,1176688948,300,-0.19999999999999996,0.015120354519499689
4,k2,6,1176688948,600,-0.8,0.027420590192793255
4,k2,6,1176688948,1200,0.0,0.013294004147629135
4,k2,7,1471443850,150,-0.6000000000000001,0.07081831904668516
4,k2,7,1471443850,300,-0.3999999999999999,0.140087845916759
4,k2,7,1471443850,600,-0.19999999999999996,0.0401449670112234
4,k2,7,1471443850,1200,0.8,0.011513296559468792
4,k2,8,1015677257,150,0.19999999999999996,0.0177163222970972
4,k2,8,1015677257,300,0.4,0.016721884595072237
4,k2,8,1015677257,600,-0.6000000000000001,0.010384364758672115
4,k2,8,1015677257,1200,0.19999999999999996,0.022482816525979842
4,k2,9,1422589941,150,0.4,0.036849067511111666
4,k2,9,1422589941,300,-0.3999999999999999,0.09749228901506905
4,k2,9,1422589941,600,-0.3999999999999999,0.02795210539305587
4,k2,9,1422589941,1200,0.8,0.010745321058095303
4,k2,10,545970953,150,0.0,0.033242068199288224
4,k2,10,545970953,300,-0.8,0.022204582234572237
4,k2,10,545970953,600,-0.3999999999999999,0.03824287614910114
4,k2,10,545970953,1200,-0.6000000000000001,0.014310359134261262
4,k2,11,1942986727,150,-0.3999999999999999,0.10295585378163011
4,k2,11,1942986727,300,0.4,0.03254295003468198
4,k2,11,1942986727,600,1.0,0.007829010921327529
4,k2,11,1942986727,1200,-0.3999999999999999,0.018221507006341432
4,k2,12,2140112582,150,-0.3999999999999999,0.0625068051733487
4,k2,12,2140112582,300,0.0,0.14229521256067335
4,k2,12,2140112582,600,0.8,0.02473893288937836
4,k2,12,2140112582,1200,0.19999999999999996,0.029526469996922714
4,k2,13,1841918326,150,0.19999999999999996,0.08994295304925709
4,k2,13,1841918326,300,-0.3999999999999999,0.01671823621371656
4,k2,13,1841918326,600,0.0,0.019517103461875414
4,k2,13,1841918326,1200,1.0,0.008837534743479758
4,k2,14,677562198,150,0.4,0.1859089968251181
4,k2,14,677562198,300,0.0,0.08613508332633088
4,k2,14,677562198,600,0.4,0.0498561030801393
4,k2,14,677562198,1200,1.0,0.008677026775723616
4,k2,15,816235878,150,-0.6000000000000001,0.023132724054807274
4,k2,15,816235878,300,0.4,0.012447732544767776
4,k2,15,816235878,600,0.4,0.013544395549087524
4,k2,15,816235878,1200,0.8,0.004494420658382594
4,k2,16,1934242241,150,-0.3999999999999999,0.043835462761331566
4,k2,16,1934242241,300,0.8,0.011465957892381785
4,k2,16,1934242241,600,-0.3999999999999999,0.03638633317930763
4,k2,16,1934242241,1200,0.8,0.013426288517500334
4,k2,17,1790731709,150,-0.8,0.17255197496993555
4,k2,17,1790731709,300,0.4,0.03709098384118506
4,k2,17,1790731709,600,0.6,0.008302061630497994
4,k2,17,1790731709,1200,1.0,0.0048761139997246725
4,k2,18,461449860,150,0.8,0.06027214965538999
4,k2,18,461449860,300,-0.6000000000000001,0.061770715446544916
4,k2,18,461449860,600,0.19999999999999996,0.04920285716164861
4,k2,18,461449860,1200,0.8,0.0072168729411868126
4,k2,19,1316595977,150,0.6,0.17925977795573111
4,k2,19,1316595977,300,-0.3999999999999999,0.08521016225716087
4,k2,19,1316595977,600,0.8,0.02452754051531967
4,k2,19,1316595977,1200,0.8,0.007660913348739542
4,k2,20,1064247723,150,0.4,0.05800470305797971
4,k2,20,1064247723,300,-0.19999999999999996,0.0474499312299913
4,k2,20,1064247723,600,-0.3999999999999999,0.017041638667255075
4,k2,20,1064247723,1200,1.0,0.007879833585888427
4,k2,21,372420712,150,-0.6000000000000001,0.09044545618137752
4,k2,21,372420712,300,0.4,0.02436832037818471
4,k2,21,372420712,600,-0.19999999999999996,0.009373298733021243
4,k2,21,372420712,1200,0.4,0.0060546163439045425
4,k2,22,833832837,150,0.4,0.03725638765430982
4,k2,22,833832837,300,0.4,0.04157561496238984
4,k2,22,833832837,600,0.4,0.012722389728523506
4,k2,22,833832837,1200,0.19999999999999996,0.01349367658096191
4,k2,23,398090992,150,0.4,0.07051538310211743
4,k2,23,398090992,300,-0.8,0.05196316693160176
4,k2,23,398090992,600,0.4,0.015612314930833798
4,k2,23,398090992,1200,0.8,0.007806626459183316
4,k2,24,45158681,150,0.4,0.06069347300905148
4,k2,24,45158681,300,-1.0,0.026532004306793873
4,k2,24,45158681,600,0.4,0.013077834288142414
4,k2,24,45158681,1200,-0.3999999999999999,0.011900649493333361
