cb_over_ch,shared_factor_correlation,spearman_rho_mean,spearman_rho_lo,spearman_rho_hi,displacement_mean,displacement_lo,displacement_hi,rank_reversal_rate,mean_v_op_N,n_seeds
1.0,0.3,0.31333333333333335,0.11470755029944882,0.5119591163672179,0.2835369342204697,0.24099539999228364,0.3260784684486558,0.8666666666666667,1.5608605589860725,30.0
1.0,0.6,0.26,0.07474802745089776,0.44525197254910226,0.280781613326056,0.23292646419974472,0.3286367624523673,0.9666666666666667,1.9539583063305603,30.0
1.0,0.9,0.22,-0.019479082185892976,0.45947908218589295,0.2896733366272231,0.23811324162902686,0.34123343162541936,0.8333333333333334,-0.2382700685160728,30.0
4.0,0.3,0.17333333333333334,-0.04883975303518567,0.39550641970185235,0.21815476407354953,0.16832401663236102,0.26798551151473804,0.8666666666666667,18.27719594780579,30.0
4.0,0.6,0.14666666666666667,-0.039330662033303904,0.33266399536663727,0.22302766097366283,0.18332668431417518,0.26272863763315046,0.9666666666666667,19.02913353205487,30.0
4.0,0.9,0.11333333333333337,-0.12192923816475407,0.3485959048314208,0.2398761153896558,0.18969394159667896,0.29005828918263266,0.8666666666666667,22.977050833981824,30.0
9.0,0.3,0.07333333333333333,-0.15180122634528603,0.2984678930119527,0.20201746538677925,0.16097005443497542,0.2430648763385831,0.9,57.340081968933795,30.0
9.0,0.6,0.2733333333333333,0.046635139447472995,0.5000315272191936,0.22328890592278525,0.1736641368768277,0.2729136749687428,0.7666666666666667,49.38164474408087,30.0
9.0,0.9,0.3066666666666667,0.1053469807472383,0.507986352586095,0.2171387524961827,0.1712185660265622,0.2630589389658032,0.9333333333333333,53.38336201926531,30.0
19.0,0.3,0.2466666666666667,0.03848895890797599,0.4548443744253574,0.21698990574804541,0.1784509588764744,0.2555288526196164,0.8666666666666667,117.98510140031593,30.0
19.0,0.6,0.16,-0.047937178842138745,0.3679371788421387,0.1916615866849165,0.15258657269329934,0.23073660067653368,0.9,141.36074197056772,30.0
19.0,0.9,0.41333333333333333,0.23509472448041463,0.591571942186252,0.25344777870560214,0.20308192186195678,0.3038136355492475,0.8666666666666667,117.09151739611066,30.0
49.0,0.3,0.12666666666666668,-0.08720259694011906,0.3405359302734524,0.24261142534246002,0.19839954486900546,0.2868233058159146,1.0,278.98629485560826,30.0
49.0,0.6,0.19333333333333336,0.003994890792588912,0.3826717758740778,0.22895454485042482,0.18169595277793849,0.27621313692291116,0.9333333333333333,349.6606133836969,30.0
49.0,0.9,-0.039999999999999994,-0.2554463402270769,0.17544634022707695,0.2852882951951908,0.23172326513672792,0.33885332525365364,0.9666666666666667,374.429836196076,30.0
