seed,n,cell,kappa,rho,top1_dis,rank_changed,D_phi,vN_res,vN_sig,pos_both
20000,4,k1,1.0,1.0,0,0,1.0755285551056204e-16,0.8736886923158727,0.352021123038492,1
20000,4,k2,1.3402108771812469,1.0,0,0,0.08021387411675264,0.6425532037415564,0.352021123038492,1
20000,4,k5,1.9894858610763237,1.0,0,0,0.2822951314558655,0.41784456809972104,0.352021123038492,1
20000,4,k10,2.941675483095849,1.0,0,0,0.7195308732416099,0.23403723628096,0.352021123038492,1
20001,4,k1,1.0,1.0,0,0,1.5916087892087205e-16,0.6261142211450826,0.25226998267957157,1
20001,4,k2,1.3402108771812469,1.0,0,0,0.0040069086107063605,0.52970292562645,0.25226998267957157,1
20001,4,k5,1.9894858610763237,1.0,0,0,0.009330003116503512,0.45724056622688186,0.25226998267957157,1
20001,4,k10,2.941675483095849,1.0,0,0,0.022478579827676093,0.3778231632517816,0.25226998267957157,1
20002,4,k1,1.0,1.0,0,0,7.632783294297951e-17,1.2146593014989646,0.4894028447242702,1
20002,4,k2,1.3402108771812469,1.0,0,0,0.0133966083313182,0.9827223561967999,0.4894028447242702,1
20002,4,k5,1.9894858610763237,0.7999999999999999,0,1,0.0387922266000347,0.7867661441606695,0.4894028447242702,1
20002,4,k10,2.941675483095849,0.7999999999999999,0,1,0.09337295085998097,0.6389354613984222,0.4894028447242702,1
20003,4,k1,1.0,1.0,0,0,2.0816681711721685e-17,0.9180342289394585,0.3698885462308428,1
20003,4,k2,1.3402108771812469,1.0,0,0,0.009444267209448902,0.7341399577566258,0.3698885462308428,1
20003,4,k5,1.9894858610763237,0.7999999999999999,0,1,0.02602380378109799,0.5734956796848136,0.3698885462308428,1
20003,4,k10,2.941675483095849,0.7999999999999999,0,1,0.05023332056917688,0.43855589522899785,0.3698885462308428,1
20004,4,k1,1.0,1.0,0,0,3.469446951953614e-18,0.6972738790862527,0.28094118207106966,1
20004,4,k2,1.3402108771812469,1.0,0,0,0.026742877850269978,0.5528776176378347,0.28094118207106966,1
20004,4,k5,1.9894858610763237,1.0,0,0,0.07914846403464584,0.4228186591250804,0.28094118207106966,1
20004,4,k10,2.941675483095849,0.7999999999999999,0,1,0.1283745346759858,0.31815337409170513,0.28094118207106966,1
20005,4,k1,1.0,1.0,0,0,8.500145032286355e-17,0.947511658778054,0.3817654058575428,1
20005,4,k2,1.3402108771812469,1.0,0,0,0.024522969339099088,0.7899757441925124,0.3817654058575428,1
20005,4,k5,1.9894858610763237,1.0,0,0,0.06339397127349052,0.6631735028619771,0.3817654058575428,1
20005,4,k10,2.941675483095849,0.7999999999999999,0,1,0.11712785628389666,0.5551931587682859,0.3817654058575428,1
20006,4,k1,1.0,1.0,0,0,2.7755575615628914e-17,0.6562667792000421,0.26441886069795917,1
20006,4,k2,1.3402108771812469,0.7999999999999999,0,1,0.04563436128638657,0.5604159523801808,0.26441886069795917,1
20006,4,k5,1.9894858610763237,0.7999999999999999,0,1,0.11857441471583977,0.49401391570734154,0.26441886069795917,1
20006,4,k10,2.941675483095849,0.7999999999999999,0,1,0.19043086126931336,0.4130493739042664,0.26441886069795917,1
20007,4,k1,1.0,1.0,0,0,5.5077470362263625e-17,1.353181524428312,0.545215342825994,1
20007,4,k2,1.3402108771812469,1.0,0,0,0.017062953375948983,1.0565719265597593,0.545215342825994,1
20007,4,k5,1.9894858610763237,1.0,0,0,0.04984117226841992,0.7915305605092549,0.545215342825994,1
20007,4,k10,2.941675483095849,0.7999999999999999,0,1,0.10933725421950027,0.5459471918605912,0.545215342825994,1
20008,4,k1,1.0,1.0,0,0,3.469446951953614e-17,1.281602253107568,0.5163750754650707,1
20008,4,k2,1.3402108771812469,1.0,0,0,0.010808136819407413,1.0130916922691502,0.5163750754650707,1
20008,4,k5,1.9894858610763237,1.0,0,0,0.032670873860407845,0.7773769360554885,0.5163750754650707,1
20008,4,k10,2.941675483095849,0.7999999999999999,0,1,0.08491006499222449,0.5869167779230133,0.5163750754650707,1
20009,4,k1,1.0,1.0,0,0,2.7755575615628914e-17,0.5419840015048895,0.2183727665891193,1
20009,4,k2,1.3402108771812469,1.0,0,0,0.007181832304812083,0.4327095949640018,0.2183727665891193,1
20009,4,k5,1.9894858610763237,1.0,0,0,0.020032921578155137,0.33844224988855276,0.2183727665891193,1
20009,4,k10,2.941675483095849,1.0,0,0,0.043149073055340784,0.2461272754936104,0.2183727665891193,1
20010,4,k1,1.0,1.0,0,0,7.632783294297951e-17,1.5941377897422593,0.6422999175320498,1
20010,4,k2,1.3402108771812469,1.0,0,0,0.004112581057421405,1.2581606525195503,0.6422999175320498,1
20010,4,k5,1.9894858610763237,1.0,0,0,0.011171870126797337,0.9618025926870775,0.6422999175320498,1
20010,4,k10,2.941675483095849,1.0,0,0,0.016490924615889184,0.6908435238330037,0.6422999175320498,1
20011,4,k1,1.0,1.0,0,0,1.0755285551056204e-16,0.8917800934908572,0.35931039599689196,1
20011,4,k2,1.3402108771812469,1.0,0,0,0.023772863467905924,0.6973682758614554,0.35931039599689196,1
20011,4,k5,1.9894858610763237,1.0,0,0,0.07228164375426104,0.5223076601137218,0.35931039599689196,1
20011,4,k10,2.941675483095849,1.0,0,0,0.19497523314272802,0.3438306975069611,0.35931039599689196,1
20012,4,k1,1.0,1.0,0,0,1.214306433183765e-16,1.393997144642377,0.561660514420447,1
20012,4,k2,1.3402108771812469,1.0,0,0,0.013389714756602299,1.1428771195186793,0.561660514420447,1
20012,4,k5,1.9894858610763237,1.0,0,0,0.0358162231427034,0.9344281051337808,0.561660514420447,1
20012,4,k10,2.941675483095849,1.0,0,0,0.07946405645050475,0.7565715633035851,0.561660514420447,1
20013,4,k1,1.0,1.0,0,0,5.898059818321144e-17,1.3567717411968754,0.5466618902632412,1
20013,4,k2,1.3402108771812469,1.0,0,0,0.013588580006830418,1.1070253200235558,0.5466618902632412,1
20013,4,k5,1.9894858610763237,1.0,0,0,0.03791079944399639,0.9009808404416593,0.5466618902632412,1
20013,4,k10,2.941675483095849,1.0,0,0,0.08770186454560293,0.7329652548837506,0.5466618902632412,1
20014,4,k1,1.0,1.0,0,0,4.683753385137379e-17,0.7927841737219279,0.31942358601550813,1
20014,4,k2,1.3402108771812469,1.0,0,0,0.035062923693986225,0.6662357036101337,0.31942358601550813,1
20014,4,k5,1.9894858610763237,1.0,0,0,0.09354893010996977,0.5718711159448687,0.31942358601550813,1
20014,4,k10,2.941675483095849,0.7999999999999999,0,1,0.15557210683993988,0.4746887651326498,0.31942358601550813,1
20015,4,k1,1.0,1.0,0,0,7.979727989493313e-17,0.9012026601260912,0.36310687696089294,1
20015,4,k2,1.3402108771812469,1.0,0,0,0.008979982603488739,0.7433400026230732,0.36310687696089294,1
20015,4,k5,1.9894858610763237,1.0,0,0,0.02385268495742072,0.6157536587779562,0.36310687696089294,1
20015,4,k10,2.941675483095849,1.0,0,0,0.03347376517202062,0.5117736895358121,0.36310687696089294,1
20016,4,k1,1.0,1.0,0,0,6.938893903907228e-18,0.6138816155681114,0.2473412985947654,1
20016,4,k2,1.3402108771812469,1.0,0,0,0.023990782666674624,0.50337009772225,0.2473412985947654,1
20016,4,k5,1.9894858610763237,1.0,0,0,0.06089647387124049,0.4090619501569694,0.2473412985947654,1
20016,4,k10,2.941675483095849,1.0,0,0,0.08780036571815403,0.31577948976260917,0.2473412985947654,1
20017,4,k1,1.0,1.0,0,0,2.7755575615628914e-17,0.15215971074406165,0.06130722845382941,1
20017,4,k2,1.3402108771812469,0.39999999999999997,1,1,0.10616956263336397,0.1150753071630638,0.06130722845382941,1
20017,4,k5,1.9894858610763237,0.19999999999999998,1,1,0.34782203836935177,0.07850867994044619,0.06130722845382941,1
20017,4,k10,2.941675483095849,0.19999999999999998,1,1,0.6785456691219953,0.06232152186495114,0.06130722845382941,1
20018,4,k1,1.0,1.0,0,0,1.5265566588595902e-16,0.6959405491888951,0.280403965220289,1
20018,4,k2,1.3402108771812469,1.0,0,0,0.04659612754759382,0.6466803438734468,0.280403965220289,1
20018,4,k5,1.9894858610763237,0.7999999999999999,0,1,0.10607943617675021,0.6388656371144364,0.280403965220289,1
20018,4,k10,2.941675483095849,0.7999999999999999,0,1,0.1556525313138552,0.6207522427228085,0.280403965220289,1
20019,4,k1,1.0,1.0,0,0,1.0755285551056204e-16,1.088513041079554,0.43857679117624926,1
20019,4,k2,1.3402108771812469,1.0,0,0,0.003917665742044184,0.8467825829613833,0.43857679117624926,1
20019,4,k5,1.9894858610763237,0.7999999999999999,0,1,0.012870961301242063,0.6273533566438354,0.43857679117624926,1
20019,4,k10,2.941675483095849,0.7999999999999999,0,1,0.03247322949445823,0.4370727415152814,0.43857679117624926,1
20020,4,k1,1.0,1.0,0,0,6.245004513516506e-17,0.5913883553267616,0.23827845641699996,1
20020,4,k2,1.3402108771812469,1.0,0,0,0.009361284827721611,0.4898516182953525,0.23827845641699996,1
20020,4,k5,1.9894858610763237,1.0,0,0,0.02489271105550005,0.4082641558710412,0.23827845641699996,1
20020,4,k10,2.941675483095849,1.0,0,0,0.040361892273195,0.3305677646920684,0.23827845641699996,1
20021,4,k1,1.0,1.0,0,0,6.938893903907228e-17,0.9405190161264984,0.37894797449914597,1
20021,4,k2,1.3402108771812469,1.0,0,0,0.025558384130813683,0.7491050832422842,0.37894797449914597,1
20021,4,k5,1.9894858610763237,1.0,0,0,0.0731700730242665,0.5827714262159749,0.37894797449914597,1
20021,4,k10,2.941675483095849,1.0,0,0,0.1373695747285728,0.43868071457217206,0.37894797449914597,1
20022,4,k1,1.0,1.0,0,0,9.020562075079397e-17,1.0654895339408443,0.42930030527167595,1
20022,4,k2,1.3402108771812469,1.0,0,0,0.03452146027577645,0.8771792332230011,0.42930030527167595,1
20022,4,k5,1.9894858610763237,1.0,0,0,0.09392025886947783,0.7215901161638492,0.42930030527167595,1
20022,4,k10,2.941675483095849,0.7999999999999999,1,1,0.17714355021076444,0.5741531033957834,0.42930030527167595,1
20023,4,k1,1.0,1.0,0,0,1.3877787807814457e-17,1.4914376129867992,0.6009206117499417,1
20023,4,k2,1.3402108771812469,1.0,0,0,0.0019041134025651746,1.1978409598126956,0.6009206117499417,1
20023,4,k5,1.9894858610763237,1.0,0,0,0.0058510342630074055,0.9462649752756516,0.6009206117499417,1
20023,4,k10,2.941675483095849,1.0,0,0,0.018401069059126307,0.7142875955305202,0.6009206117499417,1
20024,4,k1,1.0,1.0,0,0,1.3791051634015616e-16,0.5568563045845326,0.2243650208992758,1
20024,4,k2,1.3402108771812469,1.0,0,0,0.03316469794654101,0.43954435141052445,0.2243650208992758,1
20024,4,k5,1.9894858610763237,0.7999999999999999,1,1,0.09448861969168557,0.3333959837677661,0.2243650208992758,1
20024,4,k10,2.941675483095849,0.7999999999999999,1,1,0.20857385059316513,0.23861893683995955,0.2243650208992758,1
20025,4,k1,1.0,1.0,0,0,3.8163916471489756e-17,0.8431326150376379,0.33970966160636173,1
20025,4,k2,1.3402108771812469,1.0,0,0,0.02036595080586678,0.6816875103246944,0.33970966160636173,1
20025,4,k5,1.9894858610763237,1.0,0,0,0.05749367861837949,0.5452366435461532,0.33970966160636173,1
20025,4,k10,2.941675483095849,1.0,0,0,0.11647600383167941,0.41787411296689214,0.33970966160636173,1
20026,4,k1,1.0,1.0,0,0,9.71445146547012e-17,1.042831364612414,0.4201710189673653,1
20026,4,k2,1.3402108771812469,1.0,0,0,0.008163829256387596,0.8055005411139865,0.4201710189673653,1
20026,4,k5,1.9894858610763237,1.0,0,0,0.025049822748603734,0.5883323694905509,0.4201710189673653,1
20026,4,k10,2.941675483095849,0.7999999999999999,0,1,0.05633651740418655,0.39011433923767175,0.4201710189673653,1
20027,4,k1,1.0,1.0,0,0,7.28583859910259e-17,0.9453667835232263,0.3809012062832293,1
20027,4,k2,1.3402108771812469,1.0,0,0,0.005359930864124052,0.7603828981335127,0.3809012062832293,1
20027,4,k5,1.9894858610763237,1.0,0,0,0.016019876007961946,0.6015000559316989,0.3809012062832293,1
20027,4,k10,2.941675483095849,1.0,0,0,0.028094097671268713,0.45833186250240987,0.3809012062832293,1
20028,4,k1,1.0,1.0,0,0,1.0928757898653885e-16,1.1138640757329483,0.44879106974865546,1
20028,4,k2,1.3402108771812469,1.0,0,0,0.005746317389144,0.9063093504505539,0.44879106974865546,1
20028,4,k5,1.9894858610763237,1.0,0,0,0.0166103971702998,0.7330128646006918,0.44879106974865546,1
20028,4,k10,2.941675483095849,1.0,0,0,0.030395061373642507,0.5643634005208196,0.44879106974865546,1
20029,4,k1,1.0,1.0,0,0,3.157196726277789e-16,0.34421232718270456,0.13868785420281116,1
20029,4,k2,1.3402108771812469,1.0,0,0,0.08619164868068258,0.2559590731122829,0.13868785420281116,1
20029,4,k5,1.9894858610763237,1.0,0,0,0.28577089754226115,0.17229891876885725,0.13868785420281116,1
20029,4,k10,2.941675483095849,1.0,0,0,0.8942919131770521,0.0868872388403173,0.13868785420281116,1
20030,4,k1,1.0,1.0,0,0,1.1102230246251565e-16,0.8858825786072244,0.3569342065935821,1
20030,4,k2,1.3402108771812469,1.0,0,0,0.01143643846095431,0.6853926159826335,0.3569342065935821,1
20030,4,k5,1.9894858610763237,0.7999999999999999,0,1,0.03631529231804151,0.5015189226652759,0.3569342065935821,1
20030,4,k10,2.941675483095849,0.7999999999999999,0,1,0.0716562780696128,0.3346417526727371,0.3569342065935821,1
20031,4,k1,1.0,1.0,0,0,5.551115123125783e-17,0.422553118538303,0.17025243045894012,1
20031,4,k2,1.3402108771812469,1.0,0,0,0.022393458919039634,0.33017998039197205,0.17025243045894012,1
20031,4,k5,1.9894858610763237,0.7999999999999999,0,1,0.06454013456077169,0.24816282389495187,0.17025243045894012,1
20031,4,k10,2.941675483095849,0.7999999999999999,0,1,0.11646465065827949,0.17830979054497698,0.17025243045894012,1
20032,4,k1,1.0,1.0,0,0,2.5804011705155006e-17,0.5318427225738348,0.21428670661174487,1
20032,4,k2,1.3402108771812469,1.0,0,0,0.021966602038965152,0.41033459557396595,0.21428670661174487,1
20032,4,k5,1.9894858610763237,1.0,0,0,0.06974556235663368,0.2986122882691259,0.21428670661174487,1
20032,4,k10,2.941675483095849,1.0,0,0,0.16107526840829034,0.19503763487857714,0.21428670661174487,1
20033,4,k1,1.0,1.0,0,0,1.1346175735060804e-16,0.8778608719281439,0.3537021512646179,1
20033,4,k2,1.3402108771812469,1.0,0,0,0.017593047680987982,0.6846445220564179,0.3537021512646179,1
20033,4,k5,1.9894858610763237,1.0,0,0,0.05476340283748453,0.5085524185093023,0.3537021512646179,1
20033,4,k10,2.941675483095849,0.7999999999999999,0,1,0.09638497133740531,0.36981456369247784,0.3537021512646179,1
20034,4,k1,1.0,1.0,0,0,7.632783294297951e-17,0.6970875086787431,0.28086609088501024,1
20034,4,k2,1.3402108771812469,1.0,0,0,0.027889874401593455,0.5748613638036594,0.28086609088501024,1
20034,4,k5,1.9894858610763237,1.0,0,0,0.07654228240317426,0.47915055652017113,0.28086609088501024,1
20034,4,k10,2.941675483095849,1.0,0,0,0.14325702042949698,0.3966774198573756,0.28086609088501024,1
20035,4,k1,1.0,1.0,0,0,1.3877787807814457e-17,0.9332390471495496,0.37601477543466233,1
20035,4,k2,1.3402108771812469,1.0,0,0,0.0038932425225823367,0.7609149320380695,0.37601477543466233,1
20035,4,k5,1.9894858610763237,1.0,0,0,0.010455449166138088,0.6168786203815101,0.37601477543466233,1
20035,4,k10,2.941675483095849,1.0,0,0,0.023394447803875826,0.485202626797794,0.37601477543466233,1
20036,4,k1,1.0,1.0,0,0,1.2836953722228372e-16,0.5679042440372578,0.22881638680067118,1
20036,4,k2,1.3402108771812469,1.0,0,0,0.013505501444108944,0.4495605430726621,0.22881638680067118,1
20036,4,k5,1.9894858610763237,1.0,0,0,0.04093883068679134,0.34412177799350435,0.22881638680067118,1
20036,4,k10,2.941675483095849,0.7999999999999999,0,1,0.10165936164148637,0.24063414299453295,0.22881638680067118,1
20037,4,k1,1.0,1.0,0,0,5.551115123125783e-17,1.174172188035794,0.47309003299253805,1
20037,4,k2,1.3402108771812469,1.0,0,0,0.022306865649220423,0.9912967892292113,0.47309003299253805,1
20037,4,k5,1.9894858610763237,1.0,0,0,0.057768733752254525,0.8526246659331347,0.47309003299253805,1
20037,4,k10,2.941675483095849,1.0,0,0,0.10422324421298992,0.720755132463856,0.47309003299253805,1
20038,4,k1,1.0,1.0,0,0,1.1709383462843448e-16,0.7584699013202844,0.30559789636962664,1
20038,4,k2,1.3402108771812469,1.0,0,0,0.018398392019169305,0.6282962690869096,0.30559789636962664,1
20038,4,k5,1.9894858610763237,1.0,0,0,0.05133893331716778,0.5270785647188757,0.30559789636962664,1
20038,4,k10,2.941675483095849,0.7999999999999999,0,1,0.11628023906343075,0.4515980388775801,0.30559789636962664,1
20039,4,k1,1.0,1.0,0,0,1.8041124150158794e-16,0.4069935777206458,0.16398327866520868,1
20039,4,k2,1.3402108771812469,1.0,0,0,0.051463184237708334,0.3169081201579251,0.16398327866520868,1
20039,4,k5,1.9894858610763237,1.0,0,0,0.1566302750250828,0.23533061148999582,0.16398327866520868,1
20039,4,k10,2.941675483095849,1.0,0,0,0.4149562287981622,0.15028941246257602,0.16398327866520868,1
20000,6,k1,1.0,1.0,0,0,1.2858637765678083e-16,2.695163502603732,1.0859182352973722,1
20000,6,k2,1.3402108771812469,0.942857142857143,1,1,0.042065978279080735,2.3008272829374476,1.0859182352973722,1
20000,6,k5,1.9894858610763237,0.942857142857143,1,1,0.10989259119373311,2.0732865392081514,1.0859182352973722,1
20000,6,k10,2.941675483095849,0.7714285714285715,1,1,0.1919342971979266,1.8804791873737525,1.0859182352973722,1
20001,6,k1,1.0,1.0,0,0,7.892991815694472e-17,2.904382649159009,1.1702154908064504,1
20001,6,k2,1.3402108771812469,0.8285714285714287,1,1,0.058651762133821166,2.5846970983310995,1.1702154908064504,1
20001,6,k5,1.9894858610763237,0.8285714285714287,1,1,0.14416405053904668,2.444203421744777,1.1702154908064504,1
20001,6,k10,2.941675483095849,0.8285714285714287,1,1,0.225769796627246,2.2780725059357105,1.1702154908064504,1
20002,6,k1,1.0,1.0,0,0,7.28583859910259e-17,1.8526566474635058,0.746460700911812,1
20002,6,k2,1.3402108771812469,0.942857142857143,0,1,0.0450776289245438,1.573224960489585,0.746460700911812,1
20002,6,k5,1.9894858610763237,0.942857142857143,0,1,0.11944488347250412,1.41372178693017,0.746460700911812,1
20002,6,k10,2.941675483095849,0.942857142857143,0,1,0.2046623235537059,1.3004164124487432,0.746460700911812,1
20003,6,k1,1.0,1.0,0,0,1.474514954580286e-16,2.4465378599601335,0.9857435635758298,1
20003,6,k2,1.3402108771812469,1.0,0,0,0.05506181179741345,2.1335689962872992,0.9857435635758298,1
20003,6,k5,1.9894858610763237,0.8285714285714287,0,1,0.14021734844760597,1.9764825079440709,0.9857435635758298,1
20003,6,k10,2.941675483095849,0.8285714285714287,0,1,0.22927170585265302,1.8152123472311597,0.9857435635758298,1
20004,6,k1,1.0,1.0,0,0,9.107298248878237e-17,2.8924515525813357,1.165408288821015,1
20004,6,k2,1.3402108771812469,1.0,0,0,0.050350529228663024,2.5312334926109954,1.165408288821015,1
20004,6,k5,1.9894858610763237,0.942857142857143,0,1,0.1276804797925534,2.351745130147111,1.165408288821015,1
20004,6,k10,2.941675483095849,0.7714285714285715,0,1,0.20809286653802606,2.1757289281872843,1.165408288821015,1
20005,6,k1,1.0,1.0,0,0,1.0495077029659683e-16,2.6171235004529643,1.0544748511255793,1
20005,6,k2,1.3402108771812469,1.0,0,0,0.053541242844768556,2.246594327699271,1.0544748511255793,1
20005,6,k5,1.9894858610763237,1.0,0,0,0.1355021353586632,2.0367657724939736,1.0544748511255793,1
20005,6,k10,2.941675483095849,0.8857142857142858,1,1,0.22870636195718075,1.8451103690404058,1.0544748511255793,1
20006,6,k1,1.0,1.0,0,0,1.0408340855860843e-16,3.0567027022358806,1.2315873233790726,1
20006,6,k2,1.3402108771812469,1.0,0,0,0.053616128598648685,2.6729211380422684,1.2315873233790726,1
20006,6,k5,1.9894858610763237,1.0,0,0,0.1350863313060899,2.48109680529351,1.2315873233790726,1
20006,6,k10,2.941675483095849,0.942857142857143,0,1,0.22056550535843772,2.2918728465693574,1.2315873233790726,1
20007,6,k1,1.0,1.0,0,0,8.413408858487514e-17,3.5695951327738173,1.438238698158032,1
20007,6,k2,1.3402108771812469,1.0,0,0,0.04741016781215525,3.093571923041299,1.438238698158032,1
20007,6,k5,1.9894858610763237,0.942857142857143,0,1,0.11670987723806721,2.8332648216279117,1.438238698158032,1
20007,6,k10,2.941675483095849,0.8285714285714287,0,1,0.19574742096931813,2.5882103481288,1.438238698158032,1
20008,6,k1,1.0,1.0,0,0,1.3183898417423734e-16,3.276201712856111,1.320026476711317,1
20008,6,k2,1.3402108771812469,0.942857142857143,0,1,0.05185455814119845,2.8066605680684393,1.320026476711317,1
20008,6,k5,1.9894858610763237,0.942857142857143,0,1,0.13287813431961773,2.5331423282501158,1.320026476711317,1
20008,6,k10,2.941675483095849,0.8857142857142858,0,1,0.2298518794881252,2.2931813021959835,1.320026476711317,1
20009,6,k1,1.0,1.0,0,0,9.71445146547012e-17,1.8387112804442307,0.740841921817514,1
20009,6,k2,1.3402108771812469,1.0,0,0,0.053285139096995,1.526836601236709,0.740841921817514,1
20009,6,k5,1.9894858610763237,1.0,0,0,0.14301970099888567,1.3101805869703305,0.740841921817514,1
20009,6,k10,2.941675483095849,0.942857142857143,0,1,0.26044152963161077,1.1249253097526397,0.740841921817514,1
20010,6,k1,1.0,1.0,0,0,1.5395670849294163e-16,4.516729822734176,1.819852218123354,1
20010,6,k2,1.3402108771812469,0.942857142857143,0,1,0.0362903703721902,3.852233126945678,1.819852218123354,1
20010,6,k5,1.9894858610763237,0.942857142857143,0,1,0.09710488601010159,3.415125272004718,1.819852218123354,1
20010,6,k10,2.941675483095849,0.8857142857142858,1,1,0.17243178861043576,3.0314547053962673,1.819852218123354,1
20011,6,k1,1.0,1.0,0,0,7.806255641895632e-17,2.8392622631607747,1.1439775966761796,1
20011,6,k2,1.3402108771812469,1.0,0,0,0.0519920902191738,2.4543175769382195,1.1439775966761796,1
20011,6,k5,1.9894858610763237,0.942857142857143,0,1,0.12872044110307437,2.2211717173387404,1.1439775966761796,1
20011,6,k10,2.941675483095849,0.7714285714285715,1,1,0.21419398760864009,1.974005571559172,1.1439775966761796,1
20012,6,k1,1.0,1.0,0,0,7.979727989493313e-17,3.3348163679237848,1.3436431228747727,1
20012,6,k2,1.3402108771812469,0.8857142857142858,1,1,0.04658814039834425,2.9557587146233106,1.3436431228747727,1
20012,6,k5,1.9894858610763237,0.8857142857142858,1,1,0.11462529914115853,2.7773054759428497,1.3436431228747727,1
20012,6,k10,2.941675483095849,0.5428571428571429,1,1,0.17450851486928895,2.617366021326869,1.3436431228747727,1
20013,6,k1,1.0,1.0,0,0,1.717376241217039e-16,2.9829949844292676,1.2018894758195353,1
20013,6,k2,1.3402108771812469,1.0,0,0,0.049354255049450235,2.6279116546197043,1.2018894758195353,1
20013,6,k5,1.9894858610763237,1.0,0,0,0.124712499661663,2.4618245157236656,1.2018894758195353,1
20013,6,k10,2.941675483095849,0.942857142857143,0,1,0.19790653360631136,2.301782323575492,1.2018894758195353,1
20014,6,k1,1.0,1.0,0,0,1.4224732503009818e-16,1.0730926325657955,0.4323636976905858,1
20014,6,k2,1.3402108771812469,1.0,0,0,0.09709232263521846,0.8822684336310727,0.4323636976905858,1
20014,6,k5,1.9894858610763237,0.942857142857143,1,1,0.2162266908749754,0.7695512812471899,0.4323636976905858,1
20014,6,k10,2.941675483095849,0.8285714285714287,1,1,0.3665260281559235,0.6719704435710202,0.4323636976905858,1
20015,6,k1,1.0,1.0,0,0,1.0928757898653885e-16,3.0934609218577407,1.2463977127843466,1
20015,6,k2,1.3402108771812469,1.0,0,0,0.04201317470121076,2.7164947667639154,1.2463977127843466,1
20015,6,k5,1.9894858610763237,0.942857142857143,0,1,0.10732616848448531,2.5072372304144976,1.2463977127843466,1
20015,6,k10,2.941675483095849,0.8285714285714287,0,1,0.18082384647752378,2.3165995475730767,1.2463977127843466,1
20016,6,k1,1.0,1.0,0,0,1.8748566067705585e-16,2.711107745292551,1.0923423887363264,1
20016,6,k2,1.3402108771812469,1.0,0,0,0.04784010973495395,2.309534977640606,1.0923423887363264,1
20016,6,k5,1.9894858610763237,0.7142857142857143,1,1,0.13072124496446758,2.058061760483108,1.0923423887363264,1
20016,6,k10,2.941675483095849,0.7142857142857143,1,1,0.22926541176683574,1.8184065751888099,1.0923423887363264,1
20017,6,k1,1.0,1.0,0,0,1.0061396160665481e-16,2.4941256045820523,1.0049173167123993,1
20017,6,k2,1.3402108771812469,1.0,0,0,0.07123443087843281,2.2470616592850297,1.0049173167123993,1
20017,6,k5,1.9894858610763237,0.942857142857143,0,1,0.17019286816774873,2.188782211793331,1.0049173167123993,1
20017,6,k10,2.941675483095849,0.8285714285714287,0,1,0.2449623859083524,2.1312394839888937,1.0049173167123993,1
20018,6,k1,1.0,1.0,0,0,1.1405806854547507e-16,2.5306170548676308,1.019620221103645,1
20018,6,k2,1.3402108771812469,1.0,0,0,0.07747812868627765,2.2813920652917785,1.019620221103645,1
20018,6,k5,1.9894858610763237,0.942857142857143,0,1,0.18885837230894195,2.219802631602084,1.019620221103645,1
20018,6,k10,2.941675483095849,0.8285714285714287,0,1,0.28179707116407066,2.1132260758378454,1.019620221103645,1
20019,6,k1,1.0,1.0,0,0,9.584347204771859e-17,2.291049429979468,0.9230951486167212,1
20019,6,k2,1.3402108771812469,0.942857142857143,0,1,0.04057778313364346,1.9371374469994012,0.9230951486167212,1
20019,6,k5,1.9894858610763237,0.8857142857142858,1,1,0.1124472134454876,1.7104610761370065,0.9230951486167212,1
20019,6,k10,2.941675483095849,0.7714285714285715,1,1,0.19900883952273635,1.5051067101680395,0.9230951486167212,1
20020,6,k1,1.0,1.0,0,0,8.239936510889834e-17,2.287175764662123,0.9215343958826181,1
20020,6,k2,1.3402108771812469,1.0,0,0,0.046732153613430104,2.0442970998634737,0.9215343958826181,1
20020,6,k5,1.9894858610763237,0.8857142857142858,0,1,0.11628364072697706,1.9520080513968994,0.9215343958826181,1
20020,6,k10,2.941675483095849,0.8857142857142858,0,1,0.17120858373636627,1.869047437678993,0.9215343958826181,1
20021,6,k1,1.0,1.0,0,0,2.5587171270657905e-17,2.4720438676287415,0.9960202828955365,1
20021,6,k2,1.3402108771812469,1.0,0,0,0.04314198250093903,2.1481119896227963,0.9960202828955365,1
20021,6,k5,1.9894858610763237,0.942857142857143,1,1,0.10705547693787579,1.9625924159900587,0.9960202828955365,1
20021,6,k10,2.941675483095849,0.8285714285714287,1,1,0.18130202308400295,1.814766465704531,0.9960202828955365,1
20022,6,k1,1.0,1.0,0,0,1.4137996329210978e-16,2.0882297701446833,0.8413763338291846,1
20022,6,k2,1.3402108771812469,1.0,0,0,0.04816551189847117,1.778982573886552,0.8413763338291846,1
20022,6,k5,1.9894858610763237,0.942857142857143,1,1,0.12518039111910484,1.5866644278689457,0.8413763338291846,1
20022,6,k10,2.941675483095849,0.8285714285714287,1,1,0.21989206400360523,1.4187142031781088,0.8413763338291846,1
20023,6,k1,1.0,1.0,0,0,1.0408340855860843e-16,1.8287501463006066,0.736828444638725,1
20023,6,k2,1.3402108771812469,1.0,0,0,0.07545491988443802,1.5602254865362168,0.736828444638725,1
20023,6,k5,1.9894858610763237,0.7714285714285715,0,1,0.1917984979007202,1.4194774854757801,0.736828444638725,1
20023,6,k10,2.941675483095849,0.5428571428571429,0,1,0.30821605431905386,1.2506814288076238,0.736828444638725,1
20024,6,k1,1.0,1.0,0,0,1.3877787807814457e-16,2.8547211958994247,1.1502062120989243,1
20024,6,k2,1.3402108771812469,1.0,0,0,0.04992824194616278,2.504260886814888,1.1502062120989243,1
20024,6,k5,1.9894858610763237,0.942857142857143,0,1,0.12222539154517137,2.33080325448857,1.1502062120989243,1
20024,6,k10,2.941675483095849,0.8857142857142858,0,1,0.20083558234499144,2.1782629683809636,1.1502062120989243,1
20025,6,k1,1.0,1.0,0,0,1.8561541192951836e-16,3.5448587961594145,1.4282720898323833,1
20025,6,k2,1.3402108771812469,1.0,0,0,0.06846662704669432,3.2116670901479996,1.4282720898323833,1
20025,6,k5,1.9894858610763237,0.942857142857143,0,1,0.1644330909730579,3.129794466957047,1.4282720898323833,1
20025,6,k10,2.941675483095849,0.7142857142857143,0,1,0.2410392257963724,3.014505219088546,1.4282720898323833,1
20026,6,k1,1.0,1.0,0,0,3.686287386450715e-17,2.9768905582965175,1.199429919044158,1
20026,6,k2,1.3402108771812469,1.0,0,0,0.06041844222712086,2.6085721985247767,1.199429919044158,1
20026,6,k5,1.9894858610763237,0.8285714285714287,0,1,0.1487453612858204,2.4278967579360673,1.199429919044158,1
20026,6,k10,2.941675483095849,0.7714285714285715,1,1,0.242838085667636,2.232998954746809,1.199429919044158,1
20027,6,k1,1.0,1.0,0,0,6.245004513516506e-17,3.7112850595979436,1.4953275074817056,1
20027,6,k2,1.3402108771812469,1.0,0,0,0.03411387631722967,3.210274554738388,1.4953275074817056,1
20027,6,k5,1.9894858610763237,1.0,0,0,0.08671676690460849,2.8813974179289215,1.4953275074817056,1
20027,6,k10,2.941675483095849,0.942857142857143,0,1,0.1508209509177027,2.5873867844749445,1.4953275074817056,1
20028,6,k1,1.0,1.0,0,0,1.5265566588595902e-16,2.6211194472075356,1.0560848727231091,1
20028,6,k2,1.3402108771812469,1.0,0,0,0.049573635257310844,2.2778762300016244,1.0560848727231091,1
20028,6,k5,1.9894858610763237,0.942857142857143,0,1,0.12497433794849874,2.091754951125683,1.0560848727231091,1
20028,6,k10,2.941675483095849,0.7714285714285715,1,1,0.20812465304342193,1.9066255212006284,1.0560848727231091,1
20029,6,k1,1.0,1.0,0,0,1.7520707107365752e-16,2.288093320518279,0.9219040916859118,1
20029,6,k2,1.3402108771812469,1.0,0,0,0.048724275878179915,1.9413525556734559,0.9219040916859118,1
20029,6,k5,1.9894858610763237,0.942857142857143,1,1,0.1267540157097806,1.733883940015677,0.9219040916859118,1
20029,6,k10,2.941675483095849,0.8857142857142858,1,1,0.21917730926746584,1.540652433250512,0.9219040916859118,1
20030,6,k1,1.0,1.0,0,0,1.196959198423997e-16,3.296427538420266,1.3281757384473272,1
20030,6,k2,1.3402108771812469,1.0,0,0,0.044331469967750274,2.905858905004406,1.3281757384473272,1
20030,6,k5,1.9894858610763237,1.0,0,0,0.11174973826956844,2.7126683100094082,1.3281757384473272,1
20030,6,k10,2.941675483095849,0.8857142857142858,0,1,0.1829153532493515,2.5269234765719153,1.3281757384473272,1
20031,6,k1,1.0,1.0,0,0,1.1003296798012263e-16,2.099375502856689,0.8458671019722026,1
20031,6,k2,1.3402108771812469,0.942857142857143,0,1,0.05177220852413881,1.7955459422158069,0.8458671019722026,1
20031,6,k5,1.9894858610763237,0.8857142857142858,1,1,0.1369147175649543,1.6147469732252113,0.8458671019722026,1
20031,6,k10,2.941675483095849,0.7714285714285715,1,1,0.22744776423463303,1.4425839432338687,0.8458671019722026,1
20032,6,k1,1.0,1.0,0,0,1.249000902703301e-16,2.061299426491469,0.8305257300615103,1
20032,6,k2,1.3402108771812469,1.0,0,0,0.0771317580048302,1.8883308754241248,0.8305257300615103,1
20032,6,k5,1.9894858610763237,0.8285714285714287,0,1,0.18059793390674278,1.8762624320438341,0.8305257300615103,1
20032,6,k10,2.941675483095849,0.6571428571428573,0,1,0.2595942612849035,1.8274679345747105,0.8305257300615103,1
20033,6,k1,1.0,1.0,0,0,1.8735013540549517e-16,2.3379826673239443,0.9420051918199144,1
20033,6,k2,1.3402108771812469,0.942857142857143,0,1,0.03652024680629299,2.0689912674744964,0.9420051918199144,1
20033,6,k5,1.9894858610763237,0.7714285714285715,0,1,0.09091103357124614,1.9341388583736692,0.9420051918199144,1
20033,6,k10,2.941675483095849,0.7714285714285715,0,1,0.14445979358817737,1.829762588886894,0.9420051918199144,1
20034,6,k1,1.0,1.0,0,0,1.3530843112619095e-16,2.7896638468043067,1.1239937163990361,1
20034,6,k2,1.3402108771812469,1.0,0,0,0.04784042673106982,2.4394928169521486,1.1239937163990361,1
20034,6,k5,1.9894858610763237,1.0,0,0,0.11913147637807389,2.270287546484888,1.1239937163990361,1
20034,6,k10,2.941675483095849,0.7714285714285715,0,1,0.19668392637601628,2.1167028054186847,1.1239937163990361,1
20035,6,k1,1.0,1.0,0,0,6.266688556966216e-17,3.363304586171887,1.3551214156228228,1
20035,6,k2,1.3402108771812469,0.942857142857143,0,1,0.04028775725845968,2.8654124486001047,1.3551214156228228,1
20035,6,k5,1.9894858610763237,0.8857142857142858,1,1,0.10827586877237085,2.543482597574531,1.3551214156228228,1
20035,6,k10,2.941675483095849,0.8857142857142858,1,1,0.19235443082291503,2.2559089223273627,1.3551214156228228,1
20036,6,k1,1.0,1.0,0,0,1.5178830414797062e-16,2.8855109638007095,1.1626118306791247,1
20036,6,k2,1.3402108771812469,1.0,0,0,0.05122667102110784,2.5424725430023325,1.1626118306791247,1
20036,6,k5,1.9894858610763237,1.0,0,0,0.1244239872360535,2.377425137190471,1.1626118306791247,1
20036,6,k10,2.941675483095849,0.8285714285714287,1,1,0.19613783202412063,2.22258841267067,1.1626118306791247,1
20037,6,k1,1.0,1.0,0,0,8.673617379884035e-17,2.8058807505134387,1.1305277286920918,1
20037,6,k2,1.3402108771812469,0.942857142857143,1,1,0.04494551183272291,2.457103472612438,1.1305277286920918,1
20037,6,k5,1.9894858610763237,0.8857142857142858,1,1,0.114138411855337,2.2725508083516317,1.1305277286920918,1
20037,6,k10,2.941675483095849,0.7714285714285715,1,1,0.18935539713954022,2.105968728137438,1.1305277286920918,1
20038,6,k1,1.0,1.0,0,0,1.734723475976807e-16,2.9769254334393738,1.1994439707161808,1
20038,6,k2,1.3402108771812469,1.0,0,0,0.04813394452958608,2.6607629857699564,1.1994439707161808,1
20038,6,k5,1.9894858610763237,0.8285714285714287,0,1,0.11558042971393458,2.5252071090492425,1.1994439707161808,1
20038,6,k10,2.941675483095849,0.48571428571428577,0,1,0.18666796419959683,2.410374958242603,1.1994439707161808,1
20039,6,k1,1.0,1.0,0,0,1.8735013540549517e-16,2.5598117209515623,1.0313831513464042,1
20039,6,k2,1.3402108771812469,1.0,0,0,0.0513410402928377,2.2943146694088417,1.0313831513464042,1
20039,6,k5,1.9894858610763237,0.942857142857143,0,1,0.1219980692824968,2.199639181696221,1.0313831513464042,1
20039,6,k10,2.941675483095849,0.6571428571428573,0,1,0.1764094286074569,2.1165727431957992,1.0313831513464042,1
20000,8,k1,1.0,1.0,0,0,1.8041124150158794e-16,6.275396986805811,2.528443270740059,1
20000,8,k2,1.3856175577929513,0.9285714285714287,0,1,0.49122244036724694,3.72722415880396,2.528443270740059,1
20000,8,k5,1.9894858610763237,0.9047619047619048,1,1,1.3797401919634056,2.1810741823580133,2.528443270740059,1
20000,8,k10,2.941675483095849,0.8571428571428572,1,1,11.447046937965567,0.39102533386977356,2.528443270740059,1
20001,8,k1,1.0,1.0,0,0,1.9949319973733282e-16,6.3076608118202335,2.5414428070909176,1
20001,8,k2,1.3856175577929513,1.0,0,0,0.3890766039232443,4.005096796395387,2.5414428070909176,1
20001,8,k5,1.9894858610763237,0.9761904761904763,0,1,1.0771038787079412,2.451991992264627,2.5414428070909176,1
20001,8,k10,2.941675483095849,0.8333333333333335,1,1,5.227708403587644,0.7569620878553285,2.5414428070909176,1
20002,8,k1,1.0,1.0,0,0,1.196959198423997e-16,7.679147231604304,3.0940334426005744,1
20002,8,k2,1.3856175577929513,0.9761904761904763,0,1,0.07168392355606695,6.033339469438557,3.0940334426005744,1
20002,8,k5,1.9894858610763237,0.9523809523809524,0,1,0.1826471820021695,4.9772698270694065,3.0940334426005744,1
20002,8,k10,2.941675483095849,0.7857142857142858,1,1,0.35658516269262513,3.912536401131287,3.0940334426005744,1
20003,8,k1,1.0,1.0,0,0,2.2724877535296173e-16,11.687901320612177,4.709215290333025,1
20003,8,k2,1.3856175577929513,0.880952380952381,0,1,0.09669740011056241,9.271325461728019,4.709215290333025,1
20003,8,k5,1.9894858610763237,0.8095238095238096,0,1,0.21369305722618434,8.006402128256491,4.709215290333025,1
20003,8,k10,2.941675483095849,0.6904761904761906,1,1,0.4071118006877481,6.448964949768704,4.709215290333025,1
20004,8,k1,1.0,1.0,0,0,1.7694179454963432e-16,7.389608632759682,2.9773743812842293,1
20004,8,k2,1.3856175577929513,0.9761904761904763,0,1,0.23639127500532128,5.1743498834496915,2.9773743812842293,1
20004,8,k5,1.9894858610763237,0.8095238095238096,0,1,0.5318515359488857,3.8619292430439605,2.9773743812842293,1
20004,8,k10,2.941675483095849,0.7380952380952381,0,1,1.2942110447181403,2.3740511401900797,2.9773743812842293,1
20005,8,k1,1.0,1.0,0,0,9.71445146547012e-17,11.014088668978474,4.437726957667405,1
20005,8,k2,1.3856175577929513,0.9285714285714287,0,1,0.09419627023879093,8.839311269220323,4.437726957667405,1
20005,8,k5,1.9894858610763237,0.8571428571428572,1,1,0.21354412193293087,7.613571992695725,4.437726957667405,1
20005,8,k10,2.941675483095849,0.6190476190476191,1,1,0.39288698118167575,6.266273890260962,4.437726957667405,1
20006,8,k1,1.0,1.0,0,0,1.4224732503009818e-16,9.691677883298532,3.904909566315652,1
20006,8,k2,1.3856175577929513,0.9523809523809524,1,1,0.11578862124824488,7.250983109904125,3.904909566315652,1
20006,8,k5,1.9894858610763237,0.7857142857142858,1,1,0.25599107754351136,5.741691987149428,3.904909566315652,1
20006,8,k10,2.941675483095849,0.6666666666666669,1,1,0.5478891974205011,4.133175282297918,3.904909566315652,1
20007,8,k1,1.0,1.0,0,0,6.591949208711867e-17,11.881006968322023,4.787020196782835,1
20007,8,k2,1.3856175577929513,0.9523809523809524,0,1,0.03920646585519769,9.66436021726958,4.787020196782835,1
20007,8,k5,1.9894858610763237,0.880952380952381,0,1,0.11297999064327097,8.042232916631512,4.787020196782835,1
20007,8,k10,2.941675483095849,0.7857142857142858,0,1,0.20721365620775073,6.519789695445252,4.787020196782835,1
20008,8,k1,1.0,1.0,0,0,2.0664893407573715e-16,9.14704244964896,3.68546850145343,1
20008,8,k2,1.3856175577929513,1.0,0,0,0.09520876702704781,6.937672440678405,3.68546850145343,1
20008,8,k5,1.9894858610763237,0.9047619047619048,1,1,0.23199429327398705,5.405603678769909,3.68546850145343,1
20008,8,k10,2.941675483095849,0.9047619047619048,1,1,0.48776749773595773,3.9093300677733263,3.68546850145343,1
20009,8,k1,1.0,1.0,0,0,3.469446951953614e-16,8.560706977103592,3.4492259206142313,1
20009,8,k2,1.3856175577929513,1.0,0,0,0.15212852459599757,6.359991759018108,3.4492259206142313,1
20009,8,k5,1.9894858610763237,1.0,0,0,0.35863733072939685,4.8678336181582935,3.4492259206142313,1
20009,8,k10,2.941675483095849,0.9523809523809524,1,1,0.766670893197968,3.35756001024054,3.4492259206142313,1
20010,8,k1,1.0,1.0,0,0,1.457167719820518e-16,8.023395477600271,3.2327357689844884,1
20010,8,k2,1.3856175577929513,1.0,0,0,0.3361666344361406,5.278748337065452,3.2327357689844884,1
20010,8,k5,1.9894858610763237,0.9761904761904763,1,1,0.8128858704777919,3.6041379048554876,3.2327357689844884,1
20010,8,k10,2.941675483095849,0.9285714285714287,1,1,2.635216021910646,1.6585531933757154,3.2327357689844884,1
20011,8,k1,1.0,1.0,0,0,4.40619762898109e-16,8.600572926377431,3.4652884567988,1
20011,8,k2,1.3856175577929513,0.9285714285714287,0,1,0.1625502613351363,6.065088828006388,3.4652884567988,1
20011,8,k5,1.9894858610763237,0.8333333333333335,0,1,0.36665668529565915,4.505541171168142,3.4652884567988,1
20011,8,k10,2.941675483095849,0.5952380952380953,1,1,0.8978659013459939,2.7444087339352756,3.4652884567988,1
20012,8,k1,1.0,1.0,0,0,1.448494102440634e-16,8.50411836876142,3.4264255963854797,1
20012,8,k2,1.3856175577929513,0.9761904761904763,0,1,0.18740043024993647,6.215909291796156,3.4264255963854797,1
20012,8,k5,1.9894858610763237,0.9285714285714287,0,1,0.4078576520734527,4.962850972239293,3.4264255963854797,1
20012,8,k10,2.941675483095849,0.880952380952381,1,1,0.8738071761718055,3.4821979238688203,3.4264255963854797,1
20013,8,k1,1.0,1.0,0,0,1.691355389077387e-16,11.828001203657411,4.765663449272129,1
20013,8,k2,1.3856175577929513,1.0,0,0,0.11596522397452004,9.131752311161568,4.765663449272129,1
20013,8,k5,1.9894858610763237,1.0,0,0,0.2469074616561724,7.5245407843684236,4.765663449272129,1
20013,8,k10,2.941675483095849,1.0,0,0,0.48058938365911397,5.845361089395083,4.765663449272129,1
20014,8,k1,1.0,1.0,0,0,4.15408674256032e-16,7.2628671795462765,2.9263085164194207,1
20014,8,k2,1.3856175577929513,0.9761904761904763,0,1,0.4222824687999023,4.686765228352492,2.9263085164194207,1
20014,8,k5,1.9894858610763237,0.9523809523809524,0,1,1.0673799666958146,3.074324546288167,2.9263085164194207,1
20014,8,k10,2.941675483095849,0.9047619047619048,0,1,4.189409455448331,1.1797985200307481,2.9263085164194207,1
20015,8,k1,1.0,1.0,0,0,1.2836953722228372e-16,8.824371171585328,3.55545983054441,1
20015,8,k2,1.3856175577929513,0.8095238095238096,1,1,0.12047412292406784,6.743968401005937,3.55545983054441,1
20015,8,k5,1.9894858610763237,0.6428571428571429,1,1,0.2661527549054772,5.408984170458082,3.55545983054441,1
20015,8,k10,2.941675483095849,0.6428571428571429,1,1,0.5455839396585007,4.019513937238342,3.55545983054441,1
20016,8,k1,1.0,1.0,0,0,3.0531133177191805e-16,8.193634490586735,3.3013273955713123,1
20016,8,k2,1.3856175577929513,0.9761904761904763,0,1,0.2105825238232505,5.866549260402227,3.3013273955713123,1
20016,8,k5,1.9894858610763237,0.9285714285714287,0,1,0.4696471239158829,4.592513350257034,3.3013273955713123,1
20016,8,k10,2.941675483095849,0.9047619047619048,0,1,1.0147570626008262,3.149333265446151,3.3013273955713123,1
20017,8,k1,1.0,1.0,0,0,4.831690603168681e-13,0.14453825525188407,0.05823643980205895,1
20017,8,k2,1.3856175577929513,0.9047619047619048,0,1,,-1.7041847572389335,0.05823643980205895,0
20017,8,k5,1.9894858610763237,0.880952380952381,0,1,,-2.960024683085175,0.05823643980205895,0
20017,8,k10,2.941675483095849,0.8095238095238096,1,1,,-4.602887017136119,0.05823643980205895,0
20018,8,k1,1.0,1.0,0,0,1.700029006457271e-16,9.059965690909749,3.650384084461975,1
20018,8,k2,1.3856175577929513,0.8571428571428572,0,1,0.12001474236003691,7.022356738345491,3.650384084461975,1
20018,8,k5,1.9894858610763237,0.38095238095238104,0,1,0.26062156843629236,5.853149854616915,3.650384084461975,1
20018,8,k10,2.941675483095849,0.261904761904762,0,1,0.5019325117753252,4.588261117756502,3.650384084461975,1
20019,8,k1,1.0,1.0,0,0,1.8388068845354155e-16,7.047158009892411,2.839396341843856,1
20019,8,k2,1.3856175577929513,0.9761904761904763,0,1,0.4979480799239473,4.159000072468689,2.839396341843856,1
20019,8,k5,1.9894858610763237,0.9285714285714287,0,1,1.6936532836956797,2.109978419758308,2.839396341843856,1
20019,8,k10,2.941675483095849,0.9285714285714287,0,1,97.34223416518302,0.054159954948171274,2.839396341843856,1
20020,8,k1,1.0,1.0,0,0,1.36501053515925e-16,7.129758124688038,2.8726770577661265,1
20020,8,k2,1.3856175577929513,0.8095238095238096,1,1,0.1653066186295965,5.156739047275809,2.8726770577661265,1
20020,8,k5,1.9894858610763237,0.6190476190476191,1,1,0.34827209056034436,4.11480056279533,2.8726770577661265,1
20020,8,k10,2.941675483095849,0.6428571428571429,1,1,0.7839352749184882,2.7801970220614276,2.8726770577661265,1
20021,8,k1,1.0,1.0,0,0,1.5959455978986625e-16,12.76064539323673,5.141438548456243,1
20021,8,k2,1.3856175577929513,0.8571428571428572,0,1,0.10113145115336875,9.743435395470923,5.141438548456243,1
20021,8,k5,1.9894858610763237,0.8333333333333335,0,1,0.2344053862608823,7.811975957053336,5.141438548456243,1
20021,8,k10,2.941675483095849,0.6428571428571429,1,1,0.48430792194113875,5.805484081722068,5.141438548456243,1
20022,8,k1,1.0,1.0,0,0,2.0296264668928643e-16,10.90863751864516,4.395239247007401,1
20022,8,k2,1.3856175577929513,0.9523809523809524,0,1,0.06488366000270715,9.120236509850626,4.395239247007401,1
20022,8,k5,1.9894858610763237,0.9285714285714287,1,1,0.13875837435096067,8.17514840140862,4.395239247007401,1
20022,8,k10,2.941675483095849,0.7619047619047621,1,1,0.24368104962143902,7.15772006244207,4.395239247007401,1
20023,8,k1,1.0,1.0,0,0,7.632783294297951e-17,8.811690614903233,3.550350660832998,1
20023,8,k2,1.3856175577929513,1.0,0,0,0.18447543536882643,6.355336374025043,3.550350660832998,1
20023,8,k5,1.9894858610763237,1.0,0,0,0.38495909125277084,4.871135679438105,3.550350660832998,1
20023,8,k10,2.941675483095849,0.9047619047619048,1,1,0.8778231641635442,3.2157326328309264,3.550350660832998,1
20024,8,k1,1.0,1.0,0,0,1.5612511283791264e-16,6.924405829842749,2.789937809695562,1
20024,8,k2,1.3856175577929513,0.9761904761904763,0,1,0.38519085153878546,4.579600822310104,2.789937809695562,1
20024,8,k5,1.9894858610763237,0.880952380952381,0,1,0.8625746174926593,3.2475252748777805,2.789937809695562,1
20024,8,k10,2.941675483095849,0.7857142857142858,0,1,2.464213531922004,1.6949115150366045,2.789937809695562,1
20025,8,k1,1.0,1.0,0,0,2.0122792321330962e-16,12.386245014742236,4.990587515516447,1
20025,8,k2,1.3856175577929513,0.880952380952381,0,1,0.05763535832038094,9.586838447120535,4.990587515516447,1
20025,8,k5,1.9894858610763237,0.8333333333333335,1,1,0.15493171746562887,7.679297099154951,4.990587515516447,1
20025,8,k10,2.941675483095849,0.6428571428571429,1,1,0.31434070938052694,5.830241586866945,4.990587515516447,1
20026,8,k1,1.0,1.0,0,0,1.3704315460216776e-16,11.42205469711776,4.602102049905892,1
20026,8,k2,1.3856175577929513,1.0,0,0,0.07383382553320625,9.079316887106344,4.602102049905892,1
20026,8,k5,1.9894858610763237,0.9523809523809524,1,1,0.1849825782043722,7.594405040312803,4.602102049905892,1
20026,8,k10,2.941675483095849,0.8571428571428572,1,1,0.34946856981016283,6.144898694223736,4.602102049905892,1
20027,8,k1,1.0,1.0,0,0,2.662800535624399e-16,6.70936180997615,2.7032936330661324,1
20027,8,k2,1.3856175577929513,0.9523809523809524,0,1,0.2994829699498208,4.28622909939746,2.7032936330661324,1
20027,8,k5,1.9894858610763237,0.9047619047619048,0,1,0.8551184554397593,2.6006539894674905,2.7032936330661324,1
20027,8,k10,2.941675483095849,0.8095238095238096,1,1,3.8726912105949944,0.8507059946839064,2.7032936330661324,1
20028,8,k1,1.0,1.0,0,0,1.5612511283791264e-16,8.895037212271934,3.5839321447931445,1
20028,8,k2,1.3856175577929513,0.9761904761904763,0,1,0.14840556064033056,6.755273922485147,3.5839321447931445,1
20028,8,k5,1.9894858610763237,0.9523809523809524,0,1,0.3136048957356315,5.649466945184102,3.5839321447931445,1
20028,8,k10,2.941675483095849,0.9047619047619048,0,1,0.6201574960461369,4.325357864362278,3.5839321447931445,1
20029,8,k1,1.0,1.0,0,0,1.5265566588595902e-16,11.799767344830995,4.754287641413793,1
20029,8,k2,1.3856175577929513,1.0,0,0,0.09109463483896808,9.262046411005882,4.754287641413793,1
20029,8,k5,1.9894858610763237,0.9761904761904763,0,1,0.2149018489731272,7.689419567535101,4.754287641413793,1
20029,8,k10,2.941675483095849,0.9523809523809524,0,1,0.4088079690758033,6.087444510672855,4.754287641413793,1
20030,8,k1,1.0,1.0,0,0,6.678685382510707e-17,10.045460710802413,4.04745350598773,1
20030,8,k2,1.3856175577929513,1.0,0,0,0.08538814667483055,7.903113743026649,4.04745350598773,1
20030,8,k5,1.9894858610763237,0.9761904761904763,0,1,0.1922042673042409,6.556092418154677,4.04745350598773,1
20030,8,k10,2.941675483095849,0.7857142857142858,1,1,0.3794303609916625,5.184212290073271,4.04745350598773,1
20031,8,k1,1.0,1.0,0,0,3.677613769070831e-16,4.56945930138797,1.841097646221709,1
20031,8,k2,1.3856175577929513,0.9047619047619048,0,1,0.7209157729201376,2.6301065404182884,1.841097646221709,1
20031,8,k5,1.9894858610763237,0.7857142857142858,0,1,2.0322742220432577,1.5076091129003069,1.841097646221709,1
20031,8,k10,2.941675483095849,0.6904761904761906,1,1,25.80695585896952,0.17730306353966796,1.841097646221709,1
20032,8,k1,1.0,1.0,0,0,2.5934115965853266e-16,4.481277550714859,1.8055680128677891,1
20032,8,k2,1.3856175577929513,1.0,0,0,0.41849986179989296,2.9702572707452886,1.8055680128677891,1
20032,8,k5,1.9894858610763237,0.9761904761904763,0,1,0.8700707258565015,2.225480321350122,1.8055680128677891,1
20032,8,k10,2.941675483095849,0.9523809523809524,0,1,2.182203742899274,1.3032796835147669,1.8055680128677891,1
20033,8,k1,1.0,1.0,0,0,7.216449660063518e-16,3.2020961708323066,1.2901683403338757,1
20033,8,k2,1.3856175577929513,0.9047619047619048,0,1,1.1256108584377322,1.718992795547001,1.2901683403338757,1
20033,8,k5,1.9894858610763237,0.9047619047619048,0,1,4.144570715389952,0.7669557306019671,1.2901683403338757,1
20033,8,k10,2.941675483095849,0.5714285714285715,0,1,,-0.35303754370708074,1.2901683403338757,0
20034,8,k1,1.0,1.0,0,0,1.4051260155412137e-16,12.103559978388402,4.876689848259611,1
20034,8,k2,1.3856175577929513,0.8333333333333335,0,1,0.09496169365721358,9.302567818389699,4.876689848259611,1
20034,8,k5,1.9894858610763237,0.6190476190476191,0,1,0.2208378608390681,7.57126299015407,4.876689848259611,1
20034,8,k10,2.941675483095849,0.3571428571428572,1,1,0.4487831855511807,5.715665641290726,4.876689848259611,1
20035,8,k1,1.0,1.0,0,0,2.6020852139652106e-16,8.892906771331713,3.583073761001595,1
20035,8,k2,1.3856175577929513,1.0,0,0,0.11370001414425908,7.066031126290619,3.583073761001595,1
20035,8,k5,1.9894858610763237,0.9285714285714287,0,1,0.2360183422617553,6.112810986167115,3.583073761001595,1
20035,8,k10,2.941675483095849,0.8571428571428572,0,1,0.44450586143926607,4.952106516552885,3.583073761001595,1
20036,8,k1,1.0,1.0,0,0,9.020562075079397e-17,10.345950302772836,4.168524872204477,1
20036,8,k2,1.3856175577929513,0.9761904761904763,0,1,0.1293465539763633,7.849448433843783,4.168524872204477,1
20036,8,k5,1.9894858610763237,0.8571428571428572,0,1,0.27878231907859685,6.285497105762994,4.168524872204477,1
20036,8,k10,2.941675483095849,0.7142857142857144,1,1,0.5862895089055393,4.531722584593301,4.168524872204477,1
20037,8,k1,1.0,1.0,0,0,9.783840404509192e-16,1.6622048954099926,0.6697250853176395,1
20037,8,k2,1.3856175577929513,1.0,0,0,,-1.054403504103256,0.6697250853176395,0
20037,8,k5,1.9894858610763237,0.9761904761904763,0,1,,-2.9906684676901283,0.6697250853176395,0
20037,8,k10,2.941675483095849,0.7619047619047621,1,1,,-5.20416131917405,0.6697250853176395,0
20038,8,k1,1.0,1.0,0,0,1.4137996329210978e-16,9.033859824534304,3.6398656738653834,1
20038,8,k2,1.3856175577929513,0.5952380952380953,0,1,0.13813800949277982,6.552449350766411,3.6398656738653834,1
20038,8,k5,1.9894858610763237,0.5476190476190477,0,1,0.30888751339891585,5.036725086869976,3.6398656738653834,1
20038,8,k10,2.941675483095849,0.3333333333333334,1,1,0.7026212133313934,3.338939193496877,3.6398656738653834,1
20039,8,k1,1.0,1.0,0,0,2.498001805406602e-16,6.584158378032879,2.652847458005635,1
20039,8,k2,1.3856175577929513,1.0,0,0,0.2734186352095317,4.718258002500571,2.652847458005635,1
20039,8,k5,1.9894858610763237,0.9761904761904763,0,1,0.537456852297498,3.75617455635685,2.652847458005635,1
20039,8,k10,2.941675483095849,0.9761904761904763,0,1,1.201575591634098,2.553912788449142,2.652847458005635,1
