seed,n,path,alpha_first_rank_flip,alpha_first_top1_flip,kappa_at_first_rank_flip,kappa_at_first_top1_flip,ever_rank_flip,ever_top1_flip,rank0_matches_unit
20000,4,k1_to_k10,,,,,0,0,1
20001,4,k1_to_k10,,,,,0,0,1
20002,4,k1_to_k10,0.35000000000000003,,1.3818535122308548,,1,0,1
20003,4,k1_to_k10,0.55,,1.6935476579412068,,1,0,1
20004,4,k1_to_k10,0.9500000000000001,,2.7402181732802116,,1,0,1
20005,4,k1_to_k10,1.0,,2.941675483095849,,1,0,1
20006,4,k1_to_k10,0.30000000000000004,,1.3166322840089033,,1,0,1
20007,4,k1_to_k10,0.7000000000000001,,1.9994920201696504,,1,0,1
20008,4,k1_to_k10,0.8,,2.2527857165609957,,1,0,1
20009,4,k1_to_k10,,,,,0,0,1
20010,4,k1_to_k10,,,,,0,0,1
20011,4,k1_to_k10,,,,,0,0,1
20012,4,k1_to_k10,,,,,0,0,1
20013,4,k1_to_k10,,,,,0,0,1
20014,4,k1_to_k10,0.9,,2.5603382741120124,,1,0,1
20015,4,k1_to_k10,,,,,0,0,1
20016,4,k1_to_k10,,,,,0,0,1
20017,4,k1_to_k10,0.1,0.1,1.093368148339026,1.093368148339026,1,1,1
20018,4,k1_to_k10,0.4,,1.4516240563362022,,1,0,1
20019,4,k1_to_k10,0.35000000000000003,,1.3818535122308548,,1,0,1
20020,4,k1_to_k10,,,,,0,0,1
20021,4,k1_to_k10,,,,,0,0,1
20022,4,k1_to_k10,0.9500000000000001,0.9500000000000001,2.7402181732802116,2.7402181732802116,1,1,1
20023,4,k1_to_k10,,,,,0,0,1
20024,4,k1_to_k10,0.7000000000000001,0.7000000000000001,1.9994920201696504,1.9994920201696504,1,1,1
20025,4,k1_to_k10,,,,,0,0,1
20026,4,k1_to_k10,0.75,,2.120295332711172,,1,0,1
20027,4,k1_to_k10,,,,,0,0,1
20028,4,k1_to_k10,,,,,0,0,1
20029,4,k1_to_k10,,,,,0,0,1
20030,4,k1_to_k10,0.5,,1.6068597995655407,,1,0,1
20031,4,k1_to_k10,0.4,,1.4516240563362022,,1,0,1
20032,4,k1_to_k10,,,,,0,0,1
20033,4,k1_to_k10,0.8,,2.2527857165609957,,1,0,1
20034,4,k1_to_k10,,,,,0,0,1
20035,4,k1_to_k10,,,,,0,0,1
20036,4,k1_to_k10,0.8500000000000001,,2.398745372930671,,1,0,1
20037,4,k1_to_k10,,,,,0,0,1
20038,4,k1_to_k10,0.8500000000000001,,2.398745372930671,,1,0,1
20039,4,k1_to_k10,,,,,0,0,1
20000,6,k1_to_k10,0.1,0.1,1.093368148339026,1.093368148339026,1,1,1
20001,6,k1_to_k10,0.15000000000000002,0.2,1.144211409207394,1.198166921017397,1,1,1
20002,6,k1_to_k10,0.05,,1.045375406645815,,1,0,1
20003,6,k1_to_k10,0.6000000000000001,,1.787262462251584,,1,0,1
20004,6,k1_to_k10,0.65,,1.8888947144629984,,1,0,1
20005,6,k1_to_k10,0.75,0.75,2.120295332711172,2.120295332711172,1,1,1
20006,6,k1_to_k10,1.0,,2.941675483095849,,1,0,1
20007,6,k1_to_k10,0.4,,1.4516240563362022,,1,0,1
20008,6,k1_to_k10,0.25,,1.2555294697972417,,1,0,1
20009,6,k1_to_k10,0.8500000000000001,,2.398745372930671,,1,0,1
20010,6,k1_to_k10,0.30000000000000004,0.8,1.3166322840089033,2.2527857165609957,1,1,1
20011,6,k1_to_k10,0.55,1.0,1.6935476579412068,2.941675483095849,1,1,1
20012,6,k1_to_k10,0.1,0.15000000000000002,1.093368148339026,1.144211409207394,1,1,1
20013,6,k1_to_k10,0.8500000000000001,,2.398745372930671,,1,0,1
20014,6,k1_to_k10,0.65,0.65,1.8888947144629984,1.8888947144629984,1,1,1
20015,6,k1_to_k10,0.7000000000000001,,1.9994920201696504,,1,0,1
20016,6,k1_to_k10,0.30000000000000004,0.30000000000000004,1.3166322840089033,1.3166322840089033,1,1,1
20017,6,k1_to_k10,0.6000000000000001,,1.787262462251584,,1,0,1
20018,6,k1_to_k10,0.65,,1.8888947144629984,,1,0,1
20019,6,k1_to_k10,0.30000000000000004,0.35000000000000003,1.3166322840089033,1.3818535122308548,1,1,1
20020,6,k1_to_k10,0.35000000000000003,,1.3818535122308548,,1,0,1
20021,6,k1_to_k10,0.55,0.55,1.6935476579412068,1.6935476579412068,1,1,1
20022,6,k1_to_k10,0.7000000000000001,0.7000000000000001,1.9994920201696504,1.9994920201696504,1,1,1
20023,6,k1_to_k10,0.4,,1.4516240563362022,,1,0,1
20024,6,k1_to_k10,0.6000000000000001,,1.787262462251584,,1,0,1
20025,6,k1_to_k10,0.7000000000000001,,1.9994920201696504,,1,0,1
20026,6,k1_to_k10,0.4,0.9,1.4516240563362022,2.5603382741120124,1,1,1
20027,6,k1_to_k10,1.0,,2.941675483095849,,1,0,1
20028,6,k1_to_k10,0.45,0.9,1.5264371030446062,2.5603382741120124,1,1,1
20029,6,k1_to_k10,0.55,0.55,1.6935476579412068,1.6935476579412068,1,1,1
20030,6,k1_to_k10,0.9,,2.5603382741120124,,1,0,1
20031,6,k1_to_k10,0.2,0.35000000000000003,1.198166921017397,1.3818535122308548,1,1,1
20032,6,k1_to_k10,0.6000000000000001,,1.787262462251584,,1,0,1
20033,6,k1_to_k10,0.25,,1.2555294697972417,,1,0,1
20034,6,k1_to_k10,0.9500000000000001,,2.7402181732802116,,1,0,1
20035,6,k1_to_k10,0.1,0.45,1.093368148339026,1.5264371030446062,1,1,1
20036,6,k1_to_k10,0.75,0.75,2.120295332711172,2.120295332711172,1,1,1
20037,6,k1_to_k10,0.30000000000000004,0.30000000000000004,1.3166322840089033,1.3166322840089033,1,1,1
20038,6,k1_to_k10,0.45,,1.5264371030446062,,1,0,1
20039,6,k1_to_k10,0.4,,1.4516240563362022,,1,0,1
20000,8,k1_to_k10,0.1,0.45,1.093368148339026,1.5264371030446062,1,1,1
20001,8,k1_to_k10,0.7000000000000001,1.0,1.9994920201696504,2.941675483095849,1,1,1
20002,8,k1_to_k10,0.30000000000000004,0.8,1.3166322840089033,2.2527857165609957,1,1,1
20003,8,k1_to_k10,0.05,0.75,1.045375406645815,2.120295332711172,1,1,1
20004,8,k1_to_k10,0.35000000000000003,,1.3818535122308548,,1,0,1
20005,8,k1_to_k10,0.05,0.5,1.045375406645815,1.6068597995655407,1,1,1
20006,8,k1_to_k10,0.2,0.25,1.198166921017397,1.2555294697972417,1,1,1
20007,8,k1_to_k10,0.25,,1.2555294697972417,,1,0,1
20008,8,k1_to_k10,0.5,0.5,1.6068597995655407,1.6068597995655407,1,1,1
20009,8,k1_to_k10,0.8,0.8,2.2527857165609957,2.2527857165609957,1,1,1
20010,8,k1_to_k10,0.5,0.5,1.6068597995655407,1.6068597995655407,1,1,1
20011,8,k1_to_k10,0.30000000000000004,0.7000000000000001,1.3166322840089033,1.9994920201696504,1,1,1
20012,8,k1_to_k10,0.25,0.9,1.2555294697972417,2.5603382741120124,1,1,1
20013,8,k1_to_k10,,,,,0,0,1
20014,8,k1_to_k10,0.30000000000000004,,1.3166322840089033,,1,0,1
20015,8,k1_to_k10,0.1,0.2,1.093368148339026,1.198166921017397,1,1,1
20016,8,k1_to_k10,0.25,,1.2555294697972417,,1,0,1
20017,8,k1_to_k10,0.05,0.8,1.045375406645815,2.2527857165609957,1,1,1
20018,8,k1_to_k10,0.05,,1.045375406645815,,1,0,1
20019,8,k1_to_k10,0.05,,1.045375406645815,,1,0,1
20020,8,k1_to_k10,0.1,0.15000000000000002,1.093368148339026,1.144211409207394,1,1,1
20021,8,k1_to_k10,0.05,0.8,1.045375406645815,2.2527857165609957,1,1,1
20022,8,k1_to_k10,0.15000000000000002,0.5,1.144211409207394,1.6068597995655407,1,1,1
20023,8,k1_to_k10,0.65,0.65,1.8888947144629984,1.8888947144629984,1,1,1
20024,8,k1_to_k10,0.05,,1.045375406645815,,1,0,1
20025,8,k1_to_k10,0.05,0.45,1.045375406645815,1.5264371030446062,1,1,1
20026,8,k1_to_k10,0.35000000000000003,0.35000000000000003,1.3818535122308548,1.3818535122308548,1,1,1
20027,8,k1_to_k10,0.05,0.7000000000000001,1.045375406645815,1.9994920201696504,1,1,1
20028,8,k1_to_k10,0.15000000000000002,,1.144211409207394,,1,0,1
20029,8,k1_to_k10,0.75,,2.120295332711172,,1,0,1
20030,8,k1_to_k10,0.5,0.65,1.6068597995655407,1.8888947144629984,1,1,1
20031,8,k1_to_k10,0.05,0.9500000000000001,1.045375406645815,2.7402181732802116,1,1,1
20032,8,k1_to_k10,0.4,,1.4516240563362022,,1,0,1
20033,8,k1_to_k10,0.05,,1.045375406645815,,1,0,1
20034,8,k1_to_k10,0.05,0.8,1.045375406645815,2.2527857165609957,1,1,1
20035,8,k1_to_k10,0.5,,1.6068597995655407,,1,0,1
20036,8,k1_to_k10,0.2,0.9500000000000001,1.198166921017397,2.7402181732802116,1,1,1
20037,8,k1_to_k10,0.2,0.2,1.198166921017397,1.198166921017397,1,1,1
20038,8,k1_to_k10,0.1,0.8500000000000001,1.093368148339026,2.398745372930671,1,1,1
20039,8,k1_to_k10,0.5,,1.6068597995655407,,1,0,1
