seed,n,cell,rho_oracle,kendall_W,sigma_pop,oracle_kendall_W
0,4,cell_4,-0.8,1.0,"[0.0, 0.0, 0.0, 0.0]",1.0
1,4,cell_4,-0.19999999999999996,1.0,"[0.0, 0.0, 0.0, 0.0]",1.0
2,4,cell_4,0.19999999999999996,1.0,"[0.0, 0.0, 0.0, 0.0]",1.0
3,4,cell_4,-0.3999999999999999,1.0,"[0.0, 0.0, 0.0, 0.0]",1.0
4,4,cell_4,0.0,1.0,"[0.0, 0.0, 0.0, 0.0]",1.0
5,4,cell_4,-0.8,1.0,"[0.0, 0.0, 0.0, 0.0]",1.0
6,4,cell_4,-0.3999999999999999,1.0,"[0.0, 0.0, 0.0, 0.0]",1.0
7,4,cell_4,-0.3999999999999999,1.0,"[0.0, 0.0, 0.0, 0.0]",1.0
8,4,cell_4,-0.6000000000000001,1.0,"[0.0, 0.0, 0.0, 0.0]",1.0
9,4,cell_4,-0.8,1.0,"[0.0, 0.0, 0.0, 0.0]",1.0
10,4,cell_4,-0.3999999999999999,1.0,"[0.0, 0.0, 0.0, 0.0]",1.0
11,4,cell_4,0.0,1.0,"[0.0, 0.0, 0.0, 0.0]",1.0
12,4,cell_4,0.8,1.0,"[0.0, 0.0, 0.0, 0.0]",1.0
13,4,cell_4,0.4,1.0,"[0.0, 0.0, 0.0, 0.0]",1.0
14,4,cell_4,0.19999999999999996,1.0,"[0.0, 0.0, 0.0, 0.0]",1.0
15,4,cell_4,-0.8,1.0,"[0.0, 0.0, 0.0, 0.0]",1.0
16,4,cell_4,-0.3999999999999999,1.0,"[0.0, 0.0, 0.0, 0.0]",1.0
17,4,cell_4,-0.3999999999999999,1.0,"[0.0, 0.0, 0.0, 0.0]",1.0
18,4,cell_4,0.19999999999999996,1.0,"[0.0, 0.0, 0.0, 0.0]",1.0
19,4,cell_4,0.19999999999999996,1.0,"[0.0, 0.0, 0.0, 0.0]",1.0
20,4,cell_4,-0.3999999999999999,1.0,"[0.0, 0.0, 0.0, 0.0]",1.0
21,4,cell_4,-0.19999999999999996,1.0,"[0.0, 0.0, 0.0, 0.0]",1.0
22,4,cell_4,0.6,1.0,"[0.0, 0.0, 0.0, 0.0]",1.0
23,4,cell_4,-1.0,1.0,"[0.0, 0.0, 0.0, 0.0]",1.0
24,4,cell_4,1.0,1.0,"[0.0, 0.0, 0.0, 0.0]",1.0
25,4,cell_4,0.8,1.0,"[0.0, 0.0, 0.0, 0.0]",1.0
26,4,cell_4,0.8,1.0,"[0.0, 0.0, 0.0, 0.0]",1.0
27,4,cell_4,-0.8,1.0,"[0.0, 0.0, 0.0, 0.0]",1.0
28,4,cell_4,-0.3999999999999999,1.0,"[0.0, 0.0, 0.0, 0.0]",1.0
29,4,cell_4,0.19999999999999996,1.0,"[0.0, 0.0, 0.0, 0.0]",1.0
30,4,cell_4,-0.8,1.0,"[0.0, 0.0, 0.0, 0.0]",1.0
31,4,cell_4,-0.19999999999999996,1.0,"[0.0, 0.0, 0.0, 0.0]",1.0
32,4,cell_4,-0.8,1.0,"[0.0, 0.0, 0.0, 0.0]",1.0
33,4,cell_4,-0.8,1.0,"[0.0, 0.0, 0.0, 0.0]",1.0
34,4,cell_4,-0.3999999999999999,1.0,"[0.0, 0.0, 0.0, 0.0]",1.0
35,4,cell_4,0.19999999999999996,1.0,"[0.0, 0.0, 0.0, 0.0]",1.0
36,4,cell_4,0.4,1.0,"[0.0, 0.0, 0.0, 0.0]",1.0
37,4,cell_4,1.0,1.0,"[0.0, 0.0, 0.0, 0.0]",1.0
38,4,cell_4,-0.8,1.0,"[0.0, 0.0, 0.0, 0.0]",1.0
39,4,cell_4,-0.19999999999999996,1.0,"[0.0, 0.0, 0.0, 0.0]",1.0
0,6,cell_6,0.08571428571428574,1.0,"[0.0, 0.0, 0.0, 0.0, 0.0, 0.0]",1.0
1,6,cell_6,0.4285714285714286,1.0,"[0.0, 0.0, 0.0, 0.0, 0.0, 0.0]",1.0
2,6,cell_6,0.2571428571428571,1.0,"[0.0, 0.0, 0.0, 0.0, 0.0, 0.0]",1.0
3,6,cell_6,0.1428571428571429,1.0,"[0.0, 0.0, 0.0, 0.0, 0.0, 0.0]",1.0
4,6,cell_6,0.08571428571428574,1.0,"[0.0, 0.0, 0.0, 0.0, 0.0, 0.0]",1.0
5,6,cell_6,-0.48571428571428577,1.0,"[0.0, 0.0, 0.0, 0.0, 0.0, 0.0]",1.0
6,6,cell_6,0.37142857142857144,1.0,"[0.0, 0.0, 0.0, 0.0, 0.0, 0.0]",1.0
7,6,cell_6,-0.3142857142857143,1.0,"[0.0, 0.0, 0.0, 0.0, 0.0, 0.0]",1.0
8,6,cell_6,-0.1428571428571428,1.0,"[0.0, 0.0, 0.0, 0.0, 0.0, 0.0]",1.0
9,6,cell_6,0.6,1.0,"[0.0, 0.0, 0.0, 0.0, 0.0, 0.0]",1.0
10,6,cell_6,0.02857142857142858,1.0,"[0.0, 0.0, 0.0, 0.0, 0.0, 0.0]",1.0
11,6,cell_6,-0.1428571428571428,1.0,"[0.0, 0.0, 0.0, 0.0, 0.0, 0.0]",1.0
12,6,cell_6,0.1428571428571429,1.0,"[0.0, 0.0, 0.0, 0.0, 0.0, 0.0]",1.0
13,6,cell_6,-0.1428571428571428,1.0,"[0.0, 0.0, 0.0, 0.0, 0.0, 0.0]",1.0
14,6,cell_6,-0.6571428571428573,1.0,"[0.0, 0.0, 0.0, 0.0, 0.0, 0.0]",1.0
15,6,cell_6,-0.19999999999999996,1.0,"[0.0, 0.0, 0.0, 0.0, 0.0, 0.0]",1.0
16,6,cell_6,-0.8857142857142857,1.0,"[0.0, 0.0, 0.0, 0.0, 0.0, 0.0]",1.0
17,6,cell_6,-0.1428571428571428,1.0,"[0.0, 0.0, 0.0, 0.0, 0.0, 0.0]",1.0
18,6,cell_6,-0.3142857142857143,1.0,"[0.0, 0.0, 0.0, 0.0, 0.0, 0.0]",1.0
19,6,cell_6,-0.2571428571428571,1.0,"[0.0, 0.0, 0.0, 0.0, 0.0, 0.0]",1.0
20,6,cell_6,0.1428571428571429,1.0,"[0.0, 0.0, 0.0, 0.0, 0.0, 0.0]",1.0
21,6,cell_6,0.6,1.0,"[0.0, 0.0, 0.0, 0.0, 0.0, 0.0]",1.0
22,6,cell_6,-0.1428571428571428,1.0,"[0.0, 0.0, 0.0, 0.0, 0.0, 0.0]",1.0
23,6,cell_6,0.3142857142857143,1.0,"[0.0, 0.0, 0.0, 0.0, 0.0, 0.0]",1.0
24,6,cell_6,0.6571428571428571,1.0,"[0.0, 0.0, 0.0, 0.0, 0.0, 0.0]",1.0
25,6,cell_6,0.7714285714285715,1.0,"[0.0, 0.0, 0.0, 0.0, 0.0, 0.0]",1.0
26,6,cell_6,0.48571428571428577,1.0,"[0.0, 0.0, 0.0, 0.0, 0.0, 0.0]",1.0
27,6,cell_6,-0.8285714285714285,1.0,"[0.0, 0.0, 0.0, 0.0, 0.0, 0.0]",1.0
28,6,cell_6,-0.37142857142857144,1.0,"[0.0, 0.0, 0.0, 0.0, 0.0, 0.0]",1.0
29,6,cell_6,0.9428571428571428,1.0,"[0.0, 0.0, 0.0, 0.0, 0.0, 0.0]",1.0
30,6,cell_6,-0.4285714285714286,1.0,"[0.0, 0.0, 0.0, 0.0, 0.0, 0.0]",1.0
31,6,cell_6,0.4285714285714286,1.0,"[0.0, 0.0, 0.0, 0.0, 0.0, 0.0]",1.0
32,6,cell_6,0.48571428571428577,1.0,"[0.0, 0.0, 0.0, 0.0, 0.0, 0.0]",1.0
33,6,cell_6,0.8857142857142857,1.0,"[0.0, 0.0, 0.0, 0.0, 0.0, 0.0]",1.0
34,6,cell_6,-0.4285714285714286,1.0,"[0.0, 0.0, 0.0, 0.0, 0.0, 0.0]",1.0
35,6,cell_6,0.08571428571428574,1.0,"[0.0, 0.0, 0.0, 0.0, 0.0, 0.0]",1.0
36,6,cell_6,0.48571428571428577,1.0,"[0.0, 0.0, 0.0, 0.0, 0.0, 0.0]",1.0
37,6,cell_6,0.6571428571428571,1.0,"[0.0, 0.0, 0.0, 0.0, 0.0, 0.0]",1.0
38,6,cell_6,0.02857142857142858,1.0,"[0.0, 0.0, 0.0, 0.0, 0.0, 0.0]",1.0
39,6,cell_6,0.37142857142857144,1.0,"[0.0, 0.0, 0.0, 0.0, 0.0, 0.0]",1.0
0,8,cell_8,0.023809523809523836,1.0,"[0.0, 0.0, 0.0, 0.0, 0.0, 0.0, 0.0, 0.0]",1.0
1,8,cell_8,-0.26190476190476186,1.0,"[0.0, 0.0, 0.0, 0.0, 0.0, 0.0, 0.0, 0.0]",1.0
2,8,cell_8,-0.4285714285714286,1.0,"[0.0, 0.0, 0.0, 0.0, 0.0, 0.0, 0.0, 0.0]",1.0
3,8,cell_8,-0.40476190476190466,1.0,"[0.0, 0.0, 0.0, 0.0, 0.0, 0.0, 0.0, 0.0]",1.0
4,8,cell_8,-0.04761904761904767,1.0,"[0.0, 0.0, 0.0, 0.0, 0.0, 0.0, 0.0, 0.0]",1.0
5,8,cell_8,0.19047619047619047,1.0,"[0.0, 0.0, 0.0, 0.0, 0.0, 0.0, 0.0, 0.0]",1.0
6,8,cell_8,0.26190476190476186,1.0,"[0.0, 0.0, 0.0, 0.0, 0.0, 0.0, 0.0, 0.0]",1.0
7,8,cell_8,0.04761904761904767,1.0,"[0.0, 0.0, 0.0, 0.0, 0.0, 0.0, 0.0, 0.0]",1.0
8,8,cell_8,0.38095238095238093,1.0,"[0.0, 0.0, 0.0, 0.0, 0.0, 0.0, 0.0, 0.0]",1.0
9,8,cell_8,-0.45238095238095233,1.0,"[0.0, 0.0, 0.0, 0.0, 0.0, 0.0, 0.0, 0.0]",1.0
10,8,cell_8,0.5952380952380952,1.0,"[0.0, 0.0, 0.0, 0.0, 0.0, 0.0, 0.0, 0.0]",1.0
11,8,cell_8,0.9047619047619048,1.0,"[0.0, 0.0, 0.0, 0.0, 0.0, 0.0, 0.0, 0.0]",1.0
12,8,cell_8,-0.023809523809523725,1.0,"[0.0, 0.0, 0.0, 0.0, 0.0, 0.0, 0.0, 0.0]",1.0
13,8,cell_8,0.023809523809523836,1.0,"[0.0, 0.0, 0.0, 0.0, 0.0, 0.0, 0.0, 0.0]",1.0
14,8,cell_8,-0.16666666666666674,1.0,"[0.0, 0.0, 0.0, 0.0, 0.0, 0.0, 0.0, 0.0]",1.0
15,8,cell_8,-0.23809523809523814,1.0,"[0.0, 0.0, 0.0, 0.0, 0.0, 0.0, 0.0, 0.0]",1.0
16,8,cell_8,-0.6190476190476191,1.0,"[0.0, 0.0, 0.0, 0.0, 0.0, 0.0, 0.0, 0.0]",1.0
17,8,cell_8,-0.26190476190476186,1.0,"[0.0, 0.0, 0.0, 0.0, 0.0, 0.0, 0.0, 0.0]",1.0
18,8,cell_8,0.04761904761904767,1.0,"[0.0, 0.0, 0.0, 0.0, 0.0, 0.0, 0.0, 0.0]",1.0
19,8,cell_8,-0.30952380952380953,1.0,"[0.0, 0.0, 0.0, 0.0, 0.0, 0.0, 0.0, 0.0]",1.0
20,8,cell_8,0.0714285714285714,1.0,"[0.0, 0.0, 0.0, 0.0, 0.0, 0.0, 0.0, 0.0]",1.0
21,8,cell_8,-0.09523809523809534,1.0,"[0.0, 0.0, 0.0, 0.0, 0.0, 0.0, 0.0, 0.0]",1.0
22,8,cell_8,-0.2857142857142858,1.0,"[0.0, 0.0, 0.0, 0.0, 0.0, 0.0, 0.0, 0.0]",1.0
23,8,cell_8,0.6666666666666667,1.0,"[0.0, 0.0, 0.0, 0.0, 0.0, 0.0, 0.0, 0.0]",1.0
24,8,cell_8,0.1428571428571429,1.0,"[0.0, 0.0, 0.0, 0.0, 0.0, 0.0, 0.0, 0.0]",1.0
25,8,cell_8,-0.26190476190476186,1.0,"[0.0, 0.0, 0.0, 0.0, 0.0, 0.0, 0.0, 0.0]",1.0
26,8,cell_8,-0.1428571428571428,1.0,"[0.0, 0.0, 0.0, 0.0, 0.0, 0.0, 0.0, 0.0]",1.0
27,8,cell_8,-0.40476190476190466,1.0,"[0.0, 0.0, 0.0, 0.0, 0.0, 0.0, 0.0, 0.0]",1.0
28,8,cell_8,-0.40476190476190466,1.0,"[0.0, 0.0, 0.0, 0.0, 0.0, 0.0, 0.0, 0.0]",1.0
29,8,cell_8,-0.11904761904761907,1.0,"[0.0, 0.0, 0.0, 0.0, 0.0, 0.0, 0.0, 0.0]",1.0
30,8,cell_8,-0.40476190476190466,1.0,"[0.0, 0.0, 0.0, 0.0, 0.0, 0.0, 0.0, 0.0]",1.0
31,8,cell_8,-0.0714285714285714,1.0,"[0.0, 0.0, 0.0, 0.0, 0.0, 0.0, 0.0, 0.0]",1.0
32,8,cell_8,0.19047619047619047,1.0,"[0.0, 0.0, 0.0, 0.0, 0.0, 0.0, 0.0, 0.0]",1.0
33,8,cell_8,-0.33333333333333326,1.0,"[0.0, 0.0, 0.0, 0.0, 0.0, 0.0, 0.0, 0.0]",1.0
34,8,cell_8,-0.23809523809523814,1.0,"[0.0, 0.0, 0.0, 0.0, 0.0, 0.0, 0.0, 0.0]",1.0
35,8,cell_8,-0.38095238095238093,1.0,"[0.0, 0.0, 0.0, 0.0, 0.0, 0.0, 0.0, 0.0]",1.0
36,8,cell_8,-0.023809523809523725,1.0,"[0.0, 0.0, 0.0, 0.0, 0.0, 0.0, 0.0, 0.0]",1.0
37,8,cell_8,0.3571428571428571,1.0,"[0.0, 0.0, 0.0, 0.0, 0.0, 0.0, 0.0, 0.0]",1.0
38,8,cell_8,-0.09523809523809534,1.0,"[0.0, 0.0, 0.0, 0.0, 0.0, 0.0, 0.0, 0.0]",1.0
39,8,cell_8,0.47619047619047616,1.0,"[0.0, 0.0, 0.0, 0.0, 0.0, 0.0, 0.0, 0.0]",1.0
