seed,lambda_mode,v_path_N,v_acc_N,v_resid_N,neg_path,neg_acc,neg_resid
737920414,fixed,68.32048466427659,0.04569792460712918,0.1196721519198568,0,0,0
347795941,fixed,0.4568822673422801,0.05602539711878696,0.045314016543445135,0,0,0
1237264847,fixed,-41.39266138815947,0.09545849905302628,0.10658523330305125,1,0,0
1381950912,fixed,308.7859397782938,0.0692858807345107,0.2604459309310164,0,0,0
522391825,fixed,-97.3724028713807,0.14156308926760797,0.010604169516556072,1,0,0
1947842845,fixed,43.41666289852765,-0.009178328776031863,0.2584066657954419,0,1,0
1100027996,fixed,134.6569474958169,-0.05231648223988583,0.17468517843980114,0,1,0
1824186758,fixed,267.4965789369321,0.014176746585264244,0.17067856395336034,0,0,0
779812376,fixed,105.96843685891281,0.1047246566505935,0.06451306667462253,0,0,0
1071592025,fixed,131.25548846394395,0.0998039177158645,0.36146096785422566,0,0,0
940982480,fixed,46.16467507490586,0.04999381050805218,0.10266570763231575,0,0,0
2112564304,fixed,131.96560882716312,0.0793453411794588,0.11327244930790936,0,0,0
628345251,fixed,-107.96199740308725,0.037518768473089326,0.009989342991656658,1,0,0
1535084896,fixed,-13.356182250071015,0.19856448941896332,-0.028894383964183312,1,0,1
1695629020,fixed,46.87476077189967,0.07136186547336054,0.219686394679796,0,0,0
1325493252,fixed,434.6659862160129,0.14534230347950694,0.004460204808266477,0,0,0
735937165,fixed,-17.00345912799594,0.0750005394042148,-0.018774097499285602,1,0,1
741817580,fixed,147.15206696436258,0.04878795515202783,0.16740986487286724,0,0,0
1575893166,fixed,-55.06103781978504,0.08203073626499213,-0.12062169724703764,1,0,1
881711363,fixed,169.18959229649386,0.12420302472035583,0.08311502396262149,0,0,0
1982730171,fixed,251.8155215499446,0.04477666063568053,0.17485817475088528,0,0,0
1278098936,fixed,44.78125779632683,0.28683465652718865,-0.022693997119770937,0,0,1
753834371,fixed,201.695803529336,0.026688468832595014,0.2976235497981783,0,0,0
678482870,fixed,327.95446664504493,0.12076134473706901,0.16945366337997725,0,0,0
557372266,fixed,62.06498777550701,0.14294509373960396,0.21613471834906206,0,0,0
2121910897,fixed,46.49781665470891,0.0613071333771571,0.05614287298332221,0,0,0
375192008,fixed,35.82308417059767,-0.02242106771359542,0.04847088390410581,0,1,0
154837409,fixed,-143.6139614362978,0.04486451436274008,0.009771800335171443,1,0,0
1315916816,fixed,-56.20039572099813,0.06432704111317289,-0.12815134217120083,1,0,1
2021137691,fixed,10.093173356671059,0.05907939925985661,0.055781756090469536,0,0,0
737920414,size_scaled,481.09160849338014,0.0445317747255336,0.41634263942276295,0,0,0
347795941,size_scaled,26.957069419034497,0.006570813529186648,0.1060762686965444,0,0,0
1237264847,size_scaled,-95.44755563949684,0.05013063709219301,-0.06894992804727362,1,0,1
1381950912,size_scaled,99.7642094436153,0.014872947364438449,0.08679262468985316,0,0,0
522391825,size_scaled,4.361610548544149,0.03132836235786396,0.12991679596063488,0,0,0
1947842845,size_scaled,102.19020548262642,-0.003949885101482309,0.14621618897213118,0,1,0
1100027996,size_scaled,123.47917234486977,0.01458666202200476,0.07868692128877175,0,0,0
1824186758,size_scaled,143.8150083049784,-0.021439473641562845,0.1688844912417955,0,1,0
779812376,size_scaled,28.30338808080205,-0.0010024687861989179,0.020084258869424332,0,1,0
1071592025,size_scaled,152.45228345792066,0.08580986590585082,0.057857894650519714,0,0,0
940982480,size_scaled,15.166760551928746,0.04759934354739004,0.23009168920489698,0,0,0
2112564304,size_scaled,112.15582734641589,-0.024889182968545587,0.05850997763453014,0,1,0
628345251,size_scaled,-24.227327021844758,0.04293600642707984,0.012359014115578493,1,0,0
1535084896,size_scaled,79.85942236721394,0.08810955891913519,0.292799353464146,0,0,0
1695629020,size_scaled,71.4417846353017,-0.03691431926496325,-0.004460520620066077,0,1,1
1325493252,size_scaled,266.50444207716487,-0.00973718752380437,-0.05735806115997821,0,1,1
735937165,size_scaled,86.5122836379926,-0.01763455186843199,0.1386737138081835,0,1,0
741817580,size_scaled,-14.965586088232612,0.06666186815588526,0.14927650088525057,1,0,0
1575893166,size_scaled,-56.99091181142194,0.09961037823699259,0.32349600915785226,1,0,0
881711363,size_scaled,-15.501052998816704,0.05462008516680905,0.09907620799173111,1,0,0
1982730171,size_scaled,217.5530042782907,0.09705901403501471,0.29234835141613,0,0,0
1278098936,size_scaled,91.68480803917623,0.26303875619367245,0.11376725580297276,0,0,0
753834371,size_scaled,97.23172478349443,0.08673612861062097,0.408982717724901,0,0,0
678482870,size_scaled,394.80311417833354,0.1375275928188353,0.23481089737812244,0,0,0
557372266,size_scaled,-96.72181356045508,-0.06485592380058414,0.08313342900698828,1,1,0
2121910897,size_scaled,-14.963672212735219,-0.022050123296393664,0.09583826826580832,1,1,0
375192008,size_scaled,112.74645655856443,0.05337704860422843,0.07547738111009661,0,0,0
154837409,size_scaled,8.623054097885642,0.06430267695314917,0.03455642191513819,0,0,0
1315916816,size_scaled,176.44491351792476,0.07293543127636459,0.1427056931451287,0,0,0
2021137691,size_scaled,-59.175368815894444,0.11085093348102637,0.054746146091389836,1,0,0
