n,cell,kappa,rho_mean,rho_std,n_obs
4,cost_k1,1.0,1.0,0.0,40
4,cost_k2,2.6,0.8300000000000001,0.28840854214028955,40
4,cost_k5,8.666666666666666,0.665,0.30174704978057704,40
4,cost_k10,20.5,0.575,0.4301162633521313,40
6,cost_k1,1.0,1.0,0.0,40
6,cost_k2,2.6,0.9185714285714285,0.09139880467817202,40
6,cost_k5,8.666666666666666,0.7357142857142857,0.2288231214966038,40
6,cost_k10,20.5,0.6414285714285715,0.2431220274906767,40
8,cost_k1,1.0,1.0,0.0,40
8,cost_k2,3.0,0.8946428571428571,0.09243234286776313,40
8,cost_k5,8.666666666666666,0.7928571428571429,0.14826947180573133,40
8,cost_k10,20.5,0.719047619047619,0.2073704418314175,40
