seed,r,p,n_cells
11781971,-0.8737373126579696,0.00020369160350677316,5
29831653,-0.9277220240466626,1.374776325179869e-05,5
68379131,-0.8626373626373627,0.0003044283288521811,5
74559074,-0.686053655446593,0.013762651730445555,5
111946645,-0.7842791899305255,0.002528329353665635,5
160225277,-0.7989044428896029,0.0018275670245812732,5
290597701,-0.8893288126159539,0.00010828946857873833,5
431898055,-0.616956213422304,0.03259717627591661,5
449600965,-0.7463553356453526,0.0053014643878275996,5
512158251,-0.9361376214818238,7.5107027395775204e-06,5
524428934,-0.7385752744334086,0.006078082497472786,5
561139128,-0.7161172161172161,0.00880282252440434,5
624071524,-0.5722553542573372,0.0518528586352571,5
760688095,-0.8658223396244811,0.00027225331045972463,5
785044027,-0.857490131224247,0.00036260421492666445,5
907805060,-0.8996410280517332,6.760353563150529e-05,5
1032512586,-0.9562984309111935,1.1663733718998398e-06,5
1070198471,-0.5624626133034901,0.05694883441663292,5
1090068899,-0.8698707777986493,0.0002352506360985665,5
1120081616,-0.6775762600193769,0.015473757241677735,5
1167949613,-0.6471674434391749,0.02291501425595994,5
1230595766,-0.8305835788984441,0.0008209009810046599,5
1250709180,-0.6983558287959458,0.011533540116910093,5
1261705288,-0.34395336646690683,0.2736360768984647,5
1296834490,-0.866266780688141,0.0002679831306042834,5
1334790277,-0.8216521825411122,0.0010445604488140171,5
1357596606,-0.6593406593406592,0.019678782856896285,5
1378282418,-0.616956213422304,0.03259717627591661,5
1471202092,-0.5952221243278657,0.04117112082108412,5
1550230399,-0.6666666666666667,0.017900123202763782,5
1638558122,-0.8318112620475272,0.0007933172742990798,5
1686691975,-0.724771862254814,0.007662814407095516,5
1691681045,-0.7018367430353394,0.010954602510634568,5
1719132093,-0.5952221243278657,0.04117112082108412,5
1781396488,-0.49952724903399665,0.0982231888483424,5
1990343060,-0.6544833558854433,0.02092713477531704,5
2020899423,-0.5603162181831993,0.0581107466549274,5
2080186366,-0.5797443935994668,0.04817801048942714,5
2083643190,-0.6764179493573297,0.01571916145347369,5
2107051199,-0.4535937088929395,0.13858797750679247,5
