seed,n,r,p_naive,n_cells,kappa_min,kappa_max,rho_at_min_kappa,rho_at_max_kappa
11781971,4,-0.9486832980505139,0.05131670194948612,4,1.0,20.5,1.0,0.4
11781971,6,-1.0,0.0,4,1.0,20.5,1.0,0.4857142857142857
11781971,8,-1.0,0.0,4,1.0,20.5,1.0,0.7380952380952381
29831653,4,-0.9486832980505139,0.05131670194948612,4,1.0,20.5,1.0,0.4
29831653,6,-0.9486832980505139,0.05131670194948612,4,1.0,20.5,1.0,0.4857142857142857
29831653,8,-1.0,0.0,4,1.0,20.5,1.0,0.5714285714285714
68379131,4,-0.8944271909999159,0.10557280900008414,4,1.0,20.5,1.0,0.6
68379131,6,-0.9486832980505139,0.05131670194948612,4,1.0,20.5,1.0,0.7142857142857143
68379131,8,-0.9486832980505139,0.05131670194948612,4,1.0,20.5,1.0,0.9047619047619048
74559074,4,-0.7745966692414834,0.22540333075851657,4,1.0,20.5,1.0,0.8
74559074,6,-0.7999999999999999,0.20000000000000007,4,1.0,20.5,1.0,-0.0285714285714284
74559074,8,-1.0,0.0,4,1.0,20.5,1.0,0.7619047619047619
111946645,4,-0.9486832980505139,0.05131670194948612,4,1.0,20.5,1.0,0.4
111946645,6,-0.9486832980505139,0.05131670194948612,4,1.0,20.5,1.0,0.8285714285714285
111946645,8,-0.9486832980505139,0.05131670194948612,4,1.0,20.5,1.0,0.5952380952380952
160225277,4,-0.9486832980505139,0.05131670194948612,4,1.0,20.5,1.0,0.4
160225277,6,-0.8944271909999159,0.10557280900008414,4,1.0,20.5,1.0,0.7714285714285715
160225277,8,-1.0,0.0,4,1.0,20.5,1.0,0.8333333333333334
290597701,4,-0.7745966692414834,0.22540333075851657,4,1.0,20.5,1.0,0.8
290597701,6,-1.0,0.0,4,1.0,20.5,1.0,0.1428571428571429
290597701,8,-1.0,0.0,4,1.0,20.5,1.0,0.5476190476190477
431898055,4,,,4,1.0,20.5,1.0,1.0
431898055,6,-1.0,0.0,4,1.0,20.5,1.0,0.2571428571428571
431898055,8,-1.0,0.0,4,1.0,20.5,1.0,0.4761904761904761
449600965,4,-1.0,0.0,4,1.0,20.5,1.0,-0.6000000000000001
449600965,6,-0.9486832980505139,0.05131670194948612,4,1.0,20.5,1.0,0.8285714285714285
449600965,8,-0.9486832980505139,0.05131670194948612,4,1.0,20.5,1.0,0.8571428571428572
512158251,4,-0.8944271909999159,0.10557280900008414,4,1.0,20.5,1.0,0.8
512158251,6,-1.0,0.0,4,1.0,20.5,1.0,0.6571428571428571
512158251,8,-1.0,0.0,4,1.0,20.5,1.0,0.6666666666666667
524428934,4,-0.7745966692414834,0.22540333075851657,4,1.0,20.5,1.0,0.8
524428934,6,-0.7745966692414834,0.22540333075851657,4,1.0,20.5,1.0,0.8857142857142857
524428934,8,-1.0,0.0,4,1.0,20.5,1.0,0.7142857142857143
561139128,4,-0.8944271909999159,0.10557280900008414,4,1.0,20.5,1.0,0.8
561139128,6,-0.9486832980505139,0.05131670194948612,4,1.0,20.5,1.0,0.3714285714285714
561139128,8,-0.9486832980505139,0.05131670194948612,4,1.0,20.5,1.0,0.9047619047619048
624071524,4,,,4,1.0,20.5,1.0,1.0
624071524,6,-1.0,0.0,4,1.0,20.5,1.0,0.4857142857142857
624071524,8,-0.9486832980505139,0.05131670194948612,4,1.0,20.5,1.0,0.7380952380952381
760688095,4,-0.8944271909999159,0.10557280900008414,4,1.0,20.5,1.0,0.8
760688095,6,-0.8944271909999159,0.10557280900008414,4,1.0,20.5,1.0,0.8285714285714285
760688095,8,-0.9486832980505139,0.05131670194948612,4,1.0,20.5,1.0,0.9047619047619048
785044027,4,-1.0,0.0,4,1.0,20.5,1.0,-0.8
785044027,6,-0.9486832980505139,0.05131670194948612,4,1.0,20.5,1.0,0.7714285714285715
785044027,8,-1.0,0.0,4,1.0,20.5,1.0,0.7619047619047619
907805060,4,-0.9486832980505139,0.05131670194948612,4,1.0,20.5,1.0,0.4
907805060,6,-0.9486832980505139,0.05131670194948612,4,1.0,20.5,1.0,0.6
907805060,8,-1.0,0.0,4,1.0,20.5,1.0,0.7857142857142857
1032512586,4,-0.9486832980505139,0.05131670194948612,4,1.0,20.5,1.0,0.1999999999999999
1032512586,6,-1.0,0.0,4,1.0,20.5,1.0,0.6
1032512586,8,-1.0,0.0,4,1.0,20.5,1.0,0.5476190476190477
1070198471,4,-0.2581988897471611,0.7418011102528389,4,1.0,20.5,1.0,1.0
1070198471,6,-0.9486832980505139,0.05131670194948612,4,1.0,20.5,1.0,0.4285714285714286
1070198471,8,-0.9486832980505139,0.05131670194948612,4,1.0,20.5,1.0,0.9047619047619048
1090068899,4,-0.9486832980505139,0.05131670194948612,4,1.0,20.5,1.0,0.4
1090068899,6,-0.9486832980505139,0.05131670194948612,4,1.0,20.5,1.0,0.7714285714285715
1090068899,8,-1.0,0.0,4,1.0,20.5,1.0,0.3809523809523809
1120081616,4,-0.632455532033676,0.367544467966324,4,1.0,20.5,1.0,0.8
1120081616,6,-0.9486832980505139,0.05131670194948612,4,1.0,20.5,1.0,0.8285714285714285
1120081616,8,-0.9486832980505139,0.05131670194948612,4,1.0,20.5,1.0,0.4523809523809523
1167949613,4,-0.7745966692414834,0.22540333075851657,4,1.0,20.5,1.0,0.4
1167949613,6,-0.7745966692414834,0.22540333075851657,4,1.0,20.5,1.0,0.7142857142857143
1167949613,8,-0.7999999999999999,0.20000000000000007,4,1.0,20.5,1.0,0.6428571428571428
1230595766,4,-0.8944271909999159,0.10557280900008414,4,1.0,20.5,1.0,0.8
1230595766,6,-0.7745966692414834,0.22540333075851657,4,1.0,20.5,1.0,0.9428571428571428
1230595766,8,-0.9486832980505139,0.05131670194948612,4,1.0,20.5,1.0,0.9285714285714286
1250709180,4,-0.9486832980505139,0.05131670194948612,4,1.0,20.5,1.0,0.4
1250709180,6,-0.9486832980505139,0.05131670194948612,4,1.0,20.5,1.0,0.5428571428571429
1250709180,8,-0.9486832980505139,0.05131670194948612,4,1.0,20.5,1.0,0.9523809523809524
1261705288,4,,,4,1.0,20.5,1.0,1.0
1261705288,6,,,4,1.0,20.5,1.0,1.0
1261705288,8,-0.9486832980505139,0.05131670194948612,4,1.0,20.5,1.0,0.7857142857142857
1296834490,4,-0.8944271909999159,0.10557280900008414,4,1.0,20.5,1.0,0.6
1296834490,6,-0.9486832980505139,0.05131670194948612,4,1.0,20.5,1.0,0.6571428571428571
1296834490,8,-1.0,0.0,4,1.0,20.5,1.0,0.3333333333333333
1334790277,4,-0.7745966692414834,0.22540333075851657,4,1.0,20.5,1.0,0.8
1334790277,6,-1.0,0.0,4,1.0,20.5,1.0,0.4285714285714286
1334790277,8,-0.9486832980505139,0.05131670194948612,4,1.0,20.5,1.0,0.9285714285714286
1357596606,4,-0.7745966692414834,0.22540333075851657,4,1.0,20.5,1.0,0.4
1357596606,6,-0.7745966692414834,0.22540333075851657,4,1.0,20.5,1.0,0.8285714285714285
1357596606,8,-0.9486832980505139,0.05131670194948612,4,1.0,20.5,1.0,0.7857142857142857
1378282418,4,,,4,1.0,20.5,1.0,1.0
1378282418,6,-1.0,0.0,4,1.0,20.5,1.0,0.3714285714285714
1378282418,8,-1.0,0.0,4,1.0,20.5,1.0,0.4761904761904761
1471202092,4,,,4,1.0,20.5,1.0,1.0
1471202092,6,-0.9486832980505139,0.05131670194948612,4,1.0,20.5,1.0,0.8857142857142857
1471202092,8,-1.0,0.0,4,1.0,20.5,1.0,0.8571428571428572
1550230399,4,-0.9486832980505139,0.05131670194948612,4,1.0,20.5,1.0,0.0
1550230399,6,-0.8944271909999159,0.10557280900008414,4,1.0,20.5,1.0,0.9428571428571428
1550230399,8,-0.9486832980505139,0.05131670194948612,4,1.0,20.5,1.0,0.7380952380952381
1638558122,4,-0.8944271909999159,0.10557280900008414,4,1.0,20.5,1.0,0.1999999999999999
1638558122,6,-1.0,0.0,4,1.0,20.5,1.0,0.7714285714285715
1638558122,8,-0.316227766016838,0.683772233983162,4,1.0,20.5,1.0,0.9285714285714286
1686691975,4,-0.7745966692414834,0.22540333075851657,4,1.0,20.5,1.0,0.8
1686691975,6,-0.9486832980505139,0.05131670194948612,4,1.0,20.5,1.0,0.8857142857142857
1686691975,8,-1.0,0.0,4,1.0,20.5,1.0,0.8571428571428572
1691681045,4,-0.7745966692414834,0.22540333075851657,4,1.0,20.5,1.0,0.8
1691681045,6,-1.0,0.0,4,1.0,20.5,1.0,0.4857142857142857
1691681045,8,-0.9486832980505139,0.05131670194948612,4,1.0,20.5,1.0,0.8333333333333334
1719132093,4,-0.9486832980505139,0.05131670194948612,4,1.0,20.5,1.0,0.4
1719132093,6,,,4,1.0,20.5,1.0,1.0
1719132093,8,-1.0,0.0,4,1.0,20.5,1.0,0.0476190476190476
1781396488,4,,,4,1.0,20.5,1.0,1.0
1781396488,6,-1.0,0.0,4,1.0,20.5,1.0,0.7714285714285715
1781396488,8,-0.9486832980505139,0.05131670194948612,4,1.0,20.5,1.0,0.9523809523809524
1990343060,4,,,4,1.0,20.5,1.0,1.0
1990343060,6,-0.9486832980505139,0.05131670194948612,4,1.0,20.5,1.0,0.6
1990343060,8,-1.0,0.0,4,1.0,20.5,1.0,0.5238095238095238
2020899423,4,,,4,1.0,20.5,1.0,1.0
2020899423,6,-1.0,0.0,4,1.0,20.5,1.0,0.3714285714285714
2020899423,8,-0.7745966692414834,0.22540333075851657,4,1.0,20.5,1.0,0.8571428571428572
2080186366,4,-0.316227766016838,0.683772233983162,4,1.0,20.5,1.0,0.0
2080186366,6,-0.9486832980505139,0.05131670194948612,4,1.0,20.5,1.0,0.4285714285714286
2080186366,8,-0.9486832980505139,0.05131670194948612,4,1.0,20.5,1.0,0.8571428571428572
2083643190,4,-0.9486832980505139,0.05131670194948612,4,1.0,20.5,1.0,0.0
2083643190,6,-0.7999999999999999,0.20000000000000007,4,1.0,20.5,1.0,0.4285714285714286
2083643190,8,-0.8944271909999159,0.10557280900008414,4,1.0,20.5,1.0,0.9523809523809524
2107051199,4,0.2581988897471611,0.7418011102528389,4,1.0,20.5,1.0,1.0
2107051199,6,-0.8944271909999159,0.10557280900008414,4,1.0,20.5,1.0,0.8857142857142857
2107051199,8,-1.0,0.0,4,1.0,20.5,1.0,0.4761904761904761
