schedule,kappa_eff,seed,spearman_rho,displacement,rank_reversal,v_op_N,v_acc_N,eff_gap_op,eff_gap_acc
kappa_1,1.0,737920414,1.0,0.0,0.0,0.13322282956258058,0.13322282956258058,0.0,0.0
kappa_1,1.0,347795941,1.0,0.0,0.0,-0.0005698650304355457,-0.0005698650304355457,8.673617379884035e-19,8.673617379884035e-19
kappa_1,1.0,1237264847,1.0,0.0,0.0,0.2252205358163739,0.2252205358163739,0.0,0.0
kappa_1,1.0,1381950912,1.0,0.0,0.0,0.24847696960919508,0.24847696960919508,0.0,0.0
kappa_1,1.0,522391825,1.0,0.0,0.0,0.15781072755114356,0.15781072755114356,2.7755575615628914e-17,2.7755575615628914e-17
kappa_1,1.0,1947842845,1.0,0.0,0.0,0.12893932790148277,0.12893932790148277,0.0,0.0
kappa_1,1.0,1100027996,1.0,0.0,0.0,0.22266209638827883,0.22266209638827883,0.0,0.0
kappa_1,1.0,1824186758,1.0,0.0,0.0,-0.016325775693856848,-0.016325775693856848,3.469446951953614e-18,3.469446951953614e-18
kappa_1,1.0,779812376,1.0,0.0,0.0,0.16637119875717155,0.16637119875717155,0.0,0.0
kappa_1,1.0,1071592025,1.0,0.0,0.0,0.08281762723911434,0.08281762723911434,1.3877787807814457e-17,1.3877787807814457e-17
kappa_1,1.0,940982480,1.0,0.0,0.0,-0.005693116060413339,-0.005693116060413339,8.673617379884035e-19,8.673617379884035e-19
kappa_1,1.0,2112564304,1.0,0.0,0.0,0.11991147652059009,0.11991147652059009,0.0,0.0
kappa_1,1.0,628345251,1.0,0.0,0.0,0.04324100237936357,0.04324100237936357,6.938893903907228e-18,6.938893903907228e-18
kappa_1,1.0,1535084896,1.0,0.0,0.0,0.062360793569181006,0.062360793569181006,6.938893903907228e-18,6.938893903907228e-18
kappa_1,1.0,1695629020,1.0,0.0,0.0,0.004142733566940171,0.004142733566940171,0.0,0.0
kappa_1,1.0,1325493252,1.0,0.0,0.0,-0.00417454038478926,-0.00417454038478926,1.734723475976807e-18,1.734723475976807e-18
kappa_1,1.0,735937165,1.0,0.0,0.0,0.07383360444610398,0.07383360444610398,0.0,0.0
kappa_1,1.0,741817580,1.0,0.0,0.0,0.0382221653086372,0.0382221653086372,6.938893903907228e-18,6.938893903907228e-18
kappa_1,1.0,1575893166,1.0,0.0,0.0,0.09607549646629154,0.09607549646629154,0.0,0.0
kappa_1,1.0,881711363,1.0,0.0,0.0,0.06277843047778175,0.06277843047778175,0.0,0.0
kappa_1,1.0,1982730171,1.0,0.0,0.0,-0.0016450467331983187,-0.0016450467331983187,4.336808689942018e-19,4.336808689942018e-19
kappa_1,1.0,1278098936,1.0,0.0,0.0,0.07253319028745486,0.07253319028745486,0.0,0.0
kappa_1,1.0,753834371,1.0,0.0,0.0,0.04212697614583316,0.04212697614583316,0.0,0.0
kappa_1,1.0,678482870,1.0,0.0,0.0,0.1149441396491433,0.1149441396491433,1.3877787807814457e-17,1.3877787807814457e-17
kappa_1,1.0,557372266,1.0,0.0,0.0,0.023134137976497993,0.023134137976497993,3.469446951953614e-18,3.469446951953614e-18
kappa_1,1.0,2121910897,1.0,0.0,0.0,0.012046034863566368,0.012046034863566368,1.734723475976807e-18,1.734723475976807e-18
kappa_1,1.0,375192008,1.0,0.0,0.0,0.1298324204548883,0.1298324204548883,0.0,0.0
kappa_1,1.0,154837409,1.0,0.0,0.0,0.04746422934736949,0.04746422934736949,0.0,0.0
kappa_1,1.0,1315916816,1.0,0.0,0.0,0.06709759857142239,0.06709759857142239,0.0,0.0
kappa_1,1.0,2021137691,1.0,0.0,0.0,0.1014897821738383,0.1014897821738383,0.0,0.0
kappa_2,2.0,737920414,1.0,0.0,0.0,0.2533330641200223,0.13322282956258058,0.0,0.0
kappa_2,2.0,347795941,0.8,0.16666666666666666,1.0,-0.02427196711696389,-0.0005698650304355457,3.469446951953614e-18,8.673617379884035e-19
kappa_2,2.0,1237264847,1.0,0.0,0.0,0.3427757935355519,0.2252205358163739,0.0,0.0
kappa_2,2.0,1381950912,0.6,0.3333333333333333,1.0,0.3504266988739403,0.24847696960919508,0.0,0.0
kappa_2,2.0,522391825,1.0,0.0,0.0,0.23204889194499,0.15781072755114356,0.0,2.7755575615628914e-17
kappa_2,2.0,1947842845,1.0,0.0,0.0,0.21041528303430723,0.12893932790148277,2.7755575615628914e-17,0.0
kappa_2,2.0,1100027996,1.0,0.0,0.0,0.27073507073571246,0.22266209638827883,0.0,0.0
kappa_2,2.0,1824186758,1.0,0.0,0.0,-0.08046086038774847,-0.016325775693856848,0.0,3.469446951953614e-18
kappa_2,2.0,779812376,1.0,0.0,0.0,0.18498675172886225,0.16637119875717155,0.0,0.0
kappa_2,2.0,1071592025,0.4,0.3333333333333333,0.0,0.05313569415066688,0.08281762723911434,6.938893903907228e-18,1.3877787807814457e-17
kappa_2,2.0,940982480,1.0,0.0,0.0,0.005048833817007603,-0.005693116060413339,3.469446951953614e-18,8.673617379884035e-19
kappa_2,2.0,2112564304,1.0,0.0,0.0,0.17004883057653847,0.11991147652059009,0.0,0.0
kappa_2,2.0,628345251,1.0,0.0,0.0,0.06560741946571091,0.04324100237936357,0.0,6.938893903907228e-18
kappa_2,2.0,1535084896,1.0,0.0,0.0,0.11510425565409721,0.062360793569181006,0.0,6.938893903907228e-18
kappa_2,2.0,1695629020,1.0,0.0,0.0,0.033315599966051324,0.004142733566940171,0.0,0.0
kappa_2,2.0,1325493252,0.8,0.16666666666666666,0.0,-0.010156394331836904,-0.00417454038478926,0.0,1.734723475976807e-18
kappa_2,2.0,735937165,0.4,0.3333333333333333,1.0,0.11132073432151995,0.07383360444610398,0.0,0.0
kappa_2,2.0,741817580,1.0,0.0,0.0,0.03903994736499483,0.0382221653086372,0.0,6.938893903907228e-18
kappa_2,2.0,1575893166,1.0,0.0,0.0,0.13846435471062446,0.09607549646629154,2.7755575615628914e-17,0.0
kappa_2,2.0,881711363,0.8,0.16666666666666666,1.0,0.10315000054023082,0.06277843047778175,0.0,0.0
kappa_2,2.0,1982730171,0.8,0.16666666666666666,0.0,-0.006508447505714665,-0.0016450467331983187,3.469446951953614e-18,4.336808689942018e-19
kappa_2,2.0,1278098936,1.0,0.0,0.0,0.06894455368937347,0.07253319028745486,0.0,0.0
kappa_2,2.0,753834371,1.0,0.0,0.0,0.11874271458510832,0.04212697614583316,0.0,0.0
kappa_2,2.0,678482870,1.0,0.0,0.0,0.10096331067574571,0.1149441396491433,0.0,1.3877787807814457e-17
kappa_2,2.0,557372266,1.0,0.0,0.0,0.031737831163173635,0.023134137976497993,0.0,3.469446951953614e-18
kappa_2,2.0,2121910897,1.0,0.0,0.0,-0.004456089592535184,0.012046034863566368,0.0,1.734723475976807e-18
kappa_2,2.0,375192008,1.0,0.0,0.0,0.18166288105039485,0.1298324204548883,2.7755575615628914e-17,0.0
kappa_2,2.0,154837409,1.0,0.0,0.0,0.07811549022356457,0.04746422934736949,0.0,0.0
kappa_2,2.0,1315916816,0.8,0.16666666666666666,0.0,0.08648314237435484,0.06709759857142239,0.0,0.0
kappa_2,2.0,2021137691,1.0,0.0,0.0,0.12550498907485996,0.1014897821738383,0.0,0.0
kappa_5,5.0,737920414,1.0,0.0,0.0,0.6133790345584776,0.13322282956258058,0.0,0.0
kappa_5,5.0,347795941,0.4,0.3333333333333333,1.0,-0.07465747603940087,-0.0005698650304355457,1.3877787807814457e-17,8.673617379884035e-19
kappa_5,5.0,1237264847,1.0,0.0,0.0,0.7026127017656973,0.2252205358163739,0.0,0.0
kappa_5,5.0,1381950912,0.6,0.3333333333333333,1.0,0.687521942551442,0.24847696960919508,0.0,0.0
kappa_5,5.0,522391825,1.0,0.0,0.0,0.46662643739427845,0.15781072755114356,0.0,2.7755575615628914e-17
kappa_5,5.0,1947842845,1.0,0.0,0.0,0.4678783143462425,0.12893932790148277,5.551115123125783e-17,0.0
kappa_5,5.0,1100027996,1.0,0.0,0.0,0.4793261790105353,0.22266209638827883,0.0,0.0
kappa_5,5.0,1824186758,0.8,0.16666666666666666,0.0,-0.26015688530197434,-0.016325775693856848,0.0,3.469446951953614e-18
kappa_5,5.0,779812376,0.19999999999999996,0.3333333333333333,1.0,0.25812080488871436,0.16637119875717155,0.0,0.0
kappa_5,5.0,1071592025,0.4,0.3333333333333333,0.0,-0.01644649553654598,0.08281762723911434,0.0,1.3877787807814457e-17
kappa_5,5.0,940982480,1.0,0.0,0.0,0.03464804888900047,-0.005693116060413339,6.938893903907228e-18,8.673617379884035e-19
kappa_5,5.0,2112564304,0.8,0.16666666666666666,1.0,0.33868645227667216,0.11991147652059009,0.0,0.0
kappa_5,5.0,628345251,0.8,0.16666666666666666,0.0,0.1294013360733106,0.04324100237936357,0.0,6.938893903907228e-18
kappa_5,5.0,1535084896,1.0,0.0,0.0,0.28555428345262035,0.062360793569181006,0.0,6.938893903907228e-18
kappa_5,5.0,1695629020,1.0,0.0,0.0,0.1302023798461578,0.004142733566940171,0.0,0.0
kappa_5,5.0,1325493252,0.8,0.16666666666666666,0.0,-0.0366880141171273,-0.00417454038478926,0.0,1.734723475976807e-18
kappa_5,5.0,735937165,0.19999999999999996,0.3333333333333333,1.0,0.23113665838492314,0.07383360444610398,0.0,0.0
kappa_5,5.0,741817580,0.8,0.16666666666666666,1.0,0.04023327079855099,0.0382221653086372,6.938893903907228e-18,6.938893903907228e-18
kappa_5,5.0,1575893166,1.0,0.0,0.0,0.29038733243120407,0.09607549646629154,0.0,0.0
kappa_5,5.0,881711363,0.6,0.3333333333333333,1.0,0.2482774990656249,0.06277843047778175,2.7755575615628914e-17,0.0
kappa_5,5.0,1982730171,0.4,0.3333333333333333,0.0,-0.019306400197636298,-0.0016450467331983187,3.469446951953614e-18,4.336808689942018e-19
kappa_5,5.0,1278098936,1.0,0.0,0.0,0.07028222479689161,0.07253319028745486,1.3877787807814457e-17,0.0
kappa_5,5.0,753834371,0.8,0.16666666666666666,0.0,0.3336733926637568,0.04212697614583316,0.0,0.0
kappa_5,5.0,678482870,1.0,0.0,0.0,0.09630903946184155,0.1149441396491433,0.0,1.3877787807814457e-17
kappa_5,5.0,557372266,1.0,0.0,0.0,0.06663311698342489,0.023134137976497993,0.0,3.469446951953614e-18
kappa_5,5.0,2121910897,1.0,0.0,0.0,-0.04332140854703237,0.012046034863566368,0.0,1.734723475976807e-18
kappa_5,5.0,375192008,0.8,0.16666666666666666,1.0,0.35398125326620605,0.1298324204548883,5.551115123125783e-17,0.0
kappa_5,5.0,154837409,0.19999999999999996,0.3333333333333333,0.0,0.15873078501447546,0.04746422934736949,0.0,0.0
kappa_5,5.0,1315916816,0.4,0.3333333333333333,0.0,0.15980417011932768,0.06709759857142239,2.7755575615628914e-17,0.0
kappa_5,5.0,2021137691,0.4,0.3333333333333333,0.0,0.20948472017052788,0.1014897821738383,0.0,0.0
kappa_10,10.0,737920414,1.0,0.0,0.0,1.1824608121424394,0.13322282956258058,0.0,0.0
kappa_10,10.0,347795941,0.4,0.3333333333333333,1.0,-0.16802640211659092,-0.0005698650304355457,2.7755575615628914e-17,8.673617379884035e-19
kappa_10,10.0,1237264847,1.0,0.0,0.0,1.1978312859893665,0.2252205358163739,0.0,0.0
kappa_10,10.0,1381950912,0.6,0.3333333333333333,1.0,1.2158188135387578,0.24847696960919508,0.0,0.0
kappa_10,10.0,522391825,1.0,0.0,0.0,0.8119156627321986,0.15781072755114356,0.0,2.7755575615628914e-17
kappa_10,10.0,1947842845,1.0,0.0,0.0,0.8815796717477504,0.12893932790148277,0.0,0.0
kappa_10,10.0,1100027996,-0.3999999999999999,0.5,1.0,0.7586015445958947,0.22266209638827883,0.0,0.0
kappa_10,10.0,1824186758,0.8,0.16666666666666666,0.0,-0.5584057676038605,-0.016325775693856848,0.0,3.469446951953614e-18
kappa_10,10.0,779812376,-0.3999999999999999,0.5,1.0,0.3670061413418876,0.16637119875717155,0.0,0.0
kappa_10,10.0,1071592025,0.0,0.5,1.0,-0.14843489698615508,0.08281762723911434,0.0,1.3877787807814457e-17
kappa_10,10.0,940982480,1.0,0.0,0.0,0.09778637842982207,-0.005693116060413339,1.3877787807814457e-17,8.673617379884035e-19
kappa_10,10.0,2112564304,0.6,0.3333333333333333,1.0,0.5847522972333364,0.11991147652059009,0.0,0.0
kappa_10,10.0,628345251,1.0,0.0,0.0,0.2280467996670673,0.04324100237936357,0.0,6.938893903907228e-18
kappa_10,10.0,1535084896,1.0,0.0,0.0,0.5612840037272113,0.062360793569181006,0.0,6.938893903907228e-18
kappa_10,10.0,1695629020,1.0,0.0,0.0,0.2795765123136156,0.004142733566940171,0.0,0.0
kappa_10,10.0,1325493252,-0.3999999999999999,0.5,1.0,-0.04957712062641084,-0.00417454038478926,0.0,1.734723475976807e-18
kappa_10,10.0,735937165,0.19999999999999996,0.3333333333333333,1.0,0.41250899490745996,0.07383360444610398,0.0,0.0
kappa_10,10.0,741817580,0.8,0.16666666666666666,1.0,0.03433396251029541,0.0382221653086372,0.0,6.938893903907228e-18
kappa_10,10.0,1575893166,1.0,0.0,0.0,0.5247984366584939,0.09607549646629154,0.0,0.0
kappa_10,10.0,881711363,0.6,0.3333333333333333,1.0,0.4622642551802958,0.06277843047778175,5.551115123125783e-17,0.0
kappa_10,10.0,1982730171,0.4,0.3333333333333333,0.0,-0.0338522771972245,-0.0016450467331983187,0.0,4.336808689942018e-19
kappa_10,10.0,1278098936,1.0,0.0,0.0,0.00985306392473606,0.07253319028745486,3.642919299551295e-17,0.0
kappa_10,10.0,753834371,0.8,0.16666666666666666,0.0,0.6798894758486482,0.04212697614583316,0.0,0.0
kappa_10,10.0,678482870,1.0,0.0,0.0,0.05363735460949126,0.1149441396491433,6.938893903907228e-18,1.3877787807814457e-17
kappa_10,10.0,557372266,1.0,0.0,0.0,0.1275826641730642,0.023134137976497993,0.0,3.469446951953614e-18
kappa_10,10.0,2121910897,1.0,0.0,0.0,-0.11260554564153291,0.012046034863566368,0.0,1.734723475976807e-18
kappa_10,10.0,375192008,0.6,0.3333333333333333,1.0,0.638081495682971,0.1298324204548883,1.1102230246251565e-16,0.0
kappa_10,10.0,154837409,0.19999999999999996,0.3333333333333333,0.0,0.2852983862674954,0.04746422934736949,0.0,0.0
kappa_10,10.0,1315916816,0.4,0.3333333333333333,0.0,0.27795375317245186,0.06709759857142239,0.0,0.0
kappa_10,10.0,2021137691,0.4,0.3333333333333333,0.0,0.3127247020317627,0.1014897821738383,0.0,0.0
