n_firms,cell,kappa_eff,seed,spearman_rho,displacement,top1_disagreement,pairwise_disagreement
4,cost_k1,1.0,1686691975,1.0,0.0,0.0,0.0
4,cost_k1,1.0,1357596606,1.0,0.0,0.0,0.0
4,cost_k1,1.0,1781396488,1.0,0.0,0.0,0.0
4,cost_k1,1.0,1250709180,1.0,0.0,0.0,0.0
4,cost_k1,1.0,1691681045,1.0,0.0,0.0,0.0
4,cost_k1,1.0,760688095,1.0,0.0,0.0,0.0
4,cost_k1,1.0,2020899423,1.0,0.0,0.0,0.0
4,cost_k1,1.0,624071524,1.0,0.0,0.0,0.0
4,cost_k1,1.0,68379131,1.0,0.0,0.0,0.0
4,cost_k1,1.0,290597701,1.0,0.0,0.0,0.0
4,cost_k1,1.0,785044027,1.0,0.0,0.0,0.0
4,cost_k1,1.0,11781971,1.0,0.0,0.0,0.0
4,cost_k1,1.0,1167949613,1.0,0.0,0.0,0.0
4,cost_k1,1.0,431898055,1.0,0.0,0.0,0.0
4,cost_k1,1.0,1719132093,1.0,0.0,0.0,0.0
4,cost_k1,1.0,907805060,1.0,0.0,0.0,0.0
4,cost_k1,1.0,1230595766,1.0,0.0,0.0,0.0
4,cost_k1,1.0,111946645,1.0,0.0,0.0,0.0
4,cost_k1,1.0,1550230399,1.0,0.0,0.0,0.0
4,cost_k1,1.0,2080186366,1.0,0.0,0.0,0.0
4,cost_k1,1.0,1638558122,1.0,0.0,0.0,0.0
4,cost_k1,1.0,1334790277,1.0,0.0,0.0,0.0
4,cost_k1,1.0,2083643190,1.0,0.0,0.0,0.0
4,cost_k1,1.0,1990343060,1.0,0.0,0.0,0.0
4,cost_k1,1.0,1032512586,1.0,0.0,0.0,0.0
4,cost_k1,1.0,524428934,1.0,0.0,0.0,0.0
4,cost_k1,1.0,160225277,1.0,0.0,0.0,0.0
4,cost_k1,1.0,1070198471,1.0,0.0,0.0,0.0
4,cost_k1,1.0,512158251,1.0,0.0,0.0,0.0
4,cost_k1,1.0,1120081616,1.0,0.0,0.0,0.0
4,cost_k1,1.0,2107051199,1.0,0.0,0.0,0.0
4,cost_k1,1.0,1090068899,1.0,0.0,0.0,0.0
4,cost_k1,1.0,449600965,1.0,0.0,0.0,0.0
4,cost_k1,1.0,1471202092,1.0,0.0,0.0,0.0
4,cost_k1,1.0,1261705288,1.0,0.0,0.0,0.0
4,cost_k1,1.0,1378282418,1.0,0.0,0.0,0.0
4,cost_k1,1.0,1296834490,1.0,0.0,0.0,0.0
4,cost_k1,1.0,74559074,1.0,0.0,0.0,0.0
4,cost_k1,1.0,561139128,1.0,0.0,0.0,0.0
4,cost_k1,1.0,29831653,1.0,0.0,0.0,0.0
4,cost_k2,2.6,1686691975,0.8,0.16666666666666666,1.0,1.0
4,cost_k2,2.6,1357596606,0.4,0.3333333333333333,0.0,1.0
4,cost_k2,2.6,1781396488,1.0,0.0,0.0,0.0
4,cost_k2,2.6,1250709180,0.8,0.16666666666666666,0.0,1.0
4,cost_k2,2.6,1691681045,0.8,0.16666666666666666,0.0,1.0
4,cost_k2,2.6,760688095,1.0,0.0,0.0,0.0
4,cost_k2,2.6,2020899423,1.0,0.0,0.0,0.0
4,cost_k2,2.6,624071524,1.0,0.0,0.0,0.0
4,cost_k2,2.6,68379131,1.0,0.0,0.0,0.0
4,cost_k2,2.6,290597701,0.8,0.16666666666666666,0.0,1.0
4,cost_k2,2.6,785044027,0.8,0.16666666666666666,1.0,1.0
4,cost_k2,2.6,11781971,0.8,0.16666666666666666,1.0,1.0
4,cost_k2,2.6,1167949613,0.4,0.3333333333333333,1.0,1.0
4,cost_k2,2.6,431898055,1.0,0.0,0.0,0.0
4,cost_k2,2.6,1719132093,0.8,0.16666666666666666,0.0,1.0
4,cost_k2,2.6,907805060,1.0,0.0,0.0,0.0
4,cost_k2,2.6,1230595766,1.0,0.0,0.0,0.0
4,cost_k2,2.6,111946645,0.8,0.16666666666666666,0.0,1.0
4,cost_k2,2.6,1550230399,0.6,0.3333333333333333,1.0,1.0
4,cost_k2,2.6,2080186366,-0.6000000000000001,0.6666666666666666,1.0,1.0
4,cost_k2,2.6,1638558122,1.0,0.0,0.0,0.0
4,cost_k2,2.6,1334790277,1.0,0.0,0.0,0.0
4,cost_k2,2.6,2083643190,0.8,0.16666666666666666,1.0,1.0
4,cost_k2,2.6,1990343060,1.0,0.0,0.0,0.0
4,cost_k2,2.6,1032512586,1.0,0.0,0.0,0.0
4,cost_k2,2.6,524428934,0.8,0.16666666666666666,0.0,1.0
4,cost_k2,2.6,160225277,0.8,0.16666666666666666,0.0,1.0
4,cost_k2,2.6,1070198471,1.0,0.0,0.0,0.0
4,cost_k2,2.6,512158251,1.0,0.0,0.0,0.0
4,cost_k2,2.6,1120081616,0.8,0.16666666666666666,1.0,1.0
4,cost_k2,2.6,2107051199,0.8,0.16666666666666666,0.0,1.0
4,cost_k2,2.6,1090068899,0.8,0.16666666666666666,1.0,1.0
4,cost_k2,2.6,449600965,0.4,0.3333333333333333,0.0,1.0
4,cost_k2,2.6,1471202092,1.0,0.0,0.0,0.0
4,cost_k2,2.6,1261705288,1.0,0.0,0.0,0.0
4,cost_k2,2.6,1378282418,1.0,0.0,0.0,0.0
4,cost_k2,2.6,1296834490,1.0,0.0,0.0,0.0
4,cost_k2,2.6,74559074,0.8,0.16666666666666666,0.0,1.0
4,cost_k2,2.6,561139128,1.0,0.0,0.0,0.0
4,cost_k2,2.6,29831653,1.0,0.0,0.0,0.0
4,cost_k5,8.666666666666666,1686691975,0.8,0.16666666666666666,1.0,1.0
4,cost_k5,8.666666666666666,1357596606,0.4,0.3333333333333333,0.0,1.0
4,cost_k5,8.666666666666666,1781396488,1.0,0.0,0.0,0.0
4,cost_k5,8.666666666666666,1250709180,0.4,0.3333333333333333,1.0,1.0
4,cost_k5,8.666666666666666,1691681045,0.8,0.16666666666666666,0.0,1.0
4,cost_k5,8.666666666666666,760688095,0.8,0.16666666666666666,1.0,1.0
4,cost_k5,8.666666666666666,2020899423,1.0,0.0,0.0,0.0
4,cost_k5,8.666666666666666,624071524,1.0,0.0,0.0,0.0
4,cost_k5,8.666666666666666,68379131,0.6,0.3333333333333333,1.0,1.0
4,cost_k5,8.666666666666666,290597701,0.8,0.16666666666666666,0.0,1.0
4,cost_k5,8.666666666666666,785044027,0.6,0.3333333333333333,1.0,1.0
4,cost_k5,8.666666666666666,11781971,0.4,0.3333333333333333,1.0,1.0
4,cost_k5,8.666666666666666,1167949613,0.4,0.3333333333333333,1.0,1.0
4,cost_k5,8.666666666666666,431898055,1.0,0.0,0.0,0.0
4,cost_k5,8.666666666666666,1719132093,0.4,0.3333333333333333,0.0,1.0
4,cost_k5,8.666666666666666,907805060,0.8,0.16666666666666666,0.0,1.0
4,cost_k5,8.666666666666666,1230595766,0.8,0.16666666666666666,1.0,1.0
4,cost_k5,8.666666666666666,111946645,0.4,0.3333333333333333,1.0,1.0
4,cost_k5,8.666666666666666,1550230399,0.6,0.3333333333333333,1.0,1.0
4,cost_k5,8.666666666666666,2080186366,0.0,0.5,1.0,1.0
4,cost_k5,8.666666666666666,1638558122,0.19999999999999996,0.3333333333333333,0.0,1.0
4,cost_k5,8.666666666666666,1334790277,1.0,0.0,0.0,0.0
4,cost_k5,8.666666666666666,2083643190,0.0,0.5,1.0,1.0
4,cost_k5,8.666666666666666,1990343060,1.0,0.0,0.0,0.0
4,cost_k5,8.666666666666666,1032512586,0.8,0.16666666666666666,0.0,1.0
4,cost_k5,8.666666666666666,524428934,0.8,0.16666666666666666,0.0,1.0
4,cost_k5,8.666666666666666,160225277,0.4,0.3333333333333333,0.0,1.0
4,cost_k5,8.666666666666666,1070198471,0.8,0.16666666666666666,0.0,1.0
4,cost_k5,8.666666666666666,512158251,0.8,0.16666666666666666,0.0,1.0
4,cost_k5,8.666666666666666,1120081616,0.4,0.3333333333333333,1.0,1.0
4,cost_k5,8.666666666666666,2107051199,1.0,0.0,0.0,0.0
4,cost_k5,8.666666666666666,1090068899,0.4,0.3333333333333333,1.0,1.0
4,cost_k5,8.666666666666666,449600965,0.0,0.5,1.0,1.0
4,cost_k5,8.666666666666666,1471202092,1.0,0.0,0.0,0.0
4,cost_k5,8.666666666666666,1261705288,1.0,0.0,0.0,0.0
4,cost_k5,8.666666666666666,1378282418,1.0,0.0,0.0,0.0
4,cost_k5,8.666666666666666,1296834490,0.6,0.3333333333333333,1.0,1.0
4,cost_k5,8.666666666666666,74559074,0.8,0.16666666666666666,0.0,1.0
4,cost_k5,8.666666666666666,561139128,0.8,0.16666666666666666,1.0,1.0
4,cost_k5,8.666666666666666,29831653,0.8,0.16666666666666666,0.0,1.0
4,cost_k10,20.5,1686691975,0.8,0.16666666666666666,0.0,1.0
4,cost_k10,20.5,1357596606,0.4,0.3333333333333333,0.0,1.0
4,cost_k10,20.5,1781396488,1.0,0.0,0.0,0.0
4,cost_k10,20.5,1250709180,0.4,0.3333333333333333,1.0,1.0
4,cost_k10,20.5,1691681045,0.8,0.16666666666666666,0.0,1.0
4,cost_k10,20.5,760688095,0.8,0.16666666666666666,1.0,1.0
4,cost_k10,20.5,2020899423,1.0,0.0,0.0,0.0
4,cost_k10,20.5,624071524,1.0,0.0,0.0,0.0
4,cost_k10,20.5,68379131,0.6,0.3333333333333333,1.0,1.0
4,cost_k10,20.5,290597701,0.8,0.16666666666666666,0.0,1.0
4,cost_k10,20.5,785044027,-0.8,0.5,1.0,1.0
4,cost_k10,20.5,11781971,0.4,0.3333333333333333,1.0,1.0
4,cost_k10,20.5,1167949613,0.4,0.3333333333333333,1.0,1.0
4,cost_k10,20.5,431898055,1.0,0.0,0.0,0.0
4,cost_k10,20.5,1719132093,0.4,0.3333333333333333,0.0,1.0
4,cost_k10,20.5,907805060,0.4,0.3333333333333333,0.0,1.0
4,cost_k10,20.5,1230595766,0.8,0.16666666666666666,1.0,1.0
4,cost_k10,20.5,111946645,0.4,0.3333333333333333,1.0,1.0
4,cost_k10,20.5,1550230399,0.0,0.5,1.0,1.0
4,cost_k10,20.5,2080186366,0.0,0.5,1.0,1.0
4,cost_k10,20.5,1638558122,0.19999999999999996,0.3333333333333333,0.0,1.0
4,cost_k10,20.5,1334790277,0.8,0.16666666666666666,0.0,1.0
4,cost_k10,20.5,2083643190,0.0,0.5,1.0,1.0
4,cost_k10,20.5,1990343060,1.0,0.0,0.0,0.0
4,cost_k10,20.5,1032512586,0.19999999999999996,0.3333333333333333,0.0,1.0
4,cost_k10,20.5,524428934,0.8,0.16666666666666666,0.0,1.0
4,cost_k10,20.5,160225277,0.4,0.3333333333333333,0.0,1.0
4,cost_k10,20.5,1070198471,1.0,0.0,0.0,0.0
4,cost_k10,20.5,512158251,0.8,0.16666666666666666,0.0,1.0
4,cost_k10,20.5,1120081616,0.8,0.16666666666666666,1.0,1.0
4,cost_k10,20.5,2107051199,1.0,0.0,0.0,0.0
4,cost_k10,20.5,1090068899,0.4,0.3333333333333333,1.0,1.0
4,cost_k10,20.5,449600965,-0.6000000000000001,0.6666666666666666,1.0,1.0
4,cost_k10,20.5,1471202092,1.0,0.0,0.0,0.0
4,cost_k10,20.5,1261705288,1.0,0.0,0.0,0.0
4,cost_k10,20.5,1378282418,1.0,0.0,0.0,0.0
4,cost_k10,20.5,1296834490,0.6,0.3333333333333333,1.0,1.0
4,cost_k10,20.5,74559074,0.8,0.16666666666666666,0.0,1.0
4,cost_k10,20.5,561139128,0.8,0.16666666666666666,1.0,1.0
4,cost_k10,20.5,29831653,0.4,0.3333333333333333,0.0,1.0
6,cost_k1,1.0,1686691975,1.0,0.0,0.0,0.0
6,cost_k1,1.0,1357596606,1.0,0.0,0.0,0.0
6,cost_k1,1.0,1781396488,1.0,0.0,0.0,0.0
6,cost_k1,1.0,1250709180,1.0,0.0,0.0,0.0
6,cost_k1,1.0,1691681045,1.0,0.0,0.0,0.0
6,cost_k1,1.0,760688095,1.0,0.0,0.0,0.0
6,cost_k1,1.0,2020899423,1.0,0.0,0.0,0.0
6,cost_k1,1.0,624071524,1.0,0.0,0.0,0.0
6,cost_k1,1.0,68379131,1.0,0.0,0.0,0.0
6,cost_k1,1.0,290597701,1.0,0.0,0.0,0.0
6,cost_k1,1.0,785044027,1.0,0.0,0.0,0.0
6,cost_k1,1.0,11781971,1.0,0.0,0.0,0.0
6,cost_k1,1.0,1167949613,1.0,0.0,0.0,0.0
6,cost_k1,1.0,431898055,1.0,0.0,0.0,0.0
6,cost_k1,1.0,1719132093,1.0,0.0,0.0,0.0
6,cost_k1,1.0,907805060,1.0,0.0,0.0,0.0
6,cost_k1,1.0,1230595766,1.0,0.0,0.0,0.0
6,cost_k1,1.0,111946645,1.0,0.0,0.0,0.0
6,cost_k1,1.0,1550230399,1.0,0.0,0.0,0.0
6,cost_k1,1.0,2080186366,1.0,0.0,0.0,0.0
6,cost_k1,1.0,1638558122,1.0,0.0,0.0,0.0
6,cost_k1,1.0,1334790277,1.0,0.0,0.0,0.0
6,cost_k1,1.0,2083643190,1.0,0.0,0.0,0.0
6,cost_k1,1.0,1990343060,1.0,0.0,0.0,0.0
6,cost_k1,1.0,1032512586,1.0,0.0,0.0,0.0
6,cost_k1,1.0,524428934,1.0,0.0,0.0,0.0
6,cost_k1,1.0,160225277,1.0,0.0,0.0,0.0
6,cost_k1,1.0,1070198471,1.0,0.0,0.0,0.0
6,cost_k1,1.0,512158251,1.0,0.0,0.0,0.0
6,cost_k1,1.0,1120081616,1.0,0.0,0.0,0.0
6,cost_k1,1.0,2107051199,1.0,0.0,0.0,0.0
6,cost_k1,1.0,1090068899,1.0,0.0,0.0,0.0
6,cost_k1,1.0,449600965,1.0,0.0,0.0,0.0
6,cost_k1,1.0,1471202092,1.0,0.0,0.0,0.0
6,cost_k1,1.0,1261705288,1.0,0.0,0.0,0.0
6,cost_k1,1.0,1378282418,1.0,0.0,0.0,0.0
6,cost_k1,1.0,1296834490,1.0,0.0,0.0,0.0
6,cost_k1,1.0,74559074,1.0,0.0,0.0,0.0
6,cost_k1,1.0,561139128,1.0,0.0,0.0,0.0
6,cost_k1,1.0,29831653,1.0,0.0,0.0,0.0
6,cost_k2,2.6,1686691975,1.0,0.0,0.0,0.0
6,cost_k2,2.6,1357596606,0.8285714285714285,0.13333333333333333,0.0,1.0
6,cost_k2,2.6,1781396488,0.9428571428571428,0.06666666666666667,0.0,1.0
6,cost_k2,2.6,1250709180,0.9428571428571428,0.06666666666666667,0.0,1.0
6,cost_k2,2.6,1691681045,0.8285714285714285,0.13333333333333333,0.0,1.0
6,cost_k2,2.6,760688095,1.0,0.0,0.0,0.0
6,cost_k2,2.6,2020899423,0.9428571428571428,0.06666666666666667,0.0,1.0
6,cost_k2,2.6,624071524,0.8285714285714285,0.13333333333333333,0.0,1.0
6,cost_k2,2.6,68379131,0.9428571428571428,0.06666666666666667,1.0,1.0
6,cost_k2,2.6,290597701,0.8857142857142857,0.13333333333333333,0.0,1.0
6,cost_k2,2.6,785044027,0.9428571428571428,0.06666666666666667,0.0,1.0
6,cost_k2,2.6,11781971,0.9428571428571428,0.06666666666666667,0.0,1.0
6,cost_k2,2.6,1167949613,0.7142857142857143,0.2,0.0,1.0
6,cost_k2,2.6,431898055,0.9428571428571428,0.06666666666666667,1.0,1.0
6,cost_k2,2.6,1719132093,1.0,0.0,0.0,0.0
6,cost_k2,2.6,907805060,0.8285714285714285,0.13333333333333333,0.0,1.0
6,cost_k2,2.6,1230595766,0.9428571428571428,0.06666666666666667,0.0,1.0
6,cost_k2,2.6,111946645,1.0,0.0,0.0,0.0
6,cost_k2,2.6,1550230399,1.0,0.0,0.0,0.0
6,cost_k2,2.6,2080186366,0.6571428571428571,0.2,0.0,1.0
6,cost_k2,2.6,1638558122,0.9428571428571428,0.06666666666666667,0.0,1.0
6,cost_k2,2.6,1334790277,0.9428571428571428,0.06666666666666667,1.0,1.0
6,cost_k2,2.6,2083643190,0.9428571428571428,0.06666666666666667,0.0,1.0
6,cost_k2,2.6,1990343060,1.0,0.0,0.0,0.0
6,cost_k2,2.6,1032512586,0.9428571428571428,0.06666666666666667,0.0,1.0
6,cost_k2,2.6,524428934,0.8857142857142857,0.13333333333333333,0.0,1.0
6,cost_k2,2.6,160225277,1.0,0.0,0.0,0.0
6,cost_k2,2.6,1070198471,0.8285714285714285,0.13333333333333333,1.0,1.0
6,cost_k2,2.6,512158251,0.9428571428571428,0.06666666666666667,0.0,1.0
6,cost_k2,2.6,1120081616,0.9428571428571428,0.06666666666666667,0.0,1.0
6,cost_k2,2.6,2107051199,1.0,0.0,0.0,0.0
6,cost_k2,2.6,1090068899,0.9428571428571428,0.06666666666666667,0.0,1.0
6,cost_k2,2.6,449600965,1.0,0.0,0.0,0.0
6,cost_k2,2.6,1471202092,0.9428571428571428,0.06666666666666667,1.0,1.0
6,cost_k2,2.6,1261705288,1.0,0.0,0.0,0.0
6,cost_k2,2.6,1378282418,0.9428571428571428,0.06666666666666667,0.0,1.0
6,cost_k2,2.6,1296834490,1.0,0.0,0.0,0.0
6,cost_k2,2.6,74559074,0.7142857142857143,0.2,1.0,1.0
6,cost_k2,2.6,561139128,0.7142857142857143,0.2,0.0,1.0
6,cost_k2,2.6,29831653,1.0,0.0,0.0,0.0
6,cost_k5,8.666666666666666,1686691975,0.9428571428571428,0.06666666666666667,1.0,1.0
6,cost_k5,8.666666666666666,1357596606,0.8285714285714285,0.13333333333333333,0.0,1.0
6,cost_k5,8.666666666666666,1781396488,0.8285714285714285,0.13333333333333333,0.0,1.0
6,cost_k5,8.666666666666666,1250709180,0.5428571428571429,0.26666666666666666,0.0,1.0
6,cost_k5,8.666666666666666,1691681045,0.7142857142857143,0.2,1.0,1.0
6,cost_k5,8.666666666666666,760688095,0.8285714285714285,0.13333333333333333,0.0,1.0
6,cost_k5,8.666666666666666,2020899423,0.4285714285714286,0.26666666666666666,0.0,1.0
6,cost_k5,8.666666666666666,624071524,0.6,0.2,0.0,1.0
6,cost_k5,8.666666666666666,68379131,0.7142857142857143,0.2,1.0,1.0
6,cost_k5,8.666666666666666,290597701,0.6,0.26666666666666666,1.0,1.0
6,cost_k5,8.666666666666666,785044027,0.9428571428571428,0.06666666666666667,1.0,1.0
6,cost_k5,8.666666666666666,11781971,0.6,0.26666666666666666,1.0,1.0
6,cost_k5,8.666666666666666,1167949613,0.7142857142857143,0.2,0.0,1.0
6,cost_k5,8.666666666666666,431898055,0.6,0.2,1.0,1.0
6,cost_k5,8.666666666666666,1719132093,1.0,0.0,0.0,0.0
6,cost_k5,8.666666666666666,907805060,0.6,0.26666666666666666,1.0,1.0
6,cost_k5,8.666666666666666,1230595766,0.9428571428571428,0.06666666666666667,0.0,1.0
6,cost_k5,8.666666666666666,111946645,0.9428571428571428,0.06666666666666667,1.0,1.0
6,cost_k5,8.666666666666666,1550230399,0.9428571428571428,0.06666666666666667,1.0,1.0
6,cost_k5,8.666666666666666,2080186366,0.4285714285714286,0.26666666666666666,0.0,1.0
6,cost_k5,8.666666666666666,1638558122,0.8857142857142857,0.13333333333333333,0.0,1.0
6,cost_k5,8.666666666666666,1334790277,0.8285714285714285,0.13333333333333333,1.0,1.0
6,cost_k5,8.666666666666666,2083643190,0.37142857142857144,0.33333333333333337,1.0,1.0
6,cost_k5,8.666666666666666,1990343060,0.8857142857142857,0.13333333333333333,0.0,1.0
6,cost_k5,8.666666666666666,1032512586,0.7714285714285715,0.13333333333333333,0.0,1.0
6,cost_k5,8.666666666666666,524428934,0.8857142857142857,0.13333333333333333,0.0,1.0
6,cost_k5,8.666666666666666,160225277,0.7714285714285715,0.2,0.0,1.0
6,cost_k5,8.666666666666666,1070198471,0.4285714285714286,0.26666666666666666,1.0,1.0
6,cost_k5,8.666666666666666,512158251,0.8285714285714285,0.13333333333333333,0.0,1.0
6,cost_k5,8.666666666666666,1120081616,0.9428571428571428,0.06666666666666667,0.0,1.0
6,cost_k5,8.666666666666666,2107051199,0.8857142857142857,0.13333333333333333,1.0,1.0
6,cost_k5,8.666666666666666,1090068899,0.9428571428571428,0.06666666666666667,0.0,1.0
6,cost_k5,8.666666666666666,449600965,0.9428571428571428,0.06666666666666667,1.0,1.0
6,cost_k5,8.666666666666666,1471202092,0.8857142857142857,0.13333333333333333,1.0,1.0
6,cost_k5,8.666666666666666,1261705288,1.0,0.0,0.0,0.0
6,cost_k5,8.666666666666666,1378282418,0.5428571428571429,0.26666666666666666,1.0,1.0
6,cost_k5,8.666666666666666,1296834490,0.8285714285714285,0.13333333333333333,0.0,1.0
6,cost_k5,8.666666666666666,74559074,-0.08571428571428563,0.33333333333333337,1.0,1.0
6,cost_k5,8.666666666666666,561139128,0.37142857142857144,0.33333333333333337,1.0,1.0
6,cost_k5,8.666666666666666,29831653,0.7714285714285715,0.13333333333333333,0.0,1.0
6,cost_k10,20.5,1686691975,0.8857142857142857,0.13333333333333333,1.0,1.0
6,cost_k10,20.5,1357596606,0.8285714285714285,0.13333333333333333,0.0,1.0
6,cost_k10,20.5,1781396488,0.7714285714285715,0.13333333333333333,0.0,1.0
6,cost_k10,20.5,1250709180,0.5428571428571429,0.26666666666666666,0.0,1.0
6,cost_k10,20.5,1691681045,0.48571428571428577,0.26666666666666666,1.0,1.0
6,cost_k10,20.5,760688095,0.8285714285714285,0.13333333333333333,0.0,1.0
6,cost_k10,20.5,2020899423,0.37142857142857144,0.33333333333333337,1.0,1.0
6,cost_k10,20.5,624071524,0.48571428571428577,0.26666666666666666,0.0,1.0
6,cost_k10,20.5,68379131,0.7142857142857143,0.2,1.0,1.0
6,cost_k10,20.5,290597701,0.1428571428571429,0.33333333333333337,1.0,1.0
6,cost_k10,20.5,785044027,0.7714285714285715,0.2,1.0,1.0
6,cost_k10,20.5,11781971,0.48571428571428577,0.33333333333333337,1.0,1.0
6,cost_k10,20.5,1167949613,0.7142857142857143,0.2,0.0,1.0
6,cost_k10,20.5,431898055,0.2571428571428571,0.26666666666666666,1.0,1.0
6,cost_k10,20.5,1719132093,1.0,0.0,0.0,0.0
6,cost_k10,20.5,907805060,0.6,0.26666666666666666,1.0,1.0
6,cost_k10,20.5,1230595766,0.9428571428571428,0.06666666666666667,0.0,1.0
6,cost_k10,20.5,111946645,0.8285714285714285,0.13333333333333333,1.0,1.0
6,cost_k10,20.5,1550230399,0.9428571428571428,0.06666666666666667,1.0,1.0
6,cost_k10,20.5,2080186366,0.4285714285714286,0.26666666666666666,0.0,1.0
6,cost_k10,20.5,1638558122,0.7714285714285715,0.2,0.0,1.0
6,cost_k10,20.5,1334790277,0.4285714285714286,0.26666666666666666,1.0,1.0
6,cost_k10,20.5,2083643190,0.4285714285714286,0.26666666666666666,1.0,1.0
6,cost_k10,20.5,1990343060,0.6,0.2,0.0,1.0
6,cost_k10,20.5,1032512586,0.6,0.2,1.0,1.0
6,cost_k10,20.5,524428934,0.8857142857142857,0.13333333333333333,0.0,1.0
6,cost_k10,20.5,160225277,0.7714285714285715,0.2,0.0,1.0
6,cost_k10,20.5,1070198471,0.4285714285714286,0.26666666666666666,1.0,1.0
6,cost_k10,20.5,512158251,0.6571428571428571,0.2,0.0,1.0
6,cost_k10,20.5,1120081616,0.8285714285714285,0.13333333333333333,0.0,1.0
6,cost_k10,20.5,2107051199,0.8857142857142857,0.13333333333333333,1.0,1.0
6,cost_k10,20.5,1090068899,0.7714285714285715,0.2,1.0,1.0
6,cost_k10,20.5,449600965,0.8285714285714285,0.13333333333333333,1.0,1.0
6,cost_k10,20.5,1471202092,0.8857142857142857,0.13333333333333333,1.0,1.0
6,cost_k10,20.5,1261705288,1.0,0.0,0.0,0.0
6,cost_k10,20.5,1378282418,0.37142857142857144,0.33333333333333337,1.0,1.0
6,cost_k10,20.5,1296834490,0.6571428571428571,0.2,0.0,1.0
6,cost_k10,20.5,74559074,-0.02857142857142847,0.33333333333333337,1.0,1.0
6,cost_k10,20.5,561139128,0.37142857142857144,0.33333333333333337,1.0,1.0
6,cost_k10,20.5,29831653,0.48571428571428577,0.26666666666666666,1.0,1.0
8,cost_k1,1.0,1686691975,1.0,0.0,0.0,0.0
8,cost_k1,1.0,1357596606,1.0,0.0,0.0,0.0
8,cost_k1,1.0,1781396488,1.0,0.0,0.0,0.0
8,cost_k1,1.0,1250709180,1.0,0.0,0.0,0.0
8,cost_k1,1.0,1691681045,1.0,0.0,0.0,0.0
8,cost_k1,1.0,760688095,1.0,0.0,0.0,0.0
8,cost_k1,1.0,2020899423,1.0,0.0,0.0,0.0
8,cost_k1,1.0,624071524,1.0,0.0,0.0,0.0
8,cost_k1,1.0,68379131,1.0,0.0,0.0,0.0
8,cost_k1,1.0,290597701,1.0,0.0,0.0,0.0
8,cost_k1,1.0,785044027,1.0,0.0,0.0,0.0
8,cost_k1,1.0,11781971,1.0,0.0,0.0,0.0
8,cost_k1,1.0,1167949613,1.0,0.0,0.0,0.0
8,cost_k1,1.0,431898055,1.0,0.0,0.0,0.0
8,cost_k1,1.0,1719132093,1.0,0.0,0.0,0.0
8,cost_k1,1.0,907805060,1.0,0.0,0.0,0.0
8,cost_k1,1.0,1230595766,1.0,0.0,0.0,0.0
8,cost_k1,1.0,111946645,1.0,0.0,0.0,0.0
8,cost_k1,1.0,1550230399,1.0,0.0,0.0,0.0
8,cost_k1,1.0,2080186366,1.0,0.0,0.0,0.0
8,cost_k1,1.0,1638558122,1.0,0.0,0.0,0.0
8,cost_k1,1.0,1334790277,1.0,0.0,0.0,0.0
8,cost_k1,1.0,2083643190,1.0,0.0,0.0,0.0
8,cost_k1,1.0,1990343060,1.0,0.0,0.0,0.0
8,cost_k1,1.0,1032512586,1.0,0.0,0.0,0.0
8,cost_k1,1.0,524428934,1.0,0.0,0.0,0.0
8,cost_k1,1.0,160225277,1.0,0.0,0.0,0.0
8,cost_k1,1.0,1070198471,1.0,0.0,0.0,0.0
8,cost_k1,1.0,512158251,1.0,0.0,0.0,0.0
8,cost_k1,1.0,1120081616,1.0,0.0,0.0,0.0
8,cost_k1,1.0,2107051199,1.0,0.0,0.0,0.0
8,cost_k1,1.0,1090068899,1.0,0.0,0.0,0.0
8,cost_k1,1.0,449600965,1.0,0.0,0.0,0.0
8,cost_k1,1.0,1471202092,1.0,0.0,0.0,0.0
8,cost_k1,1.0,1261705288,1.0,0.0,0.0,0.0
8,cost_k1,1.0,1378282418,1.0,0.0,0.0,0.0
8,cost_k1,1.0,1296834490,1.0,0.0,0.0,0.0
8,cost_k1,1.0,74559074,1.0,0.0,0.0,0.0
8,cost_k1,1.0,561139128,1.0,0.0,0.0,0.0
8,cost_k1,1.0,29831653,1.0,0.0,0.0,0.0
8,cost_k2,2.9999999999999996,1686691975,0.9761904761904762,0.03571428571428571,0.0,1.0
8,cost_k2,2.9999999999999996,1357596606,0.8571428571428572,0.14285714285714285,1.0,1.0
8,cost_k2,2.9999999999999996,1781396488,0.9761904761904762,0.03571428571428571,0.0,1.0
8,cost_k2,2.9999999999999996,1250709180,1.0,0.0,0.0,0.0
8,cost_k2,2.9999999999999996,1691681045,0.9285714285714286,0.07142857142857142,0.0,1.0
8,cost_k2,2.9999999999999996,760688095,0.9285714285714286,0.10714285714285714,0.0,1.0
8,cost_k2,2.9999999999999996,2020899423,0.8571428571428572,0.14285714285714285,1.0,1.0
8,cost_k2,2.9999999999999996,624071524,0.9285714285714286,0.07142857142857142,0.0,1.0
8,cost_k2,2.9999999999999996,68379131,0.9523809523809523,0.07142857142857142,1.0,1.0
8,cost_k2,2.9999999999999996,290597701,0.8809523809523809,0.10714285714285714,1.0,1.0
8,cost_k2,2.9999999999999996,785044027,0.9523809523809523,0.07142857142857142,1.0,1.0
8,cost_k2,2.9999999999999996,11781971,0.9285714285714286,0.07142857142857142,0.0,1.0
8,cost_k2,2.9999999999999996,1167949613,0.8095238095238095,0.14285714285714285,1.0,1.0
8,cost_k2,2.9999999999999996,431898055,0.7619047619047619,0.14285714285714285,0.0,1.0
8,cost_k2,2.9999999999999996,1719132093,0.9047619047619048,0.07142857142857142,0.0,1.0
8,cost_k2,2.9999999999999996,907805060,0.9523809523809523,0.07142857142857142,0.0,1.0
8,cost_k2,2.9999999999999996,1230595766,0.9523809523809523,0.07142857142857142,1.0,1.0
8,cost_k2,2.9999999999999996,111946645,0.8571428571428572,0.10714285714285714,0.0,1.0
8,cost_k2,2.9999999999999996,1550230399,0.8809523809523809,0.10714285714285714,1.0,1.0
8,cost_k2,2.9999999999999996,2080186366,0.9285714285714286,0.10714285714285714,0.0,1.0
8,cost_k2,2.9999999999999996,1638558122,0.9047619047619048,0.07142857142857142,0.0,1.0
8,cost_k2,2.9999999999999996,1334790277,0.9761904761904762,0.03571428571428571,1.0,1.0
8,cost_k2,2.9999999999999996,2083643190,1.0,0.0,0.0,0.0
8,cost_k2,2.9999999999999996,1990343060,0.9285714285714286,0.10714285714285714,1.0,1.0
8,cost_k2,2.9999999999999996,1032512586,0.9523809523809523,0.07142857142857142,0.0,1.0
8,cost_k2,2.9999999999999996,524428934,0.9523809523809523,0.07142857142857142,0.0,1.0
8,cost_k2,2.9999999999999996,160225277,0.9523809523809523,0.07142857142857142,0.0,1.0
8,cost_k2,2.9999999999999996,1070198471,0.9285714285714286,0.07142857142857142,0.0,1.0
8,cost_k2,2.9999999999999996,512158251,0.9285714285714286,0.07142857142857142,0.0,1.0
8,cost_k2,2.9999999999999996,1120081616,0.5238095238095238,0.21428571428571427,0.0,1.0
8,cost_k2,2.9999999999999996,2107051199,0.7857142857142857,0.10714285714285714,0.0,1.0
8,cost_k2,2.9999999999999996,1090068899,0.8095238095238095,0.14285714285714285,0.0,1.0
8,cost_k2,2.9999999999999996,449600965,0.9285714285714286,0.07142857142857142,0.0,1.0
8,cost_k2,2.9999999999999996,1471202092,0.9761904761904762,0.03571428571428571,0.0,1.0
8,cost_k2,2.9999999999999996,1261705288,0.8333333333333334,0.14285714285714285,0.0,1.0
8,cost_k2,2.9999999999999996,1378282418,0.7619047619047619,0.14285714285714285,0.0,1.0
8,cost_k2,2.9999999999999996,1296834490,0.7857142857142857,0.17857142857142858,0.0,1.0
8,cost_k2,2.9999999999999996,74559074,0.9523809523809523,0.07142857142857142,0.0,1.0
8,cost_k2,2.9999999999999996,561139128,0.9523809523809523,0.07142857142857142,0.0,1.0
8,cost_k2,2.9999999999999996,29831653,0.7380952380952381,0.17857142857142858,1.0,1.0
8,cost_k5,8.666666666666666,1686691975,0.9047619047619048,0.10714285714285714,1.0,1.0
8,cost_k5,8.666666666666666,1357596606,0.7857142857142857,0.17857142857142858,1.0,1.0
8,cost_k5,8.666666666666666,1781396488,0.9761904761904762,0.03571428571428571,0.0,1.0
8,cost_k5,8.666666666666666,1250709180,0.9761904761904762,0.03571428571428571,0.0,1.0
8,cost_k5,8.666666666666666,1691681045,0.8333333333333334,0.14285714285714285,1.0,1.0
8,cost_k5,8.666666666666666,760688095,0.9285714285714286,0.10714285714285714,0.0,1.0
8,cost_k5,8.666666666666666,2020899423,0.8571428571428572,0.14285714285714285,1.0,1.0
8,cost_k5,8.666666666666666,624071524,0.7380952380952381,0.14285714285714285,0.0,1.0
8,cost_k5,8.666666666666666,68379131,0.9047619047619048,0.10714285714285714,1.0,1.0
8,cost_k5,8.666666666666666,290597701,0.6428571428571428,0.21428571428571427,1.0,1.0
8,cost_k5,8.666666666666666,785044027,0.8809523809523809,0.10714285714285714,1.0,1.0
8,cost_k5,8.666666666666666,11781971,0.8809523809523809,0.14285714285714285,1.0,1.0
8,cost_k5,8.666666666666666,1167949613,0.5952380952380952,0.21428571428571427,1.0,1.0
8,cost_k5,8.666666666666666,431898055,0.5952380952380952,0.25,1.0,1.0
8,cost_k5,8.666666666666666,1719132093,0.45238095238095233,0.21428571428571427,0.0,1.0
8,cost_k5,8.666666666666666,907805060,0.9047619047619048,0.10714285714285714,0.0,1.0
8,cost_k5,8.666666666666666,1230595766,0.9285714285714286,0.10714285714285714,1.0,1.0
8,cost_k5,8.666666666666666,111946645,0.5952380952380952,0.21428571428571427,1.0,1.0
8,cost_k5,8.666666666666666,1550230399,0.8809523809523809,0.10714285714285714,1.0,1.0
8,cost_k5,8.666666666666666,2080186366,0.8571428571428572,0.14285714285714285,0.0,1.0
8,cost_k5,8.666666666666666,1638558122,0.9285714285714286,0.07142857142857142,0.0,1.0
8,cost_k5,8.666666666666666,1334790277,0.9285714285714286,0.07142857142857142,1.0,1.0
8,cost_k5,8.666666666666666,2083643190,0.9523809523809523,0.07142857142857142,0.0,1.0
8,cost_k5,8.666666666666666,1990343060,0.6428571428571428,0.25,1.0,1.0
8,cost_k5,8.666666666666666,1032512586,0.6904761904761905,0.17857142857142858,0.0,1.0
8,cost_k5,8.666666666666666,524428934,0.8571428571428572,0.14285714285714285,0.0,1.0
8,cost_k5,8.666666666666666,160225277,0.9047619047619048,0.10714285714285714,0.0,1.0
8,cost_k5,8.666666666666666,1070198471,0.9285714285714286,0.07142857142857142,0.0,1.0
8,cost_k5,8.666666666666666,512158251,0.7619047619047619,0.17857142857142858,1.0,1.0
8,cost_k5,8.666666666666666,1120081616,0.5238095238095238,0.21428571428571427,0.0,1.0
8,cost_k5,8.666666666666666,2107051199,0.6904761904761905,0.14285714285714285,0.0,1.0
8,cost_k5,8.666666666666666,1090068899,0.6904761904761905,0.21428571428571427,1.0,1.0
8,cost_k5,8.666666666666666,449600965,0.9285714285714286,0.07142857142857142,0.0,1.0
8,cost_k5,8.666666666666666,1471202092,0.9047619047619048,0.10714285714285714,0.0,1.0
8,cost_k5,8.666666666666666,1261705288,0.7857142857142857,0.17857142857142858,0.0,1.0
8,cost_k5,8.666666666666666,1378282418,0.5714285714285714,0.21428571428571427,0.0,1.0
8,cost_k5,8.666666666666666,1296834490,0.47619047619047616,0.21428571428571427,1.0,1.0
8,cost_k5,8.666666666666666,74559074,0.8095238095238095,0.14285714285714285,0.0,1.0
8,cost_k5,8.666666666666666,561139128,0.9047619047619048,0.10714285714285714,0.0,1.0
8,cost_k5,8.666666666666666,29831653,0.7142857142857143,0.17857142857142858,1.0,1.0
8,cost_k10,20.5,1686691975,0.8571428571428572,0.14285714285714285,1.0,1.0
8,cost_k10,20.5,1357596606,0.7857142857142857,0.17857142857142858,1.0,1.0
8,cost_k10,20.5,1781396488,0.9523809523809523,0.07142857142857142,0.0,1.0
8,cost_k10,20.5,1250709180,0.9523809523809523,0.07142857142857142,0.0,1.0
8,cost_k10,20.5,1691681045,0.8333333333333334,0.14285714285714285,1.0,1.0
8,cost_k10,20.5,760688095,0.9047619047619048,0.10714285714285714,1.0,1.0
8,cost_k10,20.5,2020899423,0.8571428571428572,0.14285714285714285,1.0,1.0
8,cost_k10,20.5,624071524,0.7380952380952381,0.14285714285714285,0.0,1.0
8,cost_k10,20.5,68379131,0.9047619047619048,0.10714285714285714,1.0,1.0
8,cost_k10,20.5,290597701,0.5476190476190477,0.25,1.0,1.0
8,cost_k10,20.5,785044027,0.7619047619047619,0.17857142857142858,1.0,1.0
8,cost_k10,20.5,11781971,0.7380952380952381,0.21428571428571427,1.0,1.0
8,cost_k10,20.5,1167949613,0.6428571428571428,0.21428571428571427,1.0,1.0
8,cost_k10,20.5,431898055,0.47619047619047616,0.2857142857142857,1.0,1.0
8,cost_k10,20.5,1719132093,0.04761904761904767,0.2857142857142857,1.0,1.0
8,cost_k10,20.5,907805060,0.7857142857142857,0.17857142857142858,0.0,1.0
8,cost_k10,20.5,1230595766,0.9285714285714286,0.10714285714285714,1.0,1.0
8,cost_k10,20.5,111946645,0.5952380952380952,0.21428571428571427,1.0,1.0
8,cost_k10,20.5,1550230399,0.7380952380952381,0.21428571428571427,1.0,1.0
8,cost_k10,20.5,2080186366,0.8571428571428572,0.14285714285714285,0.0,1.0
8,cost_k10,20.5,1638558122,0.9285714285714286,0.07142857142857142,0.0,1.0
8,cost_k10,20.5,1334790277,0.9285714285714286,0.07142857142857142,1.0,1.0
8,cost_k10,20.5,2083643190,0.9523809523809523,0.07142857142857142,0.0,1.0
8,cost_k10,20.5,1990343060,0.5238095238095238,0.2857142857142857,1.0,1.0
8,cost_k10,20.5,1032512586,0.5476190476190477,0.21428571428571427,0.0,1.0
8,cost_k10,20.5,524428934,0.7142857142857143,0.21428571428571427,1.0,1.0
8,cost_k10,20.5,160225277,0.8333333333333334,0.14285714285714285,0.0,1.0
8,cost_k10,20.5,1070198471,0.9047619047619048,0.07142857142857142,0.0,1.0
8,cost_k10,20.5,512158251,0.6666666666666667,0.21428571428571427,1.0,1.0
8,cost_k10,20.5,1120081616,0.45238095238095233,0.25,0.0,1.0
8,cost_k10,20.5,2107051199,0.47619047619047616,0.21428571428571427,1.0,1.0
8,cost_k10,20.5,1090068899,0.38095238095238093,0.32142857142857145,1.0,1.0
8,cost_k10,20.5,449600965,0.8571428571428572,0.14285714285714285,1.0,1.0
8,cost_k10,20.5,1471202092,0.8571428571428572,0.14285714285714285,0.0,1.0
8,cost_k10,20.5,1261705288,0.7857142857142857,0.17857142857142858,0.0,1.0
8,cost_k10,20.5,1378282418,0.47619047619047616,0.25,0.0,1.0
8,cost_k10,20.5,1296834490,0.33333333333333337,0.25,1.0,1.0
8,cost_k10,20.5,74559074,0.7619047619047619,0.14285714285714285,0.0,1.0
8,cost_k10,20.5,561139128,0.9047619047619048,0.10714285714285714,0.0,1.0
8,cost_k10,20.5,29831653,0.5714285714285714,0.21428571428571427,1.0,1.0
