n_firms,cell,kappa_mean,rho_mean,rho_ci_lo,rho_ci_hi,rho_median,rho_q10,rho_q90,top1_mean,pairwise_mean,n_seeds
4,cost_k1,1.0,1.0,1.0,1.0,1.0,1.0,1.0,0.0,0.0,40
4,cost_k2,2.6,0.8300000000000001,0.745,0.8949999999999999,0.9,0.5800000000000001,1.0,0.225,0.5,40
4,cost_k5,8.666666666666666,0.665,0.585,0.74,0.8,0.3800000000000001,1.0,0.425,0.75,40
4,cost_k10,20.5,0.575,0.465,0.6849999999999999,0.8,0.0,1.0,0.4,0.75,40
6,cost_k1,1.0,1.0,1.0,1.0,1.0,1.0,1.0,0.0,0.0,40
6,cost_k2,2.6,0.9185714285714285,0.8957142857142857,0.9414285714285715,0.9428571428571428,0.8171428571428572,1.0,0.15,0.7,40
6,cost_k5,8.666666666666666,0.7357142857142857,0.6742857142857144,0.7928571428571429,0.8285714285714285,0.4285714285714286,0.9428571428571428,0.475,0.95,40
6,cost_k10,20.5,0.6414285714285715,0.5785714285714285,0.7057142857142857,0.6857142857142857,0.37142857142857144,0.8914285714285715,0.575,0.95,40
8,cost_k1,1.0,1.0,1.0,1.0,1.0,1.0,1.0,0.0,0.0,40
8,cost_k2,2.9999999999999996,0.8946428571428571,0.8696428571428572,0.9178571428571429,0.9285714285714286,0.7833333333333333,0.9761904761904762,0.275,0.95,40
8,cost_k5,8.666666666666666,0.7928571428571429,0.7547619047619047,0.830952380952381,0.8571428571428572,0.5928571428571429,0.9285714285714286,0.475,1.0,40
8,cost_k10,20.5,0.719047619047619,0.6648511904761905,0.7702380952380953,0.7738095238095237,0.4738095238095238,0.9285714285714286,0.6,1.0,40
