n_firms,shared_factor_correlation,cb_over_ch,n_periods,n_features,n_obs_heterogeneity,ridge_lambda,n_inventory_reps,seed,local_seed_idx,master_seed,firm,metric,value
4,0.6,1.0,500,5,moderate,1.0,50,2684470948,0,42,firm_0,phi_operational,3.40848006606807
4,0.6,1.0,500,5,moderate,1.0,50,2684470948,0,42,firm_0,phi_accuracy,0.022482532979068583
4,0.6,1.0,500,5,moderate,1.0,50,2684470948,0,42,firm_0,ir_operational,1.0
4,0.6,1.0,500,5,moderate,1.0,50,2684470948,0,42,firm_0,ir_accuracy,1.0
4,0.6,1.0,500,5,moderate,1.0,50,2684470948,0,42,firm_1,phi_operational,1.3709574726669587
4,0.6,1.0,500,5,moderate,1.0,50,2684470948,0,42,firm_1,phi_accuracy,0.01944914433346734
4,0.6,1.0,500,5,moderate,1.0,50,2684470948,0,42,firm_1,ir_operational,1.0
4,0.6,1.0,500,5,moderate,1.0,50,2684470948,0,42,firm_1,ir_accuracy,1.0
4,0.6,1.0,500,5,moderate,1.0,50,2684470948,0,42,firm_2,phi_operational,-0.5068221810404813
4,0.6,1.0,500,5,moderate,1.0,50,2684470948,0,42,firm_2,phi_accuracy,0.006296981684797716
4,0.6,1.0,500,5,moderate,1.0,50,2684470948,0,42,firm_2,ir_operational,0.0
4,0.6,1.0,500,5,moderate,1.0,50,2684470948,0,42,firm_2,ir_accuracy,1.0
4,0.6,1.0,500,5,moderate,1.0,50,2684470948,0,42,firm_3,phi_operational,1.3039251206043048
4,0.6,1.0,500,5,moderate,1.0,50,2684470948,0,42,firm_3,phi_accuracy,0.0046365170399435
4,0.6,1.0,500,5,moderate,1.0,50,2684470948,0,42,firm_3,ir_operational,1.0
4,0.6,1.0,500,5,moderate,1.0,50,2684470948,0,42,firm_3,ir_accuracy,1.0
4,0.6,1.0,500,5,moderate,1.0,50,2684470948,0,42,_summary,v_op_N,5.576540478298853
4,0.6,1.0,500,5,moderate,1.0,50,2684470948,0,42,_summary,v_acc_N,0.05286517603727714
4,0.6,1.0,500,5,moderate,1.0,50,2684470948,0,42,_summary,spearman_rho,0.8
4,0.6,1.0,500,5,moderate,1.0,50,2684470948,0,42,_summary,payment_displacement,0.13949232709893858
4,0.6,1.0,500,5,moderate,1.0,50,2684470948,0,42,_summary,any_rank_reversal,1.0
4,0.6,1.0,500,5,moderate,1.0,50,2684470948,0,42,_summary,efficiency_gap_op,0.0
4,0.6,1.0,500,5,moderate,1.0,50,4091952314,1,42,firm_0,phi_operational,1.8508543411544545
4,0.6,1.0,500,5,moderate,1.0,50,4091952314,1,42,firm_0,phi_accuracy,0.004239497580780867
4,0.6,1.0,500,5,moderate,1.0,50,4091952314,1,42,firm_0,ir_operational,1.0
4,0.6,1.0,500,5,moderate,1.0,50,4091952314,1,42,firm_0,ir_accuracy,1.0
4,0.6,1.0,500,5,moderate,1.0,50,4091952314,1,42,firm_1,phi_operational,0.5849165267081844
4,0.6,1.0,500,5,moderate,1.0,50,4091952314,1,42,firm_1,phi_accuracy,0.004916192867403616
4,0.6,1.0,500,5,moderate,1.0,50,4091952314,1,42,firm_1,ir_operational,1.0
4,0.6,1.0,500,5,moderate,1.0,50,4091952314,1,42,firm_1,ir_accuracy,1.0
4,0.6,1.0,500,5,moderate,1.0,50,4091952314,1,42,firm_2,phi_operational,2.140396505228229
4,0.6,1.0,500,5,moderate,1.0,50,4091952314,1,42,firm_2,phi_accuracy,0.0017447467343507845
4,0.6,1.0,500,5,moderate,1.0,50,4091952314,1,42,firm_2,ir_operational,1.0
4,0.6,1.0,500,5,moderate,1.0,50,4091952314,1,42,firm_2,ir_accuracy,1.0
4,0.6,1.0,500,5,moderate,1.0,50,4091952314,1,42,firm_3,phi_operational,2.516573614033746
4,0.6,1.0,500,5,moderate,1.0,50,4091952314,1,42,firm_3,phi_accuracy,0.013726311795058935
4,0.6,1.0,500,5,moderate,1.0,50,4091952314,1,42,firm_3,ir_operational,1.0
4,0.6,1.0,500,5,moderate,1.0,50,4091952314,1,42,firm_3,ir_accuracy,1.0
4,0.6,1.0,500,5,moderate,1.0,50,4091952314,1,42,_summary,v_op_N,7.092740987124614
4,0.6,1.0,500,5,moderate,1.0,50,4091952314,1,42,_summary,v_acc_N,0.024626748977594204
4,0.6,1.0,500,5,moderate,1.0,50,4091952314,1,42,_summary,spearman_rho,0.19999999999999996
4,0.6,1.0,500,5,moderate,1.0,50,4091952314,1,42,_summary,payment_displacement,0.15986279696245026
4,0.6,1.0,500,5,moderate,1.0,50,4091952314,1,42,_summary,any_rank_reversal,1.0
4,0.6,1.0,500,5,moderate,1.0,50,4091952314,1,42,_summary,efficiency_gap_op,0.0
4,0.6,1.0,500,5,moderate,1.0,50,233227757,2,42,firm_0,phi_operational,-4.348960151549386
4,0.6,1.0,500,5,moderate,1.0,50,233227757,2,42,firm_0,phi_accuracy,0.0008709122433977294
4,0.6,1.0,500,5,moderate,1.0,50,233227757,2,42,firm_0,ir_operational,0.0
4,0.6,1.0,500,5,moderate,1.0,50,233227757,2,42,firm_0,ir_accuracy,1.0
4,0.6,1.0,500,5,moderate,1.0,50,233227757,2,42,firm_1,phi_operational,0.5974621652769325
4,0.6,1.0,500,5,moderate,1.0,50,233227757,2,42,firm_1,phi_accuracy,0.007403589338378942
4,0.6,1.0,500,5,moderate,1.0,50,233227757,2,42,firm_1,ir_operational,1.0
4,0.6,1.0,500,5,moderate,1.0,50,233227757,2,42,firm_1,ir_accuracy,1.0
4,0.6,1.0,500,5,moderate,1.0,50,233227757,2,42,firm_2,phi_operational,3.3319972066034937
4,0.6,1.0,500,5,moderate,1.0,50,233227757,2,42,firm_2,phi_accuracy,0.007118307417278831
4,0.6,1.0,500,5,moderate,1.0,50,233227757,2,42,firm_2,ir_operational,1.0
4,0.6,1.0,500,5,moderate,1.0,50,233227757,2,42,firm_2,ir_accuracy,1.0
4,0.6,1.0,500,5,moderate,1.0,50,233227757,2,42,firm_3,phi_operational,-0.5756919039941455
4,0.6,1.0,500,5,moderate,1.0,50,233227757,2,42,firm_3,phi_accuracy,0.01993257412342162
4,0.6,1.0,500,5,moderate,1.0,50,233227757,2,42,firm_3,ir_operational,0.0
4,0.6,1.0,500,5,moderate,1.0,50,233227757,2,42,firm_3,ir_accuracy,1.0
4,0.6,1.0,500,5,moderate,1.0,50,233227757,2,42,_summary,v_op_N,-0.995192683663106
4,0.6,1.0,500,5,moderate,1.0,50,233227757,2,42,_summary,v_acc_N,0.03532538312247713
4,0.6,1.0,500,5,moderate,1.0,50,233227757,2,42,_summary,spearman_rho,0.19999999999999996
4,0.6,1.0,500,5,moderate,1.0,50,233227757,2,42,_summary,payment_displacement,0.3655073141192087
4,0.6,1.0,500,5,moderate,1.0,50,233227757,2,42,_summary,any_rank_reversal,1.0
4,0.6,1.0,500,5,moderate,1.0,50,233227757,2,42,_summary,efficiency_gap_op,4.440892098500626e-16
4,0.6,1.0,500,5,moderate,1.0,50,3276785861,3,42,firm_0,phi_operational,2.7408735358231646
4,0.6,1.0,500,5,moderate,1.0,50,3276785861,3,42,firm_0,phi_accuracy,-0.013235387680713685
4,0.6,1.0,500,5,moderate,1.0,50,3276785861,3,42,firm_0,ir_operational,1.0
4,0.6,1.0,500,5,moderate,1.0,50,3276785861,3,42,firm_0,ir_accuracy,0.0
4,0.6,1.0,500,5,moderate,1.0,50,3276785861,3,42,firm_1,phi_operational,1.6882357148741722
4,0.6,1.0,500,5,moderate,1.0,50,3276785861,3,42,firm_1,phi_accuracy,-0.009644503307289137
4,0.6,1.0,500,5,moderate,1.0,50,3276785861,3,42,firm_1,ir_operational,1.0
4,0.6,1.0,500,5,moderate,1.0,50,3276785861,3,42,firm_1,ir_accuracy,0.0
4,0.6,1.0,500,5,moderate,1.0,50,3276785861,3,42,firm_2,phi_operational,-5.868457726276057
4,0.6,1.0,500,5,moderate,1.0,50,3276785861,3,42,firm_2,phi_accuracy,0.0035868326860420316
4,0.6,1.0,500,5,moderate,1.0,50,3276785861,3,42,firm_2,ir_operational,0.0
4,0.6,1.0,500,5,moderate,1.0,50,3276785861,3,42,firm_2,ir_accuracy,1.0
4,0.6,1.0,500,5,moderate,1.0,50,3276785861,3,42,firm_3,phi_operational,3.185739817981949
4,0.6,1.0,500,5,moderate,1.0,50,3276785861,3,42,firm_3,phi_accuracy,-0.0033142033085498397
4,0.6,1.0,500,5,moderate,1.0,50,3276785861,3,42,firm_3,ir_operational,1.0
4,0.6,1.0,500,5,moderate,1.0,50,3276785861,3,42,firm_3,ir_accuracy,0.0
4,0.6,1.0,500,5,moderate,1.0,50,3276785861,3,42,_summary,v_op_N,1.7463913424032285
4,0.6,1.0,500,5,moderate,1.0,50,3276785861,3,42,_summary,v_acc_N,-0.02260726161051063
4,0.6,1.0,500,5,moderate,1.0,50,3276785861,3,42,_summary,spearman_rho,-0.3999999999999999
4,0.6,1.0,500,5,moderate,1.0,50,3276785861,3,42,_summary,payment_displacement,0.4999999999915868
4,0.6,1.0,500,5,moderate,1.0,50,3276785861,3,42,_summary,any_rank_reversal,1.0
4,0.6,1.0,500,5,moderate,1.0,50,3276785861,3,42,_summary,efficiency_gap_op,2.220446049250313e-16
4,0.6,1.0,500,5,moderate,1.0,50,3644269654,4,42,firm_0,phi_operational,1.332083562501585
4,0.6,1.0,500,5,moderate,1.0,50,3644269654,4,42,firm_0,phi_accuracy,-0.0316673022126785
4,0.6,1.0,500,5,moderate,1.0,50,3644269654,4,42,firm_0,ir_operational,1.0
4,0.6,1.0,500,5,moderate,1.0,50,3644269654,4,42,firm_0,ir_accuracy,0.0
4,0.6,1.0,500,5,moderate,1.0,50,3644269654,4,42,firm_1,phi_operational,1.2348761336561342
4,0.6,1.0,500,5,moderate,1.0,50,3644269654,4,42,firm_1,phi_accuracy,-0.003275279525868674
4,0.6,1.0,500,5,moderate,1.0,50,3644269654,4,42,firm_1,ir_operational,1.0
4,0.6,1.0,500,5,moderate,1.0,50,3644269654,4,42,firm_1,ir_accuracy,0.0
4,0.6,1.0,500,5,moderate,1.0,50,3644269654,4,42,firm_2,phi_operational,0.16442344253760172
4,0.6,1.0,500,5,moderate,1.0,50,3644269654,4,42,firm_2,phi_accuracy,-0.008010223476297474
4,0.6,1.0,500,5,moderate,1.0,50,3644269654,4,42,firm_2,ir_operational,1.0
4,0.6,1.0,500,5,moderate,1.0,50,3644269654,4,42,firm_2,ir_accuracy,0.0
4,0.6,1.0,500,5,moderate,1.0,50,3644269654,4,42,firm_3,phi_operational,1.516628551168992
4,0.6,1.0,500,5,moderate,1.0,50,3644269654,4,42,firm_3,phi_accuracy,-0.0016004873229550631
4,0.6,1.0,500,5,moderate,1.0,50,3644269654,4,42,firm_3,ir_operational,1.0
4,0.6,1.0,500,5,moderate,1.0,50,3644269654,4,42,firm_3,ir_accuracy,0.0
4,0.6,1.0,500,5,moderate,1.0,50,3644269654,4,42,_summary,v_op_N,4.248011689864313
4,0.6,1.0,500,5,moderate,1.0,50,3644269654,4,42,_summary,v_acc_N,-0.044553292537799716
4,0.6,1.0,500,5,moderate,1.0,50,3644269654,4,42,_summary,spearman_rho,0.4
4,0.6,1.0,500,5,moderate,1.0,50,3644269654,4,42,_summary,payment_displacement,0.49999999999432987
4,0.6,1.0,500,5,moderate,1.0,50,3644269654,4,42,_summary,any_rank_reversal,1.0
4,0.6,1.0,500,5,moderate,1.0,50,3644269654,4,42,_summary,efficiency_gap_op,0.0
4,0.6,1.0,500,5,moderate,1.0,50,1206282609,5,42,firm_0,phi_operational,4.264946132550188
4,0.6,1.0,500,5,moderate,1.0,50,1206282609,5,42,firm_0,phi_accuracy,0.00601298441710187
4,0.6,1.0,500,5,moderate,1.0,50,1206282609,5,42,firm_0,ir_operational,1.0
4,0.6,1.0,500,5,moderate,1.0,50,1206282609,5,42,firm_0,ir_accuracy,1.0
4,0.6,1.0,500,5,moderate,1.0,50,1206282609,5,42,firm_1,phi_operational,-0.8445191916662651
4,0.6,1.0,500,5,moderate,1.0,50,1206282609,5,42,firm_1,phi_accuracy,-0.0025708000108106512
4,0.6,1.0,500,5,moderate,1.0,50,1206282609,5,42,firm_1,ir_operational,0.0
4,0.6,1.0,500,5,moderate,1.0,50,1206282609,5,42,firm_1,ir_accuracy,0.0
4,0.6,1.0,500,5,moderate,1.0,50,1206282609,5,42,firm_2,phi_operational,-0.3600634367154309
4,0.6,1.0,500,5,moderate,1.0,50,1206282609,5,42,firm_2,phi_accuracy,0.009041424202606544
4,0.6,1.0,500,5,moderate,1.0,50,1206282609,5,42,firm_2,ir_operational,0.0
4,0.6,1.0,500,5,moderate,1.0,50,1206282609,5,42,firm_2,ir_accuracy,1.0
4,0.6,1.0,500,5,moderate,1.0,50,1206282609,5,42,firm_3,phi_operational,-2.3356295981973005
4,0.6,1.0,500,5,moderate,1.0,50,1206282609,5,42,firm_3,phi_accuracy,0.001844121164142435
4,0.6,1.0,500,5,moderate,1.0,50,1206282609,5,42,firm_3,ir_operational,0.0
4,0.6,1.0,500,5,moderate,1.0,50,1206282609,5,42,firm_3,ir_accuracy,1.0
4,0.6,1.0,500,5,moderate,1.0,50,1206282609,5,42,_summary,v_op_N,0.7247339059711919
4,0.6,1.0,500,5,moderate,1.0,50,1206282609,5,42,_summary,v_acc_N,0.014327729773040199
4,0.6,1.0,500,5,moderate,1.0,50,1206282609,5,42,_summary,spearman_rho,0.6
4,0.6,1.0,500,5,moderate,1.0,50,1206282609,5,42,_summary,payment_displacement,0.29147796498822065
4,0.6,1.0,500,5,moderate,1.0,50,1206282609,5,42,_summary,any_rank_reversal,1.0
4,0.6,1.0,500,5,moderate,1.0,50,1206282609,5,42,_summary,efficiency_gap_op,6.661338147750939e-16
4,0.6,1.0,500,5,moderate,1.0,50,3543069911,6,42,firm_0,phi_operational,-0.2769041644803091
4,0.6,1.0,500,5,moderate,1.0,50,3543069911,6,42,firm_0,phi_accuracy,0.025172201915480048
4,0.6,1.0,500,5,moderate,1.0,50,3543069911,6,42,firm_0,ir_operational,0.0
4,0.6,1.0,500,5,moderate,1.0,50,3543069911,6,42,firm_0,ir_accuracy,1.0
4,0.6,1.0,500,5,moderate,1.0,50,3543069911,6,42,firm_1,phi_operational,-3.8135712169305216
4,0.6,1.0,500,5,moderate,1.0,50,3543069911,6,42,firm_1,phi_accuracy,0.01272089485886189
4,0.6,1.0,500,5,moderate,1.0,50,3543069911,6,42,firm_1,ir_operational,0.0
4,0.6,1.0,500,5,moderate,1.0,50,3543069911,6,42,firm_1,ir_accuracy,1.0
4,0.6,1.0,500,5,moderate,1.0,50,3543069911,6,42,firm_2,phi_operational,-1.784769506015948
4,0.6,1.0,500,5,moderate,1.0,50,3543069911,6,42,firm_2,phi_accuracy,-0.00024509305077950283
4,0.6,1.0,500,5,moderate,1.0,50,3543069911,6,42,firm_2,ir_operational,0.0
4,0.6,1.0,500,5,moderate,1.0,50,3543069911,6,42,firm_2,ir_accuracy,0.0
4,0.6,1.0,500,5,moderate,1.0,50,3543069911,6,42,firm_3,phi_operational,-1.7207823091566845
4,0.6,1.0,500,5,moderate,1.0,50,3543069911,6,42,firm_3,phi_accuracy,0.005382768753165382
4,0.6,1.0,500,5,moderate,1.0,50,3543069911,6,42,firm_3,ir_operational,0.0
4,0.6,1.0,500,5,moderate,1.0,50,3543069911,6,42,firm_3,ir_accuracy,1.0
4,0.6,1.0,500,5,moderate,1.0,50,3543069911,6,42,_summary,v_op_N,-7.596027196583464
4,0.6,1.0,500,5,moderate,1.0,50,3543069911,6,42,_summary,v_acc_N,0.04303077247672782
4,0.6,1.0,500,5,moderate,1.0,50,3543069911,6,42,_summary,spearman_rho,0.4
4,0.6,1.0,500,5,moderate,1.0,50,3543069911,6,42,_summary,payment_displacement,0.4971841951638559
4,0.6,1.0,500,5,moderate,1.0,50,3543069911,6,42,_summary,any_rank_reversal,1.0
4,0.6,1.0,500,5,moderate,1.0,50,3543069911,6,42,_summary,efficiency_gap_op,0.0
4,0.6,1.0,500,5,moderate,1.0,50,3479688010,7,42,firm_0,phi_operational,2.200947040967634
4,0.6,1.0,500,5,moderate,1.0,50,3479688010,7,42,firm_0,phi_accuracy,-0.01576577568278764
4,0.6,1.0,500,5,moderate,1.0,50,3479688010,7,42,firm_0,ir_operational,1.0
4,0.6,1.0,500,5,moderate,1.0,50,3479688010,7,42,firm_0,ir_accuracy,0.0
4,0.6,1.0,500,5,moderate,1.0,50,3479688010,7,42,firm_1,phi_operational,2.7282664332352717
4,0.6,1.0,500,5,moderate,1.0,50,3479688010,7,42,firm_1,phi_accuracy,0.0602639611827266
4,0.6,1.0,500,5,moderate,1.0,50,3479688010,7,42,firm_1,ir_operational,1.0
4,0.6,1.0,500,5,moderate,1.0,50,3479688010,7,42,firm_1,ir_accuracy,1.0
4,0.6,1.0,500,5,moderate,1.0,50,3479688010,7,42,firm_2,phi_operational,3.0411479532920396
4,0.6,1.0,500,5,moderate,1.0,50,3479688010,7,42,firm_2,phi_accuracy,-0.007184845447421354
4,0.6,1.0,500,5,moderate,1.0,50,3479688010,7,42,firm_2,ir_operational,1.0
4,0.6,1.0,500,5,moderate,1.0,50,3479688010,7,42,firm_2,ir_accuracy,0.0
4,0.6,1.0,500,5,moderate,1.0,50,3479688010,7,42,firm_3,phi_operational,0.740595418526586
4,0.6,1.0,500,5,moderate,1.0,50,3479688010,7,42,firm_3,phi_accuracy,0.03156549711394986
4,0.6,1.0,500,5,moderate,1.0,50,3479688010,7,42,firm_3,ir_operational,1.0
4,0.6,1.0,500,5,moderate,1.0,50,3479688010,7,42,firm_3,ir_accuracy,1.0
4,0.6,1.0,500,5,moderate,1.0,50,3479688010,7,42,_summary,v_op_N,8.710956846021531
4,0.6,1.0,500,5,moderate,1.0,50,3479688010,7,42,_summary,v_acc_N,0.06887883716646748
4,0.6,1.0,500,5,moderate,1.0,50,3479688010,7,42,_summary,spearman_rho,0.0
4,0.6,1.0,500,5,moderate,1.0,50,3479688010,7,42,_summary,payment_displacement,0.3008908829927102
4,0.6,1.0,500,5,moderate,1.0,50,3479688010,7,42,_summary,any_rank_reversal,1.0
4,0.6,1.0,500,5,moderate,1.0,50,3479688010,7,42,_summary,efficiency_gap_op,0.0
4,0.6,1.0,500,5,moderate,1.0,50,877132087,8,42,firm_0,phi_operational,-4.875615664771591
4,0.6,1.0,500,5,moderate,1.0,50,877132087,8,42,firm_0,phi_accuracy,0.015265706138066059
4,0.6,1.0,500,5,moderate,1.0,50,877132087,8,42,firm_0,ir_operational,0.0
4,0.6,1.0,500,5,moderate,1.0,50,877132087,8,42,firm_0,ir_accuracy,1.0
4,0.6,1.0,500,5,moderate,1.0,50,877132087,8,42,firm_1,phi_operational,3.1982391499549196
4,0.6,1.0,500,5,moderate,1.0,50,877132087,8,42,firm_1,phi_accuracy,0.09147782989743411
4,0.6,1.0,500,5,moderate,1.0,50,877132087,8,42,firm_1,ir_operational,1.0
4,0.6,1.0,500,5,moderate,1.0,50,877132087,8,42,firm_1,ir_accuracy,1.0
4,0.6,1.0,500,5,moderate,1.0,50,877132087,8,42,firm_2,phi_operational,-4.894364853547538
4,0.6,1.0,500,5,moderate,1.0,50,877132087,8,42,firm_2,phi_accuracy,0.01895583809297499
4,0.6,1.0,500,5,moderate,1.0,50,877132087,8,42,firm_2,ir_operational,0.0
4,0.6,1.0,500,5,moderate,1.0,50,877132087,8,42,firm_2,ir_accuracy,1.0
4,0.6,1.0,500,5,moderate,1.0,50,877132087,8,42,firm_3,phi_operational,0.9833765543775238
4,0.6,1.0,500,5,moderate,1.0,50,877132087,8,42,firm_3,phi_accuracy,0.059299107415271265
4,0.6,1.0,500,5,moderate,1.0,50,877132087,8,42,firm_3,ir_operational,1.0
4,0.6,1.0,500,5,moderate,1.0,50,877132087,8,42,firm_3,ir_accuracy,1.0
4,0.6,1.0,500,5,moderate,1.0,50,877132087,8,42,_summary,v_op_N,-5.588364813986686
4,0.6,1.0,500,5,moderate,1.0,50,877132087,8,42,_summary,v_acc_N,0.18499848154374643
4,0.6,1.0,500,5,moderate,1.0,50,877132087,8,42,_summary,spearman_rho,0.8
4,0.6,1.0,500,5,moderate,1.0,50,877132087,8,42,_summary,payment_displacement,0.35013844876111194
4,0.6,1.0,500,5,moderate,1.0,50,877132087,8,42,_summary,any_rank_reversal,1.0
4,0.6,1.0,500,5,moderate,1.0,50,877132087,8,42,_summary,efficiency_gap_op,8.881784197001252e-16
4,0.6,1.0,500,5,moderate,1.0,50,1244265337,9,42,firm_0,phi_operational,1.7812802920077595
4,0.6,1.0,500,5,moderate,1.0,50,1244265337,9,42,firm_0,phi_accuracy,0.01954219214856743
4,0.6,1.0,500,5,moderate,1.0,50,1244265337,9,42,firm_0,ir_operational,1.0
4,0.6,1.0,500,5,moderate,1.0,50,1244265337,9,42,firm_0,ir_accuracy,1.0
4,0.6,1.0,500,5,moderate,1.0,50,1244265337,9,42,firm_1,phi_operational,2.862608791479384
4,0.6,1.0,500,5,moderate,1.0,50,1244265337,9,42,firm_1,phi_accuracy,0.011792161545166472
4,0.6,1.0,500,5,moderate,1.0,50,1244265337,9,42,firm_1,ir_operational,1.0
4,0.6,1.0,500,5,moderate,1.0,50,1244265337,9,42,firm_1,ir_accuracy,1.0
4,0.6,1.0,500,5,moderate,1.0,50,1244265337,9,42,firm_2,phi_operational,2.099216171023386
4,0.6,1.0,500,5,moderate,1.0,50,1244265337,9,42,firm_2,phi_accuracy,0.006831595905811079
4,0.6,1.0,500,5,moderate,1.0,50,1244265337,9,42,firm_2,ir_operational,1.0
4,0.6,1.0,500,5,moderate,1.0,50,1244265337,9,42,firm_2,ir_accuracy,1.0
4,0.6,1.0,500,5,moderate,1.0,50,1244265337,9,42,firm_3,phi_operational,11.173042314069427
4,0.6,1.0,500,5,moderate,1.0,50,1244265337,9,42,firm_3,phi_accuracy,0.04790184612944649
4,0.6,1.0,500,5,moderate,1.0,50,1244265337,9,42,firm_3,ir_operational,1.0
4,0.6,1.0,500,5,moderate,1.0,50,1244265337,9,42,firm_3,ir_accuracy,1.0
4,0.6,1.0,500,5,moderate,1.0,50,1244265337,9,42,_summary,v_op_N,17.91614756857996
4,0.6,1.0,500,5,moderate,1.0,50,1244265337,9,42,_summary,v_acc_N,0.08606779572899148
4,0.6,1.0,500,5,moderate,1.0,50,1244265337,9,42,_summary,spearman_rho,0.4
4,0.6,1.0,500,5,moderate,1.0,50,1244265337,9,42,_summary,payment_displacement,0.06381631165083382
4,0.6,1.0,500,5,moderate,1.0,50,1244265337,9,42,_summary,any_rank_reversal,1.0
4,0.6,1.0,500,5,moderate,1.0,50,1244265337,9,42,_summary,efficiency_gap_op,3.552713678800501e-15
4,0.6,1.0,500,5,moderate,1.0,50,2740186692,10,42,firm_0,phi_operational,0.49938704169569326
4,0.6,1.0,500,5,moderate,1.0,50,2740186692,10,42,firm_0,phi_accuracy,0.02895510771460639
4,0.6,1.0,500,5,moderate,1.0,50,2740186692,10,42,firm_0,ir_operational,1.0
4,0.6,1.0,500,5,moderate,1.0,50,2740186692,10,42,firm_0,ir_accuracy,1.0
4,0.6,1.0,500,5,moderate,1.0,50,2740186692,10,42,firm_1,phi_operational,9.521655078396964
4,0.6,1.0,500,5,moderate,1.0,50,2740186692,10,42,firm_1,phi_accuracy,0.024968381727569412
4,0.6,1.0,500,5,moderate,1.0,50,2740186692,10,42,firm_1,ir_operational,1.0
4,0.6,1.0,500,5,moderate,1.0,50,2740186692,10,42,firm_1,ir_accuracy,1.0
4,0.6,1.0,500,5,moderate,1.0,50,2740186692,10,42,firm_2,phi_operational,1.1313417258429483
4,0.6,1.0,500,5,moderate,1.0,50,2740186692,10,42,firm_2,phi_accuracy,0.01090231798624717
4,0.6,1.0,500,5,moderate,1.0,50,2740186692,10,42,firm_2,ir_operational,1.0
4,0.6,1.0,500,5,moderate,1.0,50,2740186692,10,42,firm_2,ir_accuracy,1.0
4,0.6,1.0,500,5,moderate,1.0,50,2740186692,10,42,firm_3,phi_operational,-0.2920818376658094
4,0.6,1.0,500,5,moderate,1.0,50,2740186692,10,42,firm_3,phi_accuracy,0.019279532375398645
4,0.6,1.0,500,5,moderate,1.0,50,2740186692,10,42,firm_3,ir_operational,0.0
4,0.6,1.0,500,5,moderate,1.0,50,2740186692,10,42,firm_3,ir_accuracy,1.0
4,0.6,1.0,500,5,moderate,1.0,50,2740186692,10,42,_summary,v_op_N,10.860302008269798
4,0.6,1.0,500,5,moderate,1.0,50,2740186692,10,42,_summary,v_acc_N,0.08410533980382162
4,0.6,1.0,500,5,moderate,1.0,50,2740186692,10,42,_summary,spearman_rho,0.0
4,0.6,1.0,500,5,moderate,1.0,50,2740186692,10,42,_summary,payment_displacement,0.28031952525241427
4,0.6,1.0,500,5,moderate,1.0,50,2740186692,10,42,_summary,any_rank_reversal,1.0
4,0.6,1.0,500,5,moderate,1.0,50,2740186692,10,42,_summary,efficiency_gap_op,1.7763568394002505e-15
4,0.6,1.0,500,5,moderate,1.0,50,3884972972,11,42,firm_0,phi_operational,7.365638958494746
4,0.6,1.0,500,5,moderate,1.0,50,3884972972,11,42,firm_0,phi_accuracy,0.02214904427203725
4,0.6,1.0,500,5,moderate,1.0,50,3884972972,11,42,firm_0,ir_operational,1.0
4,0.6,1.0,500,5,moderate,1.0,50,3884972972,11,42,firm_0,ir_accuracy,1.0
4,0.6,1.0,500,5,moderate,1.0,50,3884972972,11,42,firm_1,phi_operational,17.481622447943487
4,0.6,1.0,500,5,moderate,1.0,50,3884972972,11,42,firm_1,phi_accuracy,0.0495830553056321
4,0.6,1.0,500,5,moderate,1.0,50,3884972972,11,42,firm_1,ir_operational,1.0
4,0.6,1.0,500,5,moderate,1.0,50,3884972972,11,42,firm_1,ir_accuracy,1.0
4,0.6,1.0,500,5,moderate,1.0,50,3884972972,11,42,firm_2,phi_operational,10.766555529012592
4,0.6,1.0,500,5,moderate,1.0,50,3884972972,11,42,firm_2,phi_accuracy,0.035307973417155095
4,0.6,1.0,500,5,moderate,1.0,50,3884972972,11,42,firm_2,ir_operational,1.0
4,0.6,1.0,500,5,moderate,1.0,50,3884972972,11,42,firm_2,ir_accuracy,1.0
4,0.6,1.0,500,5,moderate,1.0,50,3884972972,11,42,firm_3,phi_operational,14.618033528629994
4,0.6,1.0,500,5,moderate,1.0,50,3884972972,11,42,firm_3,phi_accuracy,0.0519296309743573
4,0.6,1.0,500,5,moderate,1.0,50,3884972972,11,42,firm_3,ir_operational,1.0
4,0.6,1.0,500,5,moderate,1.0,50,3884972972,11,42,firm_3,ir_accuracy,1.0
4,0.6,1.0,500,5,moderate,1.0,50,3884972972,11,42,_summary,v_op_N,50.23185046408082
4,0.6,1.0,500,5,moderate,1.0,50,3884972972,11,42,_summary,v_acc_N,0.15896970396918175
4,0.6,1.0,500,5,moderate,1.0,50,3884972972,11,42,_summary,spearman_rho,0.8
4,0.6,1.0,500,5,moderate,1.0,50,3884972972,11,42,_summary,payment_displacement,0.021710132983552864
4,0.6,1.0,500,5,moderate,1.0,50,3884972972,11,42,_summary,any_rank_reversal,1.0
4,0.6,1.0,500,5,moderate,1.0,50,3884972972,11,42,_summary,efficiency_gap_op,0.0
4,0.6,1.0,500,5,moderate,1.0,50,829139639,12,42,firm_0,phi_operational,2.6124678310827107
4,0.6,1.0,500,5,moderate,1.0,50,829139639,12,42,firm_0,phi_accuracy,-0.005365951584457129
4,0.6,1.0,500,5,moderate,1.0,50,829139639,12,42,firm_0,ir_operational,1.0
4,0.6,1.0,500,5,moderate,1.0,50,829139639,12,42,firm_0,ir_accuracy,0.0
4,0.6,1.0,500,5,moderate,1.0,50,829139639,12,42,firm_1,phi_operational,-1.43024481880272
4,0.6,1.0,500,5,moderate,1.0,50,829139639,12,42,firm_1,phi_accuracy,0.02212284931693346
4,0.6,1.0,500,5,moderate,1.0,50,829139639,12,42,firm_1,ir_operational,0.0
4,0.6,1.0,500,5,moderate,1.0,50,829139639,12,42,firm_1,ir_accuracy,1.0
4,0.6,1.0,500,5,moderate,1.0,50,829139639,12,42,firm_2,phi_operational,-2.515149163574771
4,0.6,1.0,500,5,moderate,1.0,50,829139639,12,42,firm_2,phi_accuracy,0.025287607586331026
4,0.6,1.0,500,5,moderate,1.0,50,829139639,12,42,firm_2,ir_operational,0.0
4,0.6,1.0,500,5,moderate,1.0,50,829139639,12,42,firm_2,ir_accuracy,1.0
4,0.6,1.0,500,5,moderate,1.0,50,829139639,12,42,firm_3,phi_operational,1.6451052244092446
4,0.6,1.0,500,5,moderate,1.0,50,829139639,12,42,firm_3,phi_accuracy,0.0049939614505672605
4,0.6,1.0,500,5,moderate,1.0,50,829139639,12,42,firm_3,ir_operational,1.0
4,0.6,1.0,500,5,moderate,1.0,50,829139639,12,42,firm_3,ir_accuracy,1.0
4,0.6,1.0,500,5,moderate,1.0,50,829139639,12,42,_summary,v_op_N,0.31217907311446425
4,0.6,1.0,500,5,moderate,1.0,50,829139639,12,42,_summary,v_acc_N,0.04703846676937462
4,0.6,1.0,500,5,moderate,1.0,50,829139639,12,42,_summary,spearman_rho,-1.0
4,0.6,1.0,500,5,moderate,1.0,50,829139639,12,42,_summary,payment_displacement,0.4567774842335357
4,0.6,1.0,500,5,moderate,1.0,50,829139639,12,42,_summary,any_rank_reversal,1.0
4,0.6,1.0,500,5,moderate,1.0,50,829139639,12,42,_summary,efficiency_gap_op,0.0
4,0.6,1.0,500,5,moderate,1.0,50,2545567356,13,42,firm_0,phi_operational,-1.3490985918320888
4,0.6,1.0,500,5,moderate,1.0,50,2545567356,13,42,firm_0,phi_accuracy,-0.007218707591399531
4,0.6,1.0,500,5,moderate,1.0,50,2545567356,13,42,firm_0,ir_operational,0.0
4,0.6,1.0,500,5,moderate,1.0,50,2545567356,13,42,firm_0,ir_accuracy,0.0
4,0.6,1.0,500,5,moderate,1.0,50,2545567356,13,42,firm_1,phi_operational,-1.3158378594721445
4,0.6,1.0,500,5,moderate,1.0,50,2545567356,13,42,firm_1,phi_accuracy,0.0021901188609091586
4,0.6,1.0,500,5,moderate,1.0,50,2545567356,13,42,firm_1,ir_operational,0.0
4,0.6,1.0,500,5,moderate,1.0,50,2545567356,13,42,firm_1,ir_accuracy,1.0
4,0.6,1.0,500,5,moderate,1.0,50,2545567356,13,42,firm_2,phi_operational,0.6659018045552662
4,0.6,1.0,500,5,moderate,1.0,50,2545567356,13,42,firm_2,phi_accuracy,-0.004461145500729197
4,0.6,1.0,500,5,moderate,1.0,50,2545567356,13,42,firm_2,ir_operational,1.0
4,0.6,1.0,500,5,moderate,1.0,50,2545567356,13,42,firm_2,ir_accuracy,0.0
4,0.6,1.0,500,5,moderate,1.0,50,2545567356,13,42,firm_3,phi_operational,2.33970768474218
4,0.6,1.0,500,5,moderate,1.0,50,2545567356,13,42,firm_3,phi_accuracy,0.0012582946160485386
4,0.6,1.0,500,5,moderate,1.0,50,2545567356,13,42,firm_3,ir_operational,1.0
4,0.6,1.0,500,5,moderate,1.0,50,2545567356,13,42,firm_3,ir_accuracy,1.0
4,0.6,1.0,500,5,moderate,1.0,50,2545567356,13,42,_summary,v_op_N,0.3406730379932128
4,0.6,1.0,500,5,moderate,1.0,50,2545567356,13,42,_summary,v_acc_N,-0.008231439615171032
4,0.6,1.0,500,5,moderate,1.0,50,2545567356,13,42,_summary,spearman_rho,0.4
4,0.6,1.0,500,5,moderate,1.0,50,2545567356,13,42,_summary,payment_displacement,0.3394557895257567
4,0.6,1.0,500,5,moderate,1.0,50,2545567356,13,42,_summary,any_rank_reversal,1.0
4,0.6,1.0,500,5,moderate,1.0,50,2545567356,13,42,_summary,efficiency_gap_op,1.1102230246251565e-16
4,0.6,1.0,500,5,moderate,1.0,50,2718398101,14,42,firm_0,phi_operational,8.79520697708411
4,0.6,1.0,500,5,moderate,1.0,50,2718398101,14,42,firm_0,phi_accuracy,-0.0034691604949517174
4,0.6,1.0,500,5,moderate,1.0,50,2718398101,14,42,firm_0,ir_operational,1.0
4,0.6,1.0,500,5,moderate,1.0,50,2718398101,14,42,firm_0,ir_accuracy,0.0
4,0.6,1.0,500,5,moderate,1.0,50,2718398101,14,42,firm_1,phi_operational,1.9644466122666129
4,0.6,1.0,500,5,moderate,1.0,50,2718398101,14,42,firm_1,phi_accuracy,-0.0016296130510255653
4,0.6,1.0,500,5,moderate,1.0,50,2718398101,14,42,firm_1,ir_operational,1.0
4,0.6,1.0,500,5,moderate,1.0,50,2718398101,14,42,firm_1,ir_accuracy,0.0
4,0.6,1.0,500,5,moderate,1.0,50,2718398101,14,42,firm_2,phi_operational,6.734894035170403
4,0.6,1.0,500,5,moderate,1.0,50,2718398101,14,42,firm_2,phi_accuracy,0.008590262183137446
4,0.6,1.0,500,5,moderate,1.0,50,2718398101,14,42,firm_2,ir_operational,1.0
4,0.6,1.0,500,5,moderate,1.0,50,2718398101,14,42,firm_2,ir_accuracy,1.0
4,0.6,1.0,500,5,moderate,1.0,50,2718398101,14,42,firm_3,phi_operational,0.8919433739466927
4,0.6,1.0,500,5,moderate,1.0,50,2718398101,14,42,firm_3,phi_accuracy,-0.0016081035571570887
4,0.6,1.0,500,5,moderate,1.0,50,2718398101,14,42,firm_3,ir_operational,1.0
4,0.6,1.0,500,5,moderate,1.0,50,2718398101,14,42,firm_3,ir_accuracy,0.0
4,0.6,1.0,500,5,moderate,1.0,50,2718398101,14,42,_summary,v_op_N,18.38649099846782
4,0.6,1.0,500,5,moderate,1.0,50,2718398101,14,42,_summary,v_acc_N,0.001883385080003075
4,0.6,1.0,500,5,moderate,1.0,50,2718398101,14,42,_summary,spearman_rho,-0.3999999999999999
4,0.6,1.0,500,5,moderate,1.0,50,2718398101,14,42,_summary,payment_displacement,0.3168521107063673
4,0.6,1.0,500,5,moderate,1.0,50,2718398101,14,42,_summary,any_rank_reversal,1.0
4,0.6,1.0,500,5,moderate,1.0,50,2718398101,14,42,_summary,efficiency_gap_op,3.552713678800501e-15
4,0.6,9.0,500,5,moderate,1.0,50,176092387,0,42,firm_0,phi_operational,-23.669836148138337
4,0.6,9.0,500,5,moderate,1.0,50,176092387,0,42,firm_0,phi_accuracy,0.015334679990454625
4,0.6,9.0,500,5,moderate,1.0,50,176092387,0,42,firm_0,ir_operational,0.0
4,0.6,9.0,500,5,moderate,1.0,50,176092387,0,42,firm_0,ir_accuracy,1.0
4,0.6,9.0,500,5,moderate,1.0,50,176092387,0,42,firm_1,phi_operational,-26.708474859566763
4,0.6,9.0,500,5,moderate,1.0,50,176092387,0,42,firm_1,phi_accuracy,0.004664977363074141
4,0.6,9.0,500,5,moderate,1.0,50,176092387,0,42,firm_1,ir_operational,0.0
4,0.6,9.0,500,5,moderate,1.0,50,176092387,0,42,firm_1,ir_accuracy,1.0
4,0.6,9.0,500,5,moderate,1.0,50,176092387,0,42,firm_2,phi_operational,-41.94198053924647
4,0.6,9.0,500,5,moderate,1.0,50,176092387,0,42,firm_2,phi_accuracy,0.00928615919739976
4,0.6,9.0,500,5,moderate,1.0,50,176092387,0,42,firm_2,ir_operational,0.0
4,0.6,9.0,500,5,moderate,1.0,50,176092387,0,42,firm_2,ir_accuracy,1.0
4,0.6,9.0,500,5,moderate,1.0,50,176092387,0,42,firm_3,phi_operational,3.856190617136349
4,0.6,9.0,500,5,moderate,1.0,50,176092387,0,42,firm_3,phi_accuracy,-0.002007272774410688
4,0.6,9.0,500,5,moderate,1.0,50,176092387,0,42,firm_3,ir_operational,1.0
4,0.6,9.0,500,5,moderate,1.0,50,176092387,0,42,firm_3,ir_accuracy,0.0
4,0.6,9.0,500,5,moderate,1.0,50,176092387,0,42,_summary,v_op_N,-88.46410092981523
4,0.6,9.0,500,5,moderate,1.0,50,176092387,0,42,_summary,v_acc_N,0.02727854377651784
4,0.6,9.0,500,5,moderate,1.0,50,176092387,0,42,_summary,spearman_rho,-0.3999999999999999
4,0.6,9.0,500,5,moderate,1.0,50,176092387,0,42,_summary,payment_displacement,0.49999999999200845
4,0.6,9.0,500,5,moderate,1.0,50,176092387,0,42,_summary,any_rank_reversal,1.0
4,0.6,9.0,500,5,moderate,1.0,50,176092387,0,42,_summary,efficiency_gap_op,0.0
4,0.6,9.0,500,5,moderate,1.0,50,3528048386,1,42,firm_0,phi_operational,19.45592301767215
4,0.6,9.0,500,5,moderate,1.0,50,3528048386,1,42,firm_0,phi_accuracy,0.005380703214079538
4,0.6,9.0,500,5,moderate,1.0,50,3528048386,1,42,firm_0,ir_operational,1.0
4,0.6,9.0,500,5,moderate,1.0,50,3528048386,1,42,firm_0,ir_accuracy,1.0
4,0.6,9.0,500,5,moderate,1.0,50,3528048386,1,42,firm_1,phi_operational,-3.3388560461441252
4,0.6,9.0,500,5,moderate,1.0,50,3528048386,1,42,firm_1,phi_accuracy,0.00355064228785081
4,0.6,9.0,500,5,moderate,1.0,50,3528048386,1,42,firm_1,ir_operational,0.0
4,0.6,9.0,500,5,moderate,1.0,50,3528048386,1,42,firm_1,ir_accuracy,1.0
4,0.6,9.0,500,5,moderate,1.0,50,3528048386,1,42,firm_2,phi_operational,0.5481156091021453
4,0.6,9.0,500,5,moderate,1.0,50,3528048386,1,42,firm_2,phi_accuracy,0.0047478018348833615
4,0.6,9.0,500,5,moderate,1.0,50,3528048386,1,42,firm_2,ir_operational,1.0
4,0.6,9.0,500,5,moderate,1.0,50,3528048386,1,42,firm_2,ir_accuracy,1.0
4,0.6,9.0,500,5,moderate,1.0,50,3528048386,1,42,firm_3,phi_operational,-23.259386945868677
4,0.6,9.0,500,5,moderate,1.0,50,3528048386,1,42,firm_3,phi_accuracy,0.004408246449305523
4,0.6,9.0,500,5,moderate,1.0,50,3528048386,1,42,firm_3,ir_operational,0.0
4,0.6,9.0,500,5,moderate,1.0,50,3528048386,1,42,firm_3,ir_accuracy,1.0
4,0.6,9.0,500,5,moderate,1.0,50,3528048386,1,42,_summary,v_op_N,-6.594204365238511
4,0.6,9.0,500,5,moderate,1.0,50,3528048386,1,42,_summary,v_acc_N,0.018087393786119232
4,0.6,9.0,500,5,moderate,1.0,50,3528048386,1,42,_summary,spearman_rho,0.8
4,0.6,9.0,500,5,moderate,1.0,50,3528048386,1,42,_summary,payment_displacement,0.34537741374345277
4,0.6,9.0,500,5,moderate,1.0,50,3528048386,1,42,_summary,any_rank_reversal,1.0
4,0.6,9.0,500,5,moderate,1.0,50,3528048386,1,42,_summary,efficiency_gap_op,2.6645352591003757e-15
4,0.6,9.0,500,5,moderate,1.0,50,569531098,2,42,firm_0,phi_operational,13.842625900946357
4,0.6,9.0,500,5,moderate,1.0,50,569531098,2,42,firm_0,phi_accuracy,0.029632885803333
4,0.6,9.0,500,5,moderate,1.0,50,569531098,2,42,firm_0,ir_operational,1.0
4,0.6,9.0,500,5,moderate,1.0,50,569531098,2,42,firm_0,ir_accuracy,1.0
4,0.6,9.0,500,5,moderate,1.0,50,569531098,2,42,firm_1,phi_operational,20.9989554335685
4,0.6,9.0,500,5,moderate,1.0,50,569531098,2,42,firm_1,phi_accuracy,0.017471701436478276
4,0.6,9.0,500,5,moderate,1.0,50,569531098,2,42,firm_1,ir_operational,1.0
4,0.6,9.0,500,5,moderate,1.0,50,569531098,2,42,firm_1,ir_accuracy,1.0
4,0.6,9.0,500,5,moderate,1.0,50,569531098,2,42,firm_2,phi_operational,35.05258403720798
4,0.6,9.0,500,5,moderate,1.0,50,569531098,2,42,firm_2,phi_accuracy,0.04511638064321957
4,0.6,9.0,500,5,moderate,1.0,50,569531098,2,42,firm_2,ir_operational,1.0
4,0.6,9.0,500,5,moderate,1.0,50,569531098,2,42,firm_2,ir_accuracy,1.0
4,0.6,9.0,500,5,moderate,1.0,50,569531098,2,42,firm_3,phi_operational,17.560805312370654
4,0.6,9.0,500,5,moderate,1.0,50,569531098,2,42,firm_3,phi_accuracy,0.02056907260577818
4,0.6,9.0,500,5,moderate,1.0,50,569531098,2,42,firm_3,ir_operational,1.0
4,0.6,9.0,500,5,moderate,1.0,50,569531098,2,42,firm_3,ir_accuracy,1.0
4,0.6,9.0,500,5,moderate,1.0,50,569531098,2,42,_summary,v_op_N,87.4549706840935
4,0.6,9.0,500,5,moderate,1.0,50,569531098,2,42,_summary,v_acc_N,0.11279004048880903
4,0.6,9.0,500,5,moderate,1.0,50,569531098,2,42,_summary,spearman_rho,0.19999999999999996
4,0.6,9.0,500,5,moderate,1.0,50,569531098,2,42,_summary,payment_displacement,0.052221595407500196
4,0.6,9.0,500,5,moderate,1.0,50,569531098,2,42,_summary,any_rank_reversal,1.0
4,0.6,9.0,500,5,moderate,1.0,50,569531098,2,42,_summary,efficiency_gap_op,0.0
4,0.6,9.0,500,5,moderate,1.0,50,1337295874,3,42,firm_0,phi_operational,4.1290549531379
4,0.6,9.0,500,5,moderate,1.0,50,1337295874,3,42,firm_0,phi_accuracy,0.004766002764767472
4,0.6,9.0,500,5,moderate,1.0,50,1337295874,3,42,firm_0,ir_operational,1.0
4,0.6,9.0,500,5,moderate,1.0,50,1337295874,3,42,firm_0,ir_accuracy,1.0
4,0.6,9.0,500,5,moderate,1.0,50,1337295874,3,42,firm_1,phi_operational,-1.7229914915394224
4,0.6,9.0,500,5,moderate,1.0,50,1337295874,3,42,firm_1,phi_accuracy,-0.0038050573894485946
4,0.6,9.0,500,5,moderate,1.0,50,1337295874,3,42,firm_1,ir_operational,0.0
4,0.6,9.0,500,5,moderate,1.0,50,1337295874,3,42,firm_1,ir_accuracy,0.0
4,0.6,9.0,500,5,moderate,1.0,50,1337295874,3,42,firm_2,phi_operational,-5.957352647333929
4,0.6,9.0,500,5,moderate,1.0,50,1337295874,3,42,firm_2,phi_accuracy,0.0017137631605343522
4,0.6,9.0,500,5,moderate,1.0,50,1337295874,3,42,firm_2,ir_operational,0.0
4,0.6,9.0,500,5,moderate,1.0,50,1337295874,3,42,firm_2,ir_accuracy,1.0
4,0.6,9.0,500,5,moderate,1.0,50,1337295874,3,42,firm_3,phi_operational,24.531439207652774
4,0.6,9.0,500,5,moderate,1.0,50,1337295874,3,42,firm_3,phi_accuracy,0.007526299140922445
4,0.6,9.0,500,5,moderate,1.0,50,1337295874,3,42,firm_3,ir_operational,1.0
4,0.6,9.0,500,5,moderate,1.0,50,1337295874,3,42,firm_3,ir_accuracy,1.0
4,0.6,9.0,500,5,moderate,1.0,50,1337295874,3,42,_summary,v_op_N,20.980150021917325
4,0.6,9.0,500,5,moderate,1.0,50,1337295874,3,42,_summary,v_acc_N,0.010201007676775675
4,0.6,9.0,500,5,moderate,1.0,50,1337295874,3,42,_summary,spearman_rho,0.8
4,0.6,9.0,500,5,moderate,1.0,50,1337295874,3,42,_summary,payment_displacement,0.20820300519499318
4,0.6,9.0,500,5,moderate,1.0,50,1337295874,3,42,_summary,any_rank_reversal,1.0
4,0.6,9.0,500,5,moderate,1.0,50,1337295874,3,42,_summary,efficiency_gap_op,3.552713678800501e-15
4,0.6,9.0,500,5,moderate,1.0,50,612016888,4,42,firm_0,phi_operational,-50.03008051156397
4,0.6,9.0,500,5,moderate,1.0,50,612016888,4,42,firm_0,phi_accuracy,0.02417767081846269
4,0.6,9.0,500,5,moderate,1.0,50,612016888,4,42,firm_0,ir_operational,0.0
4,0.6,9.0,500,5,moderate,1.0,50,612016888,4,42,firm_0,ir_accuracy,1.0
4,0.6,9.0,500,5,moderate,1.0,50,612016888,4,42,firm_1,phi_operational,-6.012143698426674
4,0.6,9.0,500,5,moderate,1.0,50,612016888,4,42,firm_1,phi_accuracy,0.0015239934424994828
4,0.6,9.0,500,5,moderate,1.0,50,612016888,4,42,firm_1,ir_operational,0.0
4,0.6,9.0,500,5,moderate,1.0,50,612016888,4,42,firm_1,ir_accuracy,1.0
4,0.6,9.0,500,5,moderate,1.0,50,612016888,4,42,firm_2,phi_operational,6.993575384729448
4,0.6,9.0,500,5,moderate,1.0,50,612016888,4,42,firm_2,phi_accuracy,0.00558442248659365
4,0.6,9.0,500,5,moderate,1.0,50,612016888,4,42,firm_2,ir_operational,1.0
4,0.6,9.0,500,5,moderate,1.0,50,612016888,4,42,firm_2,ir_accuracy,1.0
4,0.6,9.0,500,5,moderate,1.0,50,612016888,4,42,firm_3,phi_operational,-31.513596468380833
4,0.6,9.0,500,5,moderate,1.0,50,612016888,4,42,firm_3,phi_accuracy,-0.0034911562463114483
4,0.6,9.0,500,5,moderate,1.0,50,612016888,4,42,firm_3,ir_operational,0.0
4,0.6,9.0,500,5,moderate,1.0,50,612016888,4,42,firm_3,ir_accuracy,0.0
4,0.6,9.0,500,5,moderate,1.0,50,612016888,4,42,_summary,v_op_N,-80.56224529364204
4,0.6,9.0,500,5,moderate,1.0,50,612016888,4,42,_summary,v_acc_N,0.027794930501244375
4,0.6,9.0,500,5,moderate,1.0,50,612016888,4,42,_summary,spearman_rho,-0.19999999999999996
4,0.6,9.0,500,5,moderate,1.0,50,612016888,4,42,_summary,payment_displacement,0.41282317334697294
4,0.6,9.0,500,5,moderate,1.0,50,612016888,4,42,_summary,any_rank_reversal,1.0
4,0.6,9.0,500,5,moderate,1.0,50,612016888,4,42,_summary,efficiency_gap_op,0.0
4,0.6,9.0,500,5,moderate,1.0,50,232150720,5,42,firm_0,phi_operational,10.942737007729837
4,0.6,9.0,500,5,moderate,1.0,50,232150720,5,42,firm_0,phi_accuracy,0.012733887908702963
4,0.6,9.0,500,5,moderate,1.0,50,232150720,5,42,firm_0,ir_operational,1.0
4,0.6,9.0,500,5,moderate,1.0,50,232150720,5,42,firm_0,ir_accuracy,1.0
4,0.6,9.0,500,5,moderate,1.0,50,232150720,5,42,firm_1,phi_operational,30.847811232211708
4,0.6,9.0,500,5,moderate,1.0,50,232150720,5,42,firm_1,phi_accuracy,0.006813239774795088
4,0.6,9.0,500,5,moderate,1.0,50,232150720,5,42,firm_1,ir_operational,1.0
4,0.6,9.0,500,5,moderate,1.0,50,232150720,5,42,firm_1,ir_accuracy,1.0
4,0.6,9.0,500,5,moderate,1.0,50,232150720,5,42,firm_2,phi_operational,43.643502732731264
4,0.6,9.0,500,5,moderate,1.0,50,232150720,5,42,firm_2,phi_accuracy,0.016556364209573515
4,0.6,9.0,500,5,moderate,1.0,50,232150720,5,42,firm_2,ir_operational,1.0
4,0.6,9.0,500,5,moderate,1.0,50,232150720,5,42,firm_2,ir_accuracy,1.0
4,0.6,9.0,500,5,moderate,1.0,50,232150720,5,42,firm_3,phi_operational,13.113928379699473
4,0.6,9.0,500,5,moderate,1.0,50,232150720,5,42,firm_3,phi_accuracy,0.018598632221241952
4,0.6,9.0,500,5,moderate,1.0,50,232150720,5,42,firm_3,ir_operational,1.0
4,0.6,9.0,500,5,moderate,1.0,50,232150720,5,42,firm_3,ir_accuracy,1.0
4,0.6,9.0,500,5,moderate,1.0,50,232150720,5,42,_summary,v_op_N,98.5479793523723
4,0.6,9.0,500,5,moderate,1.0,50,232150720,5,42,_summary,v_acc_N,0.05470212411431352
4,0.6,9.0,500,5,moderate,1.0,50,232150720,5,42,_summary,spearman_rho,0.0
4,0.6,9.0,500,5,moderate,1.0,50,232150720,5,42,_summary,payment_displacement,0.16433657121964595
4,0.6,9.0,500,5,moderate,1.0,50,232150720,5,42,_summary,any_rank_reversal,1.0
4,0.6,9.0,500,5,moderate,1.0,50,232150720,5,42,_summary,efficiency_gap_op,1.4210854715202004e-14
4,0.6,9.0,500,5,moderate,1.0,50,2324106676,6,42,firm_0,phi_operational,6.768143918447207
4,0.6,9.0,500,5,moderate,1.0,50,2324106676,6,42,firm_0,phi_accuracy,0.02296266184287112
4,0.6,9.0,500,5,moderate,1.0,50,2324106676,6,42,firm_0,ir_operational,1.0
4,0.6,9.0,500,5,moderate,1.0,50,2324106676,6,42,firm_0,ir_accuracy,1.0
4,0.6,9.0,500,5,moderate,1.0,50,2324106676,6,42,firm_1,phi_operational,26.510248564229528
4,0.6,9.0,500,5,moderate,1.0,50,2324106676,6,42,firm_1,phi_accuracy,0.01736229540567874
4,0.6,9.0,500,5,moderate,1.0,50,2324106676,6,42,firm_1,ir_operational,1.0
4,0.6,9.0,500,5,moderate,1.0,50,2324106676,6,42,firm_1,ir_accuracy,1.0
4,0.6,9.0,500,5,moderate,1.0,50,2324106676,6,42,firm_2,phi_operational,-10.511853584197713
4,0.6,9.0,500,5,moderate,1.0,50,2324106676,6,42,firm_2,phi_accuracy,0.0008648879355766523
4,0.6,9.0,500,5,moderate,1.0,50,2324106676,6,42,firm_2,ir_operational,0.0
4,0.6,9.0,500,5,moderate,1.0,50,2324106676,6,42,firm_2,ir_accuracy,1.0
4,0.6,9.0,500,5,moderate,1.0,50,2324106676,6,42,firm_3,phi_operational,37.57502710085346
4,0.6,9.0,500,5,moderate,1.0,50,2324106676,6,42,firm_3,phi_accuracy,0.01311233330571913
4,0.6,9.0,500,5,moderate,1.0,50,2324106676,6,42,firm_3,ir_operational,1.0
4,0.6,9.0,500,5,moderate,1.0,50,2324106676,6,42,firm_3,ir_accuracy,1.0
4,0.6,9.0,500,5,moderate,1.0,50,2324106676,6,42,_summary,v_op_N,60.34156599933249
4,0.6,9.0,500,5,moderate,1.0,50,2324106676,6,42,_summary,v_acc_N,0.05430217848984564
4,0.6,9.0,500,5,moderate,1.0,50,2324106676,6,42,_summary,spearman_rho,0.19999999999999996
4,0.6,9.0,500,5,moderate,1.0,50,2324106676,6,42,_summary,payment_displacement,0.17780662440914485
4,0.6,9.0,500,5,moderate,1.0,50,2324106676,6,42,_summary,any_rank_reversal,1.0
4,0.6,9.0,500,5,moderate,1.0,50,2324106676,6,42,_summary,efficiency_gap_op,7.105427357601002e-15
4,0.6,9.0,500,5,moderate,1.0,50,1658700540,7,42,firm_0,phi_operational,-30.287320654552026
4,0.6,9.0,500,5,moderate,1.0,50,1658700540,7,42,firm_0,phi_accuracy,0.012392347791672243
4,0.6,9.0,500,5,moderate,1.0,50,1658700540,7,42,firm_0,ir_operational,0.0
4,0.6,9.0,500,5,moderate,1.0,50,1658700540,7,42,firm_0,ir_accuracy,1.0
4,0.6,9.0,500,5,moderate,1.0,50,1658700540,7,42,firm_1,phi_operational,-18.799429609343214
4,0.6,9.0,500,5,moderate,1.0,50,1658700540,7,42,firm_1,phi_accuracy,0.020692975782759887
4,0.6,9.0,500,5,moderate,1.0,50,1658700540,7,42,firm_1,ir_operational,0.0
4,0.6,9.0,500,5,moderate,1.0,50,1658700540,7,42,firm_1,ir_accuracy,1.0
4,0.6,9.0,500,5,moderate,1.0,50,1658700540,7,42,firm_2,phi_operational,9.056459664924507
4,0.6,9.0,500,5,moderate,1.0,50,1658700540,7,42,firm_2,phi_accuracy,0.01596544411128134
4,0.6,9.0,500,5,moderate,1.0,50,1658700540,7,42,firm_2,ir_operational,1.0
4,0.6,9.0,500,5,moderate,1.0,50,1658700540,7,42,firm_2,ir_accuracy,1.0
4,0.6,9.0,500,5,moderate,1.0,50,1658700540,7,42,firm_3,phi_operational,-28.470369286497203
4,0.6,9.0,500,5,moderate,1.0,50,1658700540,7,42,firm_3,phi_accuracy,0.006289621712608171
4,0.6,9.0,500,5,moderate,1.0,50,1658700540,7,42,firm_3,ir_operational,0.0
4,0.6,9.0,500,5,moderate,1.0,50,1658700540,7,42,firm_3,ir_accuracy,1.0
4,0.6,9.0,500,5,moderate,1.0,50,1658700540,7,42,_summary,v_op_N,-68.50065988546794
4,0.6,9.0,500,5,moderate,1.0,50,1658700540,7,42,_summary,v_acc_N,0.05534038939832164
4,0.6,9.0,500,5,moderate,1.0,50,1658700540,7,42,_summary,spearman_rho,0.6
4,0.6,9.0,500,5,moderate,1.0,50,1658700540,7,42,_summary,payment_displacement,0.4477191697436175
4,0.6,9.0,500,5,moderate,1.0,50,1658700540,7,42,_summary,any_rank_reversal,1.0
4,0.6,9.0,500,5,moderate,1.0,50,1658700540,7,42,_summary,efficiency_gap_op,0.0
4,0.6,9.0,500,5,moderate,1.0,50,609942288,8,42,firm_0,phi_operational,30.421352534635464
4,0.6,9.0,500,5,moderate,1.0,50,609942288,8,42,firm_0,phi_accuracy,0.01886682758645747
4,0.6,9.0,500,5,moderate,1.0,50,609942288,8,42,firm_0,ir_operational,1.0
4,0.6,9.0,500,5,moderate,1.0,50,609942288,8,42,firm_0,ir_accuracy,1.0
4,0.6,9.0,500,5,moderate,1.0,50,609942288,8,42,firm_1,phi_operational,-6.981412239160969
4,0.6,9.0,500,5,moderate,1.0,50,609942288,8,42,firm_1,phi_accuracy,0.0498725484977332
4,0.6,9.0,500,5,moderate,1.0,50,609942288,8,42,firm_1,ir_operational,0.0
4,0.6,9.0,500,5,moderate,1.0,50,609942288,8,42,firm_1,ir_accuracy,1.0
4,0.6,9.0,500,5,moderate,1.0,50,609942288,8,42,firm_2,phi_operational,-2.0914667322165315
4,0.6,9.0,500,5,moderate,1.0,50,609942288,8,42,firm_2,phi_accuracy,0.021607859347689034
4,0.6,9.0,500,5,moderate,1.0,50,609942288,8,42,firm_2,ir_operational,0.0
4,0.6,9.0,500,5,moderate,1.0,50,609942288,8,42,firm_2,ir_accuracy,1.0
4,0.6,9.0,500,5,moderate,1.0,50,609942288,8,42,firm_3,phi_operational,-1.7273248868868147
4,0.6,9.0,500,5,moderate,1.0,50,609942288,8,42,firm_3,phi_accuracy,0.028243671760745066
4,0.6,9.0,500,5,moderate,1.0,50,609942288,8,42,firm_3,ir_operational,0.0
4,0.6,9.0,500,5,moderate,1.0,50,609942288,8,42,firm_3,ir_accuracy,1.0
4,0.6,9.0,500,5,moderate,1.0,50,609942288,8,42,_summary,v_op_N,19.62114867637115
4,0.6,9.0,500,5,moderate,1.0,50,609942288,8,42,_summary,v_acc_N,0.11859090719262477
4,0.6,9.0,500,5,moderate,1.0,50,609942288,8,42,_summary,spearman_rho,-0.8
4,0.6,9.0,500,5,moderate,1.0,50,609942288,8,42,_summary,payment_displacement,0.4204541560840123
4,0.6,9.0,500,5,moderate,1.0,50,609942288,8,42,_summary,any_rank_reversal,1.0
4,0.6,9.0,500,5,moderate,1.0,50,609942288,8,42,_summary,efficiency_gap_op,0.0
4,0.6,9.0,500,5,moderate,1.0,50,3405943863,9,42,firm_0,phi_operational,19.06206739850586
4,0.6,9.0,500,5,moderate,1.0,50,3405943863,9,42,firm_0,phi_accuracy,0.02151645099306352
4,0.6,9.0,500,5,moderate,1.0,50,3405943863,9,42,firm_0,ir_operational,1.0
4,0.6,9.0,500,5,moderate,1.0,50,3405943863,9,42,firm_0,ir_accuracy,1.0
4,0.6,9.0,500,5,moderate,1.0,50,3405943863,9,42,firm_1,phi_operational,4.0643537043685
4,0.6,9.0,500,5,moderate,1.0,50,3405943863,9,42,firm_1,phi_accuracy,0.03393531296598351
4,0.6,9.0,500,5,moderate,1.0,50,3405943863,9,42,firm_1,ir_operational,1.0
4,0.6,9.0,500,5,moderate,1.0,50,3405943863,9,42,firm_1,ir_accuracy,1.0
4,0.6,9.0,500,5,moderate,1.0,50,3405943863,9,42,firm_2,phi_operational,-15.87467398413143
4,0.6,9.0,500,5,moderate,1.0,50,3405943863,9,42,firm_2,phi_accuracy,0.01204745871453374
4,0.6,9.0,500,5,moderate,1.0,50,3405943863,9,42,firm_2,ir_operational,0.0
4,0.6,9.0,500,5,moderate,1.0,50,3405943863,9,42,firm_2,ir_accuracy,1.0
4,0.6,9.0,500,5,moderate,1.0,50,3405943863,9,42,firm_3,phi_operational,18.887489062111207
4,0.6,9.0,500,5,moderate,1.0,50,3405943863,9,42,firm_3,phi_accuracy,-0.0038804982022206946
4,0.6,9.0,500,5,moderate,1.0,50,3405943863,9,42,firm_3,ir_operational,1.0
4,0.6,9.0,500,5,moderate,1.0,50,3405943863,9,42,firm_3,ir_accuracy,0.0
4,0.6,9.0,500,5,moderate,1.0,50,3405943863,9,42,_summary,v_op_N,26.13923618085414
4,0.6,9.0,500,5,moderate,1.0,50,3405943863,9,42,_summary,v_acc_N,0.06361872447136008
4,0.6,9.0,500,5,moderate,1.0,50,3405943863,9,42,_summary,spearman_rho,0.0
4,0.6,9.0,500,5,moderate,1.0,50,3405943863,9,42,_summary,payment_displacement,0.3141767984047581
4,0.6,9.0,500,5,moderate,1.0,50,3405943863,9,42,_summary,any_rank_reversal,1.0
4,0.6,9.0,500,5,moderate,1.0,50,3405943863,9,42,_summary,efficiency_gap_op,3.552713678800501e-15
4,0.6,9.0,500,5,moderate,1.0,50,2257503667,10,42,firm_0,phi_operational,-11.759589952431764
4,0.6,9.0,500,5,moderate,1.0,50,2257503667,10,42,firm_0,phi_accuracy,0.0834499851463656
4,0.6,9.0,500,5,moderate,1.0,50,2257503667,10,42,firm_0,ir_operational,0.0
4,0.6,9.0,500,5,moderate,1.0,50,2257503667,10,42,firm_0,ir_accuracy,1.0
4,0.6,9.0,500,5,moderate,1.0,50,2257503667,10,42,firm_1,phi_operational,4.859816080552339
4,0.6,9.0,500,5,moderate,1.0,50,2257503667,10,42,firm_1,phi_accuracy,0.026021112058835078
4,0.6,9.0,500,5,moderate,1.0,50,2257503667,10,42,firm_1,ir_operational,1.0
4,0.6,9.0,500,5,moderate,1.0,50,2257503667,10,42,firm_1,ir_accuracy,1.0
4,0.6,9.0,500,5,moderate,1.0,50,2257503667,10,42,firm_2,phi_operational,11.187748699461887
4,0.6,9.0,500,5,moderate,1.0,50,2257503667,10,42,firm_2,phi_accuracy,0.033919940554735774
4,0.6,9.0,500,5,moderate,1.0,50,2257503667,10,42,firm_2,ir_operational,1.0
4,0.6,9.0,500,5,moderate,1.0,50,2257503667,10,42,firm_2,ir_accuracy,1.0
4,0.6,9.0,500,5,moderate,1.0,50,2257503667,10,42,firm_3,phi_operational,-20.706519581634172
4,0.6,9.0,500,5,moderate,1.0,50,2257503667,10,42,firm_3,phi_accuracy,0.03979276279617791
4,0.6,9.0,500,5,moderate,1.0,50,2257503667,10,42,firm_3,ir_operational,0.0
4,0.6,9.0,500,5,moderate,1.0,50,2257503667,10,42,firm_3,ir_accuracy,1.0
4,0.6,9.0,500,5,moderate,1.0,50,2257503667,10,42,_summary,v_op_N,-16.41854475405171
4,0.6,9.0,500,5,moderate,1.0,50,2257503667,10,42,_summary,v_acc_N,0.18318380055611438
4,0.6,9.0,500,5,moderate,1.0,50,2257503667,10,42,_summary,spearman_rho,-0.6000000000000001
4,0.6,9.0,500,5,moderate,1.0,50,2257503667,10,42,_summary,payment_displacement,0.35732848132990225
4,0.6,9.0,500,5,moderate,1.0,50,2257503667,10,42,_summary,any_rank_reversal,1.0
4,0.6,9.0,500,5,moderate,1.0,50,2257503667,10,42,_summary,efficiency_gap_op,0.0
4,0.6,9.0,500,5,moderate,1.0,50,4018327298,11,42,firm_0,phi_operational,-6.20578122574843
4,0.6,9.0,500,5,moderate,1.0,50,4018327298,11,42,firm_0,phi_accuracy,0.03951173120337649
4,0.6,9.0,500,5,moderate,1.0,50,4018327298,11,42,firm_0,ir_operational,0.0
4,0.6,9.0,500,5,moderate,1.0,50,4018327298,11,42,firm_0,ir_accuracy,1.0
4,0.6,9.0,500,5,moderate,1.0,50,4018327298,11,42,firm_1,phi_operational,-8.91987506194219
4,0.6,9.0,500,5,moderate,1.0,50,4018327298,11,42,firm_1,phi_accuracy,0.016366186004805123
4,0.6,9.0,500,5,moderate,1.0,50,4018327298,11,42,firm_1,ir_operational,0.0
4,0.6,9.0,500,5,moderate,1.0,50,4018327298,11,42,firm_1,ir_accuracy,1.0
4,0.6,9.0,500,5,moderate,1.0,50,4018327298,11,42,firm_2,phi_operational,20.54003668416849
4,0.6,9.0,500,5,moderate,1.0,50,4018327298,11,42,firm_2,phi_accuracy,0.008376212711979414
4,0.6,9.0,500,5,moderate,1.0,50,4018327298,11,42,firm_2,ir_operational,1.0
4,0.6,9.0,500,5,moderate,1.0,50,4018327298,11,42,firm_2,ir_accuracy,1.0
4,0.6,9.0,500,5,moderate,1.0,50,4018327298,11,42,firm_3,phi_operational,42.91197876916989
4,0.6,9.0,500,5,moderate,1.0,50,4018327298,11,42,firm_3,phi_accuracy,-0.0015019473362077131
4,0.6,9.0,500,5,moderate,1.0,50,4018327298,11,42,firm_3,ir_operational,1.0
4,0.6,9.0,500,5,moderate,1.0,50,4018327298,11,42,firm_3,ir_accuracy,0.0
4,0.6,9.0,500,5,moderate,1.0,50,4018327298,11,42,_summary,v_op_N,48.32635916564777
4,0.6,9.0,500,5,moderate,1.0,50,4018327298,11,42,_summary,v_acc_N,0.06275218258395332
4,0.6,9.0,500,5,moderate,1.0,50,4018327298,11,42,_summary,spearman_rho,-0.8
4,0.6,9.0,500,5,moderate,1.0,50,4018327298,11,42,_summary,payment_displacement,0.4363084519192393
4,0.6,9.0,500,5,moderate,1.0,50,4018327298,11,42,_summary,any_rank_reversal,1.0
4,0.6,9.0,500,5,moderate,1.0,50,4018327298,11,42,_summary,efficiency_gap_op,7.105427357601002e-15
4,0.6,9.0,500,5,moderate,1.0,50,2224437599,12,42,firm_0,phi_operational,13.031148211967414
4,0.6,9.0,500,5,moderate,1.0,50,2224437599,12,42,firm_0,phi_accuracy,0.026072640435644924
4,0.6,9.0,500,5,moderate,1.0,50,2224437599,12,42,firm_0,ir_operational,1.0
4,0.6,9.0,500,5,moderate,1.0,50,2224437599,12,42,firm_0,ir_accuracy,1.0
4,0.6,9.0,500,5,moderate,1.0,50,2224437599,12,42,firm_1,phi_operational,28.037811974176048
4,0.6,9.0,500,5,moderate,1.0,50,2224437599,12,42,firm_1,phi_accuracy,0.005819241401819978
4,0.6,9.0,500,5,moderate,1.0,50,2224437599,12,42,firm_1,ir_operational,1.0
4,0.6,9.0,500,5,moderate,1.0,50,2224437599,12,42,firm_1,ir_accuracy,1.0
4,0.6,9.0,500,5,moderate,1.0,50,2224437599,12,42,firm_2,phi_operational,-6.362168376002178
4,0.6,9.0,500,5,moderate,1.0,50,2224437599,12,42,firm_2,phi_accuracy,0.008257593488109855
4,0.6,9.0,500,5,moderate,1.0,50,2224437599,12,42,firm_2,ir_operational,0.0
4,0.6,9.0,500,5,moderate,1.0,50,2224437599,12,42,firm_2,ir_accuracy,1.0
4,0.6,9.0,500,5,moderate,1.0,50,2224437599,12,42,firm_3,phi_operational,-13.377696633569428
4,0.6,9.0,500,5,moderate,1.0,50,2224437599,12,42,firm_3,phi_accuracy,-0.026508765754300924
4,0.6,9.0,500,5,moderate,1.0,50,2224437599,12,42,firm_3,ir_operational,0.0
4,0.6,9.0,500,5,moderate,1.0,50,2224437599,12,42,firm_3,ir_accuracy,0.0
4,0.6,9.0,500,5,moderate,1.0,50,2224437599,12,42,_summary,v_op_N,21.329095176571855
4,0.6,9.0,500,5,moderate,1.0,50,2224437599,12,42,_summary,v_acc_N,0.013640709571273835
4,0.6,9.0,500,5,moderate,1.0,50,2224437599,12,42,_summary,spearman_rho,0.4
4,0.6,9.0,500,5,moderate,1.0,50,2224437599,12,42,_summary,payment_displacement,0.23920369155984317
4,0.6,9.0,500,5,moderate,1.0,50,2224437599,12,42,_summary,any_rank_reversal,1.0
4,0.6,9.0,500,5,moderate,1.0,50,2224437599,12,42,_summary,efficiency_gap_op,0.0
4,0.6,9.0,500,5,moderate,1.0,50,168388230,13,42,firm_0,phi_operational,-14.47383836142016
4,0.6,9.0,500,5,moderate,1.0,50,168388230,13,42,firm_0,phi_accuracy,0.03008626949047775
4,0.6,9.0,500,5,moderate,1.0,50,168388230,13,42,firm_0,ir_operational,0.0
4,0.6,9.0,500,5,moderate,1.0,50,168388230,13,42,firm_0,ir_accuracy,1.0
4,0.6,9.0,500,5,moderate,1.0,50,168388230,13,42,firm_1,phi_operational,29.623636638285724
4,0.6,9.0,500,5,moderate,1.0,50,168388230,13,42,firm_1,phi_accuracy,-5.852611225245119e-05
4,0.6,9.0,500,5,moderate,1.0,50,168388230,13,42,firm_1,ir_operational,1.0
4,0.6,9.0,500,5,moderate,1.0,50,168388230,13,42,firm_1,ir_accuracy,0.0
4,0.6,9.0,500,5,moderate,1.0,50,168388230,13,42,firm_2,phi_operational,22.626890900418818
4,0.6,9.0,500,5,moderate,1.0,50,168388230,13,42,firm_2,phi_accuracy,0.004502614776053885
4,0.6,9.0,500,5,moderate,1.0,50,168388230,13,42,firm_2,ir_operational,1.0
4,0.6,9.0,500,5,moderate,1.0,50,168388230,13,42,firm_2,ir_accuracy,1.0
4,0.6,9.0,500,5,moderate,1.0,50,168388230,13,42,firm_3,phi_operational,58.35116773231361
4,0.6,9.0,500,5,moderate,1.0,50,168388230,13,42,firm_3,phi_accuracy,0.0027273986160885055
4,0.6,9.0,500,5,moderate,1.0,50,168388230,13,42,firm_3,ir_operational,1.0
4,0.6,9.0,500,5,moderate,1.0,50,168388230,13,42,firm_3,ir_accuracy,1.0
4,0.6,9.0,500,5,moderate,1.0,50,168388230,13,42,_summary,v_op_N,96.127856909598
4,0.6,9.0,500,5,moderate,1.0,50,168388230,13,42,_summary,v_acc_N,0.03725775677036769
4,0.6,9.0,500,5,moderate,1.0,50,168388230,13,42,_summary,spearman_rho,-0.8
4,0.6,9.0,500,5,moderate,1.0,50,168388230,13,42,_summary,payment_displacement,0.40327691850624614
4,0.6,9.0,500,5,moderate,1.0,50,168388230,13,42,_summary,any_rank_reversal,1.0
4,0.6,9.0,500,5,moderate,1.0,50,168388230,13,42,_summary,efficiency_gap_op,0.0
4,0.6,9.0,500,5,moderate,1.0,50,911875363,14,42,firm_0,phi_operational,-16.447539048638987
4,0.6,9.0,500,5,moderate,1.0,50,911875363,14,42,firm_0,phi_accuracy,0.06477099691582465
4,0.6,9.0,500,5,moderate,1.0,50,911875363,14,42,firm_0,ir_operational,0.0
4,0.6,9.0,500,5,moderate,1.0,50,911875363,14,42,firm_0,ir_accuracy,1.0
4,0.6,9.0,500,5,moderate,1.0,50,911875363,14,42,firm_1,phi_operational,-14.03256562028533
4,0.6,9.0,500,5,moderate,1.0,50,911875363,14,42,firm_1,phi_accuracy,0.009063912349364794
4,0.6,9.0,500,5,moderate,1.0,50,911875363,14,42,firm_1,ir_operational,0.0
4,0.6,9.0,500,5,moderate,1.0,50,911875363,14,42,firm_1,ir_accuracy,1.0
4,0.6,9.0,500,5,moderate,1.0,50,911875363,14,42,firm_2,phi_operational,7.971635232707361
4,0.6,9.0,500,5,moderate,1.0,50,911875363,14,42,firm_2,phi_accuracy,0.030799495650756393
4,0.6,9.0,500,5,moderate,1.0,50,911875363,14,42,firm_2,ir_operational,1.0
4,0.6,9.0,500,5,moderate,1.0,50,911875363,14,42,firm_2,ir_accuracy,1.0
4,0.6,9.0,500,5,moderate,1.0,50,911875363,14,42,firm_3,phi_operational,-23.402836381467978
4,0.6,9.0,500,5,moderate,1.0,50,911875363,14,42,firm_3,phi_accuracy,0.03839616554744267
4,0.6,9.0,500,5,moderate,1.0,50,911875363,14,42,firm_3,ir_operational,0.0
4,0.6,9.0,500,5,moderate,1.0,50,911875363,14,42,firm_3,ir_accuracy,1.0
4,0.6,9.0,500,5,moderate,1.0,50,911875363,14,42,_summary,v_op_N,-45.911305817684934
4,0.6,9.0,500,5,moderate,1.0,50,911875363,14,42,_summary,v_acc_N,0.14303057046338852
4,0.6,9.0,500,5,moderate,1.0,50,911875363,14,42,_summary,spearman_rho,-0.6000000000000001
4,0.6,9.0,500,5,moderate,1.0,50,911875363,14,42,_summary,payment_displacement,0.4355614757068344
4,0.6,9.0,500,5,moderate,1.0,50,911875363,14,42,_summary,any_rank_reversal,1.0
4,0.6,9.0,500,5,moderate,1.0,50,911875363,14,42,_summary,efficiency_gap_op,0.0
