cell,firm,ch,cb,L,service_level,w,kappa_eff
k1,firm_0,1.0,9.0,1,0.95,2.4819212119277814,1.0
k1,firm_1,1.0,9.0,1,0.95,2.4819212119277814,1.0
k1,firm_2,1.0,9.0,1,0.95,2.4819212119277814,1.0
k1,firm_3,1.0,9.0,1,0.95,2.4819212119277814,1.0
k2,firm_0,1.0,4.0,1,0.95,1.9796297239436977,1.3402108771812469
k2,firm_1,1.0,6.0,1,0.95,2.233772353052389,1.3402108771812469
k2,firm_2,1.0,9.0,1,0.95,2.4819212119277814,1.3402108771812469
k2,firm_3,1.0,12.0,1,0.95,2.653121288820653,1.3402108771812469
k5,firm_0,1.0,2.0,1,0.95,1.5426231978649074,1.9894858610763237
k5,firm_1,1.0,5.0,1,0.95,2.1200555327283306,1.9894858610763237
k5,firm_2,1.0,12.0,1,0.95,2.653121288820653,1.9894858610763237
k5,firm_3,1.0,25.0,1,0.95,3.0690270411205773,1.9894858610763237
