firm,n_train_rows,true_sigma,true_gamma,singleton_value,zk_shapley_payment,equal_split_payment,proportional_payment
firm_0,523,2.0333333333333337,0.8166666666666665,0.9831887927873733,0.09434985622272435,0.10900235355247792,0.16971786516208975
firm_1,96,1.6555555555555557,0.5833333333333333,1.0149729533486145,0.10967140476036177,0.10900235355247792,0.03115280125346198
firm_2,469,2.2222222222222223,1.2833333333333332,1.061038737841236,0.13130684199713455,0.10900235355247792,0.1521944144570174
firm_3,149,1.4666666666666668,0.7,0.9442780094183263,0.09938464715779129,0.10900235355247792,0.048351743612144116
firm_4,256,2.6,1.4,1.0238495422114648,0.11056762341715065,0.10900235355247792,0.08307413667589862
firm_5,416,1.088888888888889,0.4666666666666666,1.0453048360511485,0.12164374023454251,0.10900235355247792,0.13499547209833526
firm_6,203,2.4111111111111114,0.9333333333333332,0.8256627399559648,0.09103771703015502,0.10900235355247792,0.06587519431721649
firm_7,309,0.9,1.0499999999999998,1.0070568285610229,0.11383837491430239,0.10900235355247792,0.10027307903458077
firm_8,363,1.277777777777778,0.35,1.0642816248984914,0.11784700954600144,0.10900235355247792,0.11779652973965313
firm_9,575,1.8444444444444446,1.1666666666666665,0.9500560437348908,0.10037632024461526,0.10900235355247792,0.18659229917438167
