scenario,n_contributing_firms,forecast_rmse,total_inventory_cost,fill_rate,bullwhip_ratio
NO_SHARING,0,3.457233507801865,8077.0706806516955,0.95,7.112195497569325
PARTIAL_1_of_10_firms,1,2.507177464066974,7778.779108898207,0.9299999999999999,6.117975064618532
PARTIAL_2_of_10_firms,2,2.461456137837674,7763.320918032829,0.9299999999999999,6.060884249310304
PARTIAL_3_of_10_firms,3,2.384426514738571,7737.277521780877,0.9299999999999999,5.966141027772896
PARTIAL_4_of_10_firms,4,2.3782775916688648,7735.198596380698,0.9299999999999999,5.958656070992589
PARTIAL_5_of_10_firms,5,2.3770815490732167,7734.794219337173,0.9299999999999999,5.957201492184066
PARTIAL_6_of_10_firms,6,2.375997074458515,7734.427562965509,0.9299999999999999,5.9558829748441084
PARTIAL_7_of_10_firms,7,2.373627937085506,7733.626567440695,0.9299999999999999,5.953003796200628
PARTIAL_8_of_10_firms,8,2.366913290298898,7731.356373196977,0.9299999999999999,5.944852879759523
PARTIAL_9_of_10_firms,9,2.367725745004295,7731.631060764928,0.9299999999999999,5.945838388392578
ZK_SHAPLEY_full_participation,10,2.367209972277086,7731.45668014394,0.9299999999999999,5.945212732066753
