seed,cell,kappa_eff,rho_op_vs_rmse,rho_op_vs_mse,rho_op_vs_rmae,rho_op_vs_pinball
2029167940,cost_k1,1.0,0.4,0.4,0.19999999999999996,0.4
1342382291,cost_k1,1.0,0.4,0.19999999999999996,0.4,0.19999999999999996
1469265225,cost_k1,1.0,-1.0,-1.0,-1.0,-1.0
1926751965,cost_k1,1.0,-0.19999999999999996,-0.19999999999999996,0.8,-0.3999999999999999
1241873584,cost_k1,1.0,-0.3999999999999999,-0.8,0.8,0.19999999999999996
1665772334,cost_k1,1.0,0.19999999999999996,0.19999999999999996,-0.19999999999999996,-0.3999999999999999
1790251936,cost_k1,1.0,-0.8,-0.8,0.4,-0.19999999999999996
483628757,cost_k1,1.0,-0.3999999999999999,-0.3999999999999999,0.0,0.4
119253154,cost_k1,1.0,0.8,0.8,0.4,0.8
644602188,cost_k1,1.0,0.8,0.8,0.4,0.4
612176793,cost_k1,1.0,0.8,0.8,0.19999999999999996,1.0
1875941738,cost_k1,1.0,0.19999999999999996,0.19999999999999996,0.4,-0.6000000000000001
1959843383,cost_k1,1.0,-0.8,-0.3999999999999999,-0.3999999999999999,-0.6000000000000001
11307154,cost_k1,1.0,0.4,0.4,0.4,0.4
1073283950,cost_k1,1.0,1.0,1.0,0.8,1.0
1763574598,cost_k1,1.0,0.8,1.0,0.4,0.4
282266798,cost_k1,1.0,0.4,0.8,0.8,0.8
1711693563,cost_k1,1.0,0.8,0.6,0.8,0.19999999999999996
255728784,cost_k1,1.0,-1.0,-1.0,-0.8,-0.3999999999999999
1004882659,cost_k1,1.0,-0.3999999999999999,-0.3999999999999999,-0.6000000000000001,-0.19999999999999996
1753345571,cost_k1,1.0,0.4,0.4,0.4,0.4
650757180,cost_k1,1.0,-0.3999999999999999,-0.3999999999999999,-0.3999999999999999,0.4
733587778,cost_k1,1.0,-0.19999999999999996,-0.19999999999999996,0.6,-0.19999999999999996
597914448,cost_k1,1.0,-0.3999999999999999,-0.3999999999999999,-0.8,-0.8
1545052023,cost_k1,1.0,0.0,0.0,0.8,-0.8
547328271,cost_k1,1.0,0.0,0.0,0.0,0.8
2126996168,cost_k1,1.0,0.6,-0.3999999999999999,0.19999999999999996,-0.8
955794088,cost_k1,1.0,-0.8,-0.8,-0.3999999999999999,-0.8
1026816910,cost_k1,1.0,-1.0,-1.0,-0.8,0.4
1083509134,cost_k1,1.0,-0.3999999999999999,-0.3999999999999999,0.4,-0.3999999999999999
2029167940,cost_k2,2.6,0.19999999999999996,0.19999999999999996,0.4,0.19999999999999996
1342382291,cost_k2,2.6,0.19999999999999996,0.4,0.8,0.4
1469265225,cost_k2,2.6,-0.8,-0.8,-0.8,-0.8
1926751965,cost_k2,2.6,0.4,0.4,0.4,0.19999999999999996
1241873584,cost_k2,2.6,-0.3999999999999999,-0.8,0.8,0.19999999999999996
1665772334,cost_k2,2.6,0.19999999999999996,0.19999999999999996,-0.19999999999999996,-0.3999999999999999
1790251936,cost_k2,2.6,-0.8,-0.8,0.4,-0.19999999999999996
483628757,cost_k2,2.6,0.0,0.0,-0.3999999999999999,0.8
119253154,cost_k2,2.6,0.6,0.6,0.8,-0.8
644602188,cost_k2,2.6,0.8,0.8,0.4,0.4
612176793,cost_k2,2.6,0.8,0.8,0.19999999999999996,0.8
1875941738,cost_k2,2.6,0.19999999999999996,0.19999999999999996,0.4,0.4
1959843383,cost_k2,2.6,-0.3999999999999999,-0.19999999999999996,-0.8,0.0
11307154,cost_k2,2.6,0.4,0.4,0.4,-0.19999999999999996
1073283950,cost_k2,2.6,0.4,0.4,0.0,0.0
1763574598,cost_k2,2.6,0.6,0.8,0.8,0.0
282266798,cost_k2,2.6,0.4,0.8,0.8,0.8
1711693563,cost_k2,2.6,0.4,0.0,0.4,0.8
255728784,cost_k2,2.6,-0.8,-0.8,-0.6000000000000001,-0.19999999999999996
1004882659,cost_k2,2.6,-0.19999999999999996,-0.19999999999999996,0.0,-0.3999999999999999
1753345571,cost_k2,2.6,0.4,0.4,0.4,0.4
650757180,cost_k2,2.6,-0.3999999999999999,-0.3999999999999999,-0.3999999999999999,0.4
733587778,cost_k2,2.6,0.4,0.4,0.8,0.4
597914448,cost_k2,2.6,-0.3999999999999999,-0.3999999999999999,-0.8,-0.8
1545052023,cost_k2,2.6,0.0,0.0,0.8,-0.8
547328271,cost_k2,2.6,0.0,0.0,0.0,0.8
2126996168,cost_k2,2.6,0.6,-0.3999999999999999,0.19999999999999996,-0.8
955794088,cost_k2,2.6,-0.8,-0.8,-0.3999999999999999,-0.8
1026816910,cost_k2,2.6,-1.0,-1.0,-0.8,0.4
1083509134,cost_k2,2.6,-0.8,-0.8,0.8,-0.8
2029167940,cost_k5,8.666666666666666,0.19999999999999996,0.19999999999999996,0.4,0.19999999999999996
1342382291,cost_k5,8.666666666666666,-0.3999999999999999,0.19999999999999996,0.4,0.19999999999999996
1469265225,cost_k5,8.666666666666666,-0.8,-0.8,-0.8,-0.8
1926751965,cost_k5,8.666666666666666,0.4,0.4,0.4,-0.19999999999999996
1241873584,cost_k5,8.666666666666666,-0.3999999999999999,-0.8,0.8,0.19999999999999996
1665772334,cost_k5,8.666666666666666,0.19999999999999996,0.19999999999999996,-0.19999999999999996,-0.8
1790251936,cost_k5,8.666666666666666,-0.3999999999999999,-0.3999999999999999,-0.19999999999999996,-0.8
483628757,cost_k5,8.666666666666666,0.19999999999999996,0.19999999999999996,-0.6000000000000001,0.4
119253154,cost_k5,8.666666666666666,0.0,0.0,0.4,-1.0
644602188,cost_k5,8.666666666666666,0.8,0.8,0.4,-0.3999999999999999
612176793,cost_k5,8.666666666666666,1.0,1.0,0.4,1.0
1875941738,cost_k5,8.666666666666666,0.4,0.4,0.19999999999999996,0.8
1959843383,cost_k5,8.666666666666666,-0.19999999999999996,-0.3999999999999999,-1.0,0.4
11307154,cost_k5,8.666666666666666,0.4,0.4,0.4,-0.3999999999999999
1073283950,cost_k5,8.666666666666666,0.19999999999999996,0.19999999999999996,-0.3999999999999999,-0.3999999999999999
1763574598,cost_k5,8.666666666666666,0.8,0.6,0.4,0.4
282266798,cost_k5,8.666666666666666,0.4,0.8,0.8,0.6
1711693563,cost_k5,8.666666666666666,0.4,0.0,0.4,1.0
255728784,cost_k5,8.666666666666666,-0.3999999999999999,-0.3999999999999999,0.0,-0.3999999999999999
1004882659,cost_k5,8.666666666666666,-0.19999999999999996,-0.19999999999999996,0.0,-0.3999999999999999
1753345571,cost_k5,8.666666666666666,0.4,0.4,0.4,0.8
650757180,cost_k5,8.666666666666666,0.0,0.0,0.0,0.0
733587778,cost_k5,8.666666666666666,0.4,0.4,0.8,0.8
597914448,cost_k5,8.666666666666666,-0.3999999999999999,-0.3999999999999999,-0.8,-0.8
1545052023,cost_k5,8.666666666666666,0.4,0.4,0.6,-0.19999999999999996
547328271,cost_k5,8.666666666666666,0.0,0.0,0.0,0.8
2126996168,cost_k5,8.666666666666666,0.6,-0.3999999999999999,0.19999999999999996,-0.8
955794088,cost_k5,8.666666666666666,-1.0,-1.0,-0.8,-0.8
1026816910,cost_k5,8.666666666666666,-1.0,-1.0,-0.8,0.4
1083509134,cost_k5,8.666666666666666,-1.0,-1.0,1.0,-0.8
2029167940,cost_k10,20.5,0.19999999999999996,0.19999999999999996,0.4,0.19999999999999996
1342382291,cost_k10,20.5,-0.3999999999999999,0.19999999999999996,0.4,0.19999999999999996
1469265225,cost_k10,20.5,-0.8,-0.8,-0.8,-0.8
1926751965,cost_k10,20.5,0.4,0.4,0.4,-0.19999999999999996
1241873584,cost_k10,20.5,-0.3999999999999999,-0.8,0.8,0.19999999999999996
1665772334,cost_k10,20.5,0.19999999999999996,0.19999999999999996,-0.19999999999999996,-0.8
1790251936,cost_k10,20.5,0.0,0.0,-0.3999999999999999,-0.19999999999999996
483628757,cost_k10,20.5,0.4,0.4,0.0,0.4
119253154,cost_k10,20.5,0.0,0.0,0.4,-0.8
644602188,cost_k10,20.5,0.8,0.8,0.4,-0.3999999999999999
612176793,cost_k10,20.5,1.0,1.0,0.4,1.0
1875941738,cost_k10,20.5,0.4,0.4,0.19999999999999996,0.8
1959843383,cost_k10,20.5,-0.19999999999999996,-0.3999999999999999,-1.0,0.8
11307154,cost_k10,20.5,0.0,0.0,0.0,-0.19999999999999996
1073283950,cost_k10,20.5,0.19999999999999996,0.19999999999999996,-0.3999999999999999,-0.8
1763574598,cost_k10,20.5,0.8,0.6,0.4,0.4
282266798,cost_k10,20.5,0.4,0.8,0.8,0.6
1711693563,cost_k10,20.5,0.4,0.0,0.4,0.8
255728784,cost_k10,20.5,-0.3999999999999999,-0.3999999999999999,0.0,-0.3999999999999999
1004882659,cost_k10,20.5,-0.19999999999999996,-0.19999999999999996,0.0,-0.3999999999999999
1753345571,cost_k10,20.5,0.4,0.4,0.4,1.0
650757180,cost_k10,20.5,0.4,0.4,0.4,-0.8
733587778,cost_k10,20.5,0.8,0.8,0.4,0.8
597914448,cost_k10,20.5,-0.3999999999999999,-0.3999999999999999,-0.8,-0.8
1545052023,cost_k10,20.5,0.4,0.4,0.6,0.4
547328271,cost_k10,20.5,0.4,0.4,0.4,0.6
2126996168,cost_k10,20.5,0.6,-0.3999999999999999,0.19999999999999996,-1.0
955794088,cost_k10,20.5,-0.3999999999999999,-0.3999999999999999,0.0,-0.19999999999999996
1026816910,cost_k10,20.5,-1.0,-1.0,-0.8,0.8
1083509134,cost_k10,20.5,-1.0,-1.0,1.0,-0.3999999999999999
