cell,channel,kappa_eff,seed,phis,spearman_rho,displacement,top1_disagreement,pairwise_disagreement,v_op_N,eff_gap_op
pers_k1,persistence,1.0,737920414,"[0.0, 0.0, 0.0, 0.0]",1.0,0.0,0.0,0.0,0.2748004367911146,0.0
pers_k1,persistence,1.0,347795941,"[0.0, 0.0, 0.0, 0.0]",1.0,0.0,0.0,0.0,-0.0011754678968332183,1.734723475976807e-18
pers_k1,persistence,1.0,1237264847,"[0.0, 0.0, 0.0, 0.0]",1.0,0.0,0.0,0.0,0.4645652837421194,0.0
pers_k1,persistence,1.0,1381950912,"[0.0, 0.0, 0.0, 0.0]",1.0,0.0,0.0,0.0,0.5125366275835216,0.0
pers_k1,persistence,1.0,522391825,"[0.0, 0.0, 0.0, 0.0]",1.0,0.0,0.0,0.0,0.32551820888181004,0.0
pers_k1,persistence,1.0,1947842845,"[0.0, 0.0, 0.0, 0.0]",1.0,0.0,0.0,0.0,0.26596480305378883,0.0
pers_k1,persistence,1.0,1100027996,"[0.0, 0.0, 0.0, 0.0]",1.0,0.0,0.0,0.0,0.4592879579665562,5.551115123125783e-17
pers_k1,persistence,1.0,1824186758,"[0.0, 0.0, 0.0, 0.0]",1.0,0.0,0.0,0.0,-0.03367538661620832,6.938893903907228e-18
pers_k1,persistence,1.0,779812376,"[0.0, 0.0, 0.0, 0.0]",1.0,0.0,0.0,0.0,0.3431760024767823,0.0
pers_k1,persistence,1.0,1071592025,"[0.0, 0.0, 0.0, 0.0]",1.0,0.0,0.0,0.0,0.17082898039349811,2.7755575615628914e-17
pers_k1,persistence,1.0,940982480,"[0.0, 0.0, 0.0, 0.0]",1.0,0.0,0.0,0.0,-0.01174326341244083,1.734723475976807e-18
pers_k1,persistence,1.0,2112564304,"[0.0, 0.0, 0.0, 0.0]",1.0,0.0,0.0,0.0,0.24734293838614785,0.0
pers_k1,persistence,1.0,628345251,"[0.0, 0.0, 0.0, 0.0]",1.0,0.0,0.0,0.0,0.0891937694173717,1.3877787807814457e-17
pers_k1,persistence,1.0,1535084896,"[0.0, 0.0, 0.0, 0.0]",1.0,0.0,0.0,0.0,0.1286324075814756,0.0
pers_k1,persistence,1.0,1695629020,"[0.0, 0.0, 0.0, 0.0]",1.0,0.0,0.0,0.0,0.008545269586617506,1.734723475976807e-18
pers_k1,persistence,1.0,1325493252,"[0.0, 0.0, 0.0, 0.0]",1.0,0.0,0.0,0.0,-0.008610877917161794,0.0
pers_k1,persistence,1.0,735937165,"[0.0, 0.0, 0.0, 0.0]",1.0,0.0,0.0,0.0,0.15229752151541628,0.0
pers_k1,persistence,1.0,741817580,"[0.0, 0.0, 0.0, 0.0]",1.0,0.0,0.0,0.0,0.07884134991279229,0.0
pers_k1,persistence,1.0,1575893166,"[0.0, 0.0, 0.0, 0.0]",1.0,0.0,0.0,0.0,0.19817615704865466,2.7755575615628914e-17
pers_k1,persistence,1.0,881711363,"[0.0, 0.0, 0.0, 0.0]",1.0,0.0,0.0,0.0,0.12949387258173461,0.0
pers_k1,persistence,1.0,1982730171,"[0.0, 0.0, 0.0, 0.0]",1.0,0.0,0.0,0.0,-0.0033932589655164295,1.734723475976807e-18
pers_k1,persistence,1.0,1278098936,"[0.0, 0.0, 0.0, 0.0]",1.0,0.0,0.0,0.0,0.14961514057530653,0.0
pers_k1,persistence,1.0,753834371,"[0.0, 0.0, 0.0, 0.0]",1.0,0.0,0.0,0.0,0.08689585323756974,0.0
pers_k1,persistence,1.0,678482870,"[0.0, 0.0, 0.0, 0.0]",1.0,0.0,0.0,0.0,0.23709674900221067,2.7755575615628914e-17
pers_k1,persistence,1.0,557372266,"[0.0, 0.0, 0.0, 0.0]",1.0,0.0,0.0,0.0,0.04771908269476592,0.0
pers_k1,persistence,1.0,2121910897,"[0.0, 0.0, 0.0, 0.0]",1.0,0.0,0.0,0.0,0.024847510392757736,3.469446951953614e-18
pers_k1,persistence,1.0,375192008,"[0.0, 0.0, 0.0, 0.0]",1.0,0.0,0.0,0.0,0.26780699650198747,0.0
pers_k1,persistence,1.0,154837409,"[0.0, 0.0, 0.0, 0.0]",1.0,0.0,0.0,0.0,0.09790507377328851,0.0
pers_k1,persistence,1.0,1315916816,"[0.0, 0.0, 0.0, 0.0]",1.0,0.0,0.0,0.0,0.1384030759262646,0.0
pers_k1,persistence,1.0,2021137691,"[0.0, 0.0, 0.0, 0.0]",1.0,0.0,0.0,0.0,0.20934427352111531,0.0
pers_k1,persistence,1.0,1311472497,"[0.0, 0.0, 0.0, 0.0]",1.0,0.0,0.0,0.0,0.10850099232461044,0.0
pers_k1,persistence,1.0,699402082,"[0.0, 0.0, 0.0, 0.0]",1.0,0.0,0.0,0.0,0.2267823317789406,0.0
pers_k1,persistence,1.0,140129604,"[0.0, 0.0, 0.0, 0.0]",1.0,0.0,0.0,0.0,0.2885032485581842,5.551115123125783e-17
pers_k1,persistence,1.0,259925125,"[0.0, 0.0, 0.0, 0.0]",1.0,0.0,0.0,0.0,0.13103163428848302,0.0
pers_k1,persistence,1.0,1199884095,"[0.0, 0.0, 0.0, 0.0]",1.0,0.0,0.0,0.0,0.15013399559657092,2.7755575615628914e-17
pers_k1,persistence,1.0,800723615,"[0.0, 0.0, 0.0, 0.0]",1.0,0.0,0.0,0.0,0.215986934320179,2.7755575615628914e-17
pers_k1,persistence,1.0,841505500,"[0.0, 0.0, 0.0, 0.0]",1.0,0.0,0.0,0.0,0.1337303505583893,0.0
pers_k1,persistence,1.0,594091243,"[0.0, 0.0, 0.0, 0.0]",1.0,0.0,0.0,0.0,0.11635354313440835,0.0
pers_k1,persistence,1.0,1002158369,"[0.0, 0.0, 0.0, 0.0]",1.0,0.0,0.0,0.0,0.17455573165139593,0.0
pers_k1,persistence,1.0,309212369,"[0.0, 0.0, 0.0, 0.0]",1.0,0.0,0.0,0.0,0.2581578476949695,0.0
pers_k2,persistence,1.8178455654977956,737920414,"[0.0, 0.5, 0.7, 0.85]",1.0,0.0,0.0,0.0,0.5074970696626456,0.0
pers_k2,persistence,1.8178455654977956,347795941,"[0.0, 0.5, 0.7, 0.85]",1.0,0.0,0.0,0.0,-0.008214052260175176,3.469446951953614e-18
pers_k2,persistence,1.8178455654977956,1237264847,"[0.0, 0.5, 0.7, 0.85]",1.0,0.0,0.0,0.0,0.7735936222713704,0.0
pers_k2,persistence,1.8178455654977956,1381950912,"[0.0, 0.5, 0.7, 0.85]",0.8,0.16666666666666666,1.0,1.0,0.7531975855894117,0.0
pers_k2,persistence,1.8178455654977956,522391825,"[0.0, 0.5, 0.7, 0.85]",1.0,0.0,0.0,0.0,0.5091401733337997,0.0
pers_k2,persistence,1.8178455654977956,1947842845,"[0.0, 0.5, 0.7, 0.85]",1.0,0.0,0.0,0.0,0.4334514357804082,0.0
pers_k2,persistence,1.8178455654977956,1100027996,"[0.0, 0.5, 0.7, 0.85]",1.0,0.0,0.0,0.0,0.6811811421884558,0.0
pers_k2,persistence,1.8178455654977956,1824186758,"[0.0, 0.5, 0.7, 0.85]",1.0,0.0,0.0,0.0,-0.12853329613250958,0.0
pers_k2,persistence,1.8178455654977956,779812376,"[0.0, 0.5, 0.7, 0.85]",1.0,0.0,0.0,0.0,0.4071360776093396,0.0
pers_k2,persistence,1.8178455654977956,1071592025,"[0.0, 0.5, 0.7, 0.85]",0.4,0.3333333333333333,0.0,1.0,0.15876021968260332,2.7755575615628914e-17
pers_k2,persistence,1.8178455654977956,940982480,"[0.0, 0.5, 0.7, 0.85]",1.0,0.0,0.0,0.0,-0.010171340090864513,8.673617379884035e-18
pers_k2,persistence,1.8178455654977956,2112564304,"[0.0, 0.5, 0.7, 0.85]",1.0,0.0,0.0,0.0,0.3871236985916793,5.551115123125783e-17
pers_k2,persistence,1.8178455654977956,628345251,"[0.0, 0.5, 0.7, 0.85]",0.8,0.16666666666666666,0.0,1.0,0.13066968026910203,0.0
pers_k2,persistence,1.8178455654977956,1535084896,"[0.0, 0.5, 0.7, 0.85]",1.0,0.0,0.0,0.0,0.23979923349072693,2.7755575615628914e-17
pers_k2,persistence,1.8178455654977956,1695629020,"[0.0, 0.5, 0.7, 0.85]",1.0,0.0,0.0,0.0,0.08036096140675442,0.0
pers_k2,persistence,1.8178455654977956,1325493252,"[0.0, 0.5, 0.7, 0.85]",0.8,0.16666666666666666,0.0,1.0,-0.05926483975169659,6.938893903907228e-18
pers_k2,persistence,1.8178455654977956,735937165,"[0.0, 0.5, 0.7, 0.85]",1.0,0.0,0.0,0.0,0.2419303090368751,0.0
pers_k2,persistence,1.8178455654977956,741817580,"[0.0, 0.5, 0.7, 0.85]",1.0,0.0,0.0,0.0,0.08651426323264925,0.0
pers_k2,persistence,1.8178455654977956,1575893166,"[0.0, 0.5, 0.7, 0.85]",1.0,0.0,0.0,0.0,0.31647427179399706,5.551115123125783e-17
pers_k2,persistence,1.8178455654977956,881711363,"[0.0, 0.5, 0.7, 0.85]",1.0,0.0,0.0,0.0,0.25246079883705347,0.0
pers_k2,persistence,1.8178455654977956,1982730171,"[0.0, 0.5, 0.7, 0.85]",1.0,0.0,0.0,0.0,-0.01619851730362718,3.469446951953614e-18
pers_k2,persistence,1.8178455654977956,1278098936,"[0.0, 0.5, 0.7, 0.85]",1.0,0.0,0.0,0.0,0.2188791309924808,2.7755575615628914e-17
pers_k2,persistence,1.8178455654977956,753834371,"[0.0, 0.5, 0.7, 0.85]",1.0,0.0,0.0,0.0,0.2108305811516671,2.7755575615628914e-17
pers_k2,persistence,1.8178455654977956,678482870,"[0.0, 0.5, 0.7, 0.85]",1.0,0.0,0.0,0.0,0.2904652682458517,0.0
pers_k2,persistence,1.8178455654977956,557372266,"[0.0, 0.5, 0.7, 0.85]",1.0,0.0,0.0,0.0,0.06990140263839191,0.0
pers_k2,persistence,1.8178455654977956,2121910897,"[0.0, 0.5, 0.7, 0.85]",1.0,0.0,0.0,0.0,0.013619092911722513,3.469446951953614e-18
pers_k2,persistence,1.8178455654977956,375192008,"[0.0, 0.5, 0.7, 0.85]",1.0,0.0,0.0,0.0,0.37755533257330454,0.0
pers_k2,persistence,1.8178455654977956,154837409,"[0.0, 0.5, 0.7, 0.85]",0.8,0.16666666666666666,0.0,1.0,0.14426739610291978,0.0
pers_k2,persistence,1.8178455654977956,1315916816,"[0.0, 0.5, 0.7, 0.85]",1.0,0.0,0.0,0.0,0.19244984335487686,0.0
pers_k2,persistence,1.8178455654977956,2021137691,"[0.0, 0.5, 0.7, 0.85]",0.8,0.16666666666666666,0.0,1.0,0.29954732040690935,0.0
pers_k2,persistence,1.8178455654977956,1311472497,"[0.0, 0.5, 0.7, 0.85]",0.8,0.16666666666666666,1.0,1.0,0.2386720045047621,2.7755575615628914e-17
pers_k2,persistence,1.8178455654977956,699402082,"[0.0, 0.5, 0.7, 0.85]",1.0,0.0,0.0,0.0,0.3906094698770732,0.0
pers_k2,persistence,1.8178455654977956,140129604,"[0.0, 0.5, 0.7, 0.85]",0.8,0.16666666666666666,0.0,1.0,0.3405870497734398,0.0
pers_k2,persistence,1.8178455654977956,259925125,"[0.0, 0.5, 0.7, 0.85]",0.4,0.3333333333333333,0.0,1.0,0.17333634556929076,2.7755575615628914e-17
pers_k2,persistence,1.8178455654977956,1199884095,"[0.0, 0.5, 0.7, 0.85]",1.0,0.0,0.0,0.0,0.2235778039961054,5.551115123125783e-17
pers_k2,persistence,1.8178455654977956,800723615,"[0.0, 0.5, 0.7, 0.85]",1.0,0.0,0.0,0.0,0.390897334201094,0.0
pers_k2,persistence,1.8178455654977956,841505500,"[0.0, 0.5, 0.7, 0.85]",0.8,0.16666666666666666,1.0,1.0,0.16898192936903178,0.0
pers_k2,persistence,1.8178455654977956,594091243,"[0.0, 0.5, 0.7, 0.85]",1.0,0.0,0.0,0.0,0.208416814569036,0.0
pers_k2,persistence,1.8178455654977956,1002158369,"[0.0, 0.5, 0.7, 0.85]",1.0,0.0,0.0,0.0,0.3197346245905164,0.0
pers_k2,persistence,1.8178455654977956,309212369,"[0.0, 0.5, 0.7, 0.85]",1.0,0.0,0.0,0.0,0.30596486928855127,0.0
pers_k3,persistence,1.9380886202648178,737920414,"[0.0, 0.5, 0.8, 0.95]",1.0,0.0,0.0,0.0,0.5440752857118217,1.1102230246251565e-16
pers_k3,persistence,1.9380886202648178,347795941,"[0.0, 0.5, 0.8, 0.95]",1.0,0.0,0.0,0.0,-0.015055038656570183,3.469446951953614e-18
pers_k3,persistence,1.9380886202648178,1237264847,"[0.0, 0.5, 0.8, 0.95]",1.0,0.0,0.0,0.0,0.8244574493852033,0.0
pers_k3,persistence,1.9380886202648178,1381950912,"[0.0, 0.5, 0.8, 0.95]",0.8,0.16666666666666666,1.0,1.0,0.7812476675671931,0.0
pers_k3,persistence,1.9380886202648178,522391825,"[0.0, 0.5, 0.8, 0.95]",1.0,0.0,0.0,0.0,0.5357730813615307,0.0
pers_k3,persistence,1.9380886202648178,1947842845,"[0.0, 0.5, 0.8, 0.95]",1.0,0.0,0.0,0.0,0.4551209410578859,0.0
pers_k3,persistence,1.9380886202648178,1100027996,"[0.0, 0.5, 0.8, 0.95]",0.8,0.16666666666666666,0.0,1.0,0.6986465198847396,0.0
pers_k3,persistence,1.9380886202648178,1824186758,"[0.0, 0.5, 0.8, 0.95]",1.0,0.0,0.0,0.0,-0.14655559014880426,2.7755575615628914e-17
pers_k3,persistence,1.9380886202648178,779812376,"[0.0, 0.5, 0.8, 0.95]",1.0,0.0,0.0,0.0,0.41207533324798906,5.551115123125783e-17
pers_k3,persistence,1.9380886202648178,1071592025,"[0.0, 0.5, 0.8, 0.95]",0.4,0.3333333333333333,0.0,1.0,0.15206049857989437,0.0
pers_k3,persistence,1.9380886202648178,940982480,"[0.0, 0.5, 0.8, 0.95]",1.0,0.0,0.0,0.0,-0.010130983666187436,5.204170427930421e-18
pers_k3,persistence,1.9380886202648178,2112564304,"[0.0, 0.5, 0.8, 0.95]",1.0,0.0,0.0,0.0,0.40453187255625966,0.0
pers_k3,persistence,1.9380886202648178,628345251,"[0.0, 0.5, 0.8, 0.95]",0.8,0.16666666666666666,0.0,1.0,0.13836791240881854,0.0
pers_k3,persistence,1.9380886202648178,1535084896,"[0.0, 0.5, 0.8, 0.95]",1.0,0.0,0.0,0.0,0.2529261363262998,0.0
pers_k3,persistence,1.9380886202648178,1695629020,"[0.0, 0.5, 0.8, 0.95]",1.0,0.0,0.0,0.0,0.08887175074650135,0.0
pers_k3,persistence,1.9380886202648178,1325493252,"[0.0, 0.5, 0.8, 0.95]",0.8,0.16666666666666666,0.0,1.0,-0.06632194612571804,0.0
pers_k3,persistence,1.9380886202648178,735937165,"[0.0, 0.5, 0.8, 0.95]",1.0,0.0,0.0,0.0,0.2541486516018811,0.0
pers_k3,persistence,1.9380886202648178,741817580,"[0.0, 0.5, 0.8, 0.95]",1.0,0.0,0.0,0.0,0.08861687279418667,1.3877787807814457e-17
pers_k3,persistence,1.9380886202648178,1575893166,"[0.0, 0.5, 0.8, 0.95]",1.0,0.0,0.0,0.0,0.32748620020246655,0.0
pers_k3,persistence,1.9380886202648178,881711363,"[0.0, 0.5, 0.8, 0.95]",1.0,0.0,0.0,0.0,0.2650606776202521,0.0
pers_k3,persistence,1.9380886202648178,1982730171,"[0.0, 0.5, 0.8, 0.95]",1.0,0.0,0.0,0.0,-0.019141452531218777,0.0
pers_k3,persistence,1.9380886202648178,1278098936,"[0.0, 0.5, 0.8, 0.95]",1.0,0.0,0.0,0.0,0.22987100670937483,0.0
pers_k3,persistence,1.9380886202648178,753834371,"[0.0, 0.5, 0.8, 0.95]",1.0,0.0,0.0,0.0,0.23461012266410475,0.0
pers_k3,persistence,1.9380886202648178,678482870,"[0.0, 0.5, 0.8, 0.95]",1.0,0.0,0.0,0.0,0.28918638080385606,0.0
pers_k3,persistence,1.9380886202648178,557372266,"[0.0, 0.5, 0.8, 0.95]",1.0,0.0,0.0,0.0,0.07010974058581779,0.0
pers_k3,persistence,1.9380886202648178,2121910897,"[0.0, 0.5, 0.8, 0.95]",1.0,0.0,0.0,0.0,0.008963377897103407,0.0
pers_k3,persistence,1.9380886202648178,375192008,"[0.0, 0.5, 0.8, 0.95]",1.0,0.0,0.0,0.0,0.3886430760929797,0.0
pers_k3,persistence,1.9380886202648178,154837409,"[0.0, 0.5, 0.8, 0.95]",0.8,0.16666666666666666,0.0,1.0,0.15521085823608097,0.0
pers_k3,persistence,1.9380886202648178,1315916816,"[0.0, 0.5, 0.8, 0.95]",0.8,0.16666666666666666,0.0,1.0,0.1959395120867481,0.0
pers_k3,persistence,1.9380886202648178,2021137691,"[0.0, 0.5, 0.8, 0.95]",0.8,0.16666666666666666,0.0,1.0,0.3117658462628015,0.0
pers_k3,persistence,1.9380886202648178,1311472497,"[0.0, 0.5, 0.8, 0.95]",0.8,0.16666666666666666,1.0,1.0,0.25871077236042445,0.0
pers_k3,persistence,1.9380886202648178,699402082,"[0.0, 0.5, 0.8, 0.95]",1.0,0.0,0.0,0.0,0.40212935486889656,0.0
pers_k3,persistence,1.9380886202648178,140129604,"[0.0, 0.5, 0.8, 0.95]",0.8,0.16666666666666666,0.0,1.0,0.34534572659563567,0.0
pers_k3,persistence,1.9380886202648178,259925125,"[0.0, 0.5, 0.8, 0.95]",0.0,0.5,1.0,1.0,0.17349299960380843,0.0
pers_k3,persistence,1.9380886202648178,1199884095,"[0.0, 0.5, 0.8, 0.95]",1.0,0.0,0.0,0.0,0.21631970845176812,0.0
pers_k3,persistence,1.9380886202648178,800723615,"[0.0, 0.5, 0.8, 0.95]",0.8,0.16666666666666666,0.0,1.0,0.41978410462073373,5.551115123125783e-17
pers_k3,persistence,1.9380886202648178,841505500,"[0.0, 0.5, 0.8, 0.95]",0.8,0.16666666666666666,1.0,1.0,0.17694302695502728,2.7755575615628914e-17
pers_k3,persistence,1.9380886202648178,594091243,"[0.0, 0.5, 0.8, 0.95]",1.0,0.0,0.0,0.0,0.22527251903182705,0.0
pers_k3,persistence,1.9380886202648178,1002158369,"[0.0, 0.5, 0.8, 0.95]",1.0,0.0,0.0,0.0,0.34555051763077804,0.0
pers_k3,persistence,1.9380886202648178,309212369,"[0.0, 0.5, 0.8, 0.95]",1.0,0.0,0.0,0.0,0.3135535662310142,5.551115123125783e-17
pers_k5,persistence,1.9380886202648178,737920414,"[0.0, 0.6, 0.85, 0.95]",1.0,0.0,0.0,0.0,0.5514549782814145,0.0
pers_k5,persistence,1.9380886202648178,347795941,"[0.0, 0.6, 0.85, 0.95]",1.0,0.0,0.0,0.0,-0.007340132371908965,1.0408340855860843e-17
pers_k5,persistence,1.9380886202648178,1237264847,"[0.0, 0.6, 0.85, 0.95]",1.0,0.0,0.0,0.0,0.8514815142943257,0.0
pers_k5,persistence,1.9380886202648178,1381950912,"[0.0, 0.6, 0.85, 0.95]",0.8,0.16666666666666666,1.0,1.0,0.7975387471278209,0.0
pers_k5,persistence,1.9380886202648178,522391825,"[0.0, 0.6, 0.85, 0.95]",0.8,0.16666666666666666,1.0,1.0,0.5498816369075599,1.1102230246251565e-16
pers_k5,persistence,1.9380886202648178,1947842845,"[0.0, 0.6, 0.85, 0.95]",1.0,0.0,0.0,0.0,0.4622578659413353,1.1102230246251565e-16
pers_k5,persistence,1.9380886202648178,1100027996,"[0.0, 0.6, 0.85, 0.95]",0.8,0.16666666666666666,0.0,1.0,0.7320410345586432,0.0
pers_k5,persistence,1.9380886202648178,1824186758,"[0.0, 0.6, 0.85, 0.95]",0.8,0.16666666666666666,0.0,1.0,-0.1435085895297577,2.7755575615628914e-17
pers_k5,persistence,1.9380886202648178,779812376,"[0.0, 0.6, 0.85, 0.95]",1.0,0.0,0.0,0.0,0.4197548853112853,0.0
pers_k5,persistence,1.9380886202648178,1071592025,"[0.0, 0.6, 0.85, 0.95]",0.19999999999999996,0.3333333333333333,0.0,1.0,0.16103779007996893,0.0
pers_k5,persistence,1.9380886202648178,940982480,"[0.0, 0.6, 0.85, 0.95]",1.0,0.0,0.0,0.0,-0.014143167719440273,5.204170427930421e-18
pers_k5,persistence,1.9380886202648178,2112564304,"[0.0, 0.6, 0.85, 0.95]",1.0,0.0,0.0,0.0,0.4177478294770256,5.551115123125783e-17
pers_k5,persistence,1.9380886202648178,628345251,"[0.0, 0.6, 0.85, 0.95]",0.8,0.16666666666666666,0.0,1.0,0.13934421787446494,0.0
pers_k5,persistence,1.9380886202648178,1535084896,"[0.0, 0.6, 0.85, 0.95]",1.0,0.0,0.0,0.0,0.2581527098473067,0.0
pers_k5,persistence,1.9380886202648178,1695629020,"[0.0, 0.6, 0.85, 0.95]",1.0,0.0,0.0,0.0,0.09424950552644791,1.3877787807814457e-17
pers_k5,persistence,1.9380886202648178,1325493252,"[0.0, 0.6, 0.85, 0.95]",0.8,0.16666666666666666,0.0,1.0,-0.07611797499363424,2.7755575615628914e-17
pers_k5,persistence,1.9380886202648178,735937165,"[0.0, 0.6, 0.85, 0.95]",1.0,0.0,0.0,0.0,0.26049149505476904,0.0
pers_k5,persistence,1.9380886202648178,741817580,"[0.0, 0.6, 0.85, 0.95]",1.0,0.0,0.0,0.0,0.09018232116916465,0.0
pers_k5,persistence,1.9380886202648178,1575893166,"[0.0, 0.6, 0.85, 0.95]",1.0,0.0,0.0,0.0,0.33852468433544536,0.0
pers_k5,persistence,1.9380886202648178,881711363,"[0.0, 0.6, 0.85, 0.95]",1.0,0.0,0.0,0.0,0.27809168889381686,0.0
pers_k5,persistence,1.9380886202648178,1982730171,"[0.0, 0.6, 0.85, 0.95]",1.0,0.0,0.0,0.0,-0.02030120731697005,0.0
pers_k5,persistence,1.9380886202648178,1278098936,"[0.0, 0.6, 0.85, 0.95]",1.0,0.0,0.0,0.0,0.248128069632909,0.0
pers_k5,persistence,1.9380886202648178,753834371,"[0.0, 0.6, 0.85, 0.95]",1.0,0.0,0.0,0.0,0.23356919343499455,0.0
pers_k5,persistence,1.9380886202648178,678482870,"[0.0, 0.6, 0.85, 0.95]",1.0,0.0,0.0,0.0,0.3074017087197437,0.0
pers_k5,persistence,1.9380886202648178,557372266,"[0.0, 0.6, 0.85, 0.95]",1.0,0.0,0.0,0.0,0.071830387138586,0.0
pers_k5,persistence,1.9380886202648178,2121910897,"[0.0, 0.6, 0.85, 0.95]",1.0,0.0,0.0,0.0,0.012849526758166953,0.0
pers_k5,persistence,1.9380886202648178,375192008,"[0.0, 0.6, 0.85, 0.95]",1.0,0.0,0.0,0.0,0.393818472061855,0.0
pers_k5,persistence,1.9380886202648178,154837409,"[0.0, 0.6, 0.85, 0.95]",0.8,0.16666666666666666,0.0,1.0,0.1540993453160694,0.0
pers_k5,persistence,1.9380886202648178,1315916816,"[0.0, 0.6, 0.85, 0.95]",1.0,0.0,0.0,0.0,0.20090686043950617,0.0
pers_k5,persistence,1.9380886202648178,2021137691,"[0.0, 0.6, 0.85, 0.95]",0.8,0.16666666666666666,0.0,1.0,0.3237412139904841,5.551115123125783e-17
pers_k5,persistence,1.9380886202648178,1311472497,"[0.0, 0.6, 0.85, 0.95]",0.8,0.16666666666666666,1.0,1.0,0.2689611436610556,0.0
pers_k5,persistence,1.9380886202648178,699402082,"[0.0, 0.6, 0.85, 0.95]",1.0,0.0,0.0,0.0,0.4273814187211513,0.0
pers_k5,persistence,1.9380886202648178,140129604,"[0.0, 0.6, 0.85, 0.95]",0.8,0.16666666666666666,0.0,1.0,0.3510836358466992,5.551115123125783e-17
pers_k5,persistence,1.9380886202648178,259925125,"[0.0, 0.6, 0.85, 0.95]",0.4,0.3333333333333333,0.0,1.0,0.18947256012882602,0.0
pers_k5,persistence,1.9380886202648178,1199884095,"[0.0, 0.6, 0.85, 0.95]",1.0,0.0,0.0,0.0,0.23821330172308477,0.0
pers_k5,persistence,1.9380886202648178,800723615,"[0.0, 0.6, 0.85, 0.95]",1.0,0.0,0.0,0.0,0.4294963393820365,5.551115123125783e-17
pers_k5,persistence,1.9380886202648178,841505500,"[0.0, 0.6, 0.85, 0.95]",0.8,0.16666666666666666,1.0,1.0,0.18072905022622912,0.0
pers_k5,persistence,1.9380886202648178,594091243,"[0.0, 0.6, 0.85, 0.95]",1.0,0.0,0.0,0.0,0.2265203041389519,0.0
pers_k5,persistence,1.9380886202648178,1002158369,"[0.0, 0.6, 0.85, 0.95]",1.0,0.0,0.0,0.0,0.3479737891791377,5.551115123125783e-17
pers_k5,persistence,1.9380886202648178,309212369,"[0.0, 0.6, 0.85, 0.95]",1.0,0.0,0.0,0.0,0.31705442822056107,5.551115123125783e-17
