seed,spearman_AB,pearson_AB
737920414,0.8,0.6656073834376939
347795941,0.19999999999999996,0.36610582553372956
1237264847,0.8,0.9313738152153663
1381950912,0.19999999999999996,-0.17966682975057263
522391825,-0.8,-0.8437432662138709
1947842845,0.19999999999999996,0.5119067700589831
1100027996,0.0,-0.3752201505783902
1824186758,-0.19999999999999996,-0.10102381954171562
779812376,0.4,0.8055134019228879
1071592025,-0.3999999999999999,-0.4537261349395928
940982480,0.8,0.8469177517838686
2112564304,-0.8,-0.7828987449333172
628345251,0.0,0.46387173873993515
1535084896,0.8,0.822272700167357
1695629020,-0.19999999999999996,0.2704380765618819
1325493252,0.8,0.2903826028713413
735937165,1.0,0.6512198685647305
741817580,-0.3999999999999999,-0.1600263100849592
1575893166,0.4,0.844123768351266
881711363,0.4,0.35366078466940803
1982730171,-0.6000000000000001,-0.8614555803019649
1278098936,0.0,-0.32217508500111164
753834371,-0.8,-0.3490861871796196
678482870,0.19999999999999996,0.4437679718648385
557372266,0.6,0.875917550565045
2121910897,0.8,0.7525597334723517
375192008,0.4,0.6878141933233434
154837409,-0.19999999999999996,0.14614002784830746
1315916816,0.0,0.10678688333799619
2021137691,0.0,0.4783027505400536
