seed,rho_raw,r_resid_half,r_resid_SB,r_path_half,r_path_SB,rho_star
737920414,-0.3999999999999999,0.0,0.0,0.6,0.7499999999999999,-1.5
347795941,-0.8,-0.6000000000000001,-3.0000000000000013,-0.3999999999999999,-1.3333333333333328,-1.5
1237264847,-0.8,0.8,0.888888888888889,0.4,0.5714285714285715,-1.1224972160321822
1381950912,0.4,0.0,0.0,0.4,0.5714285714285715,1.5
522391825,1.0,0.19999999999999996,0.33333333333333326,0.4,0.5714285714285715,1.5
1947842845,0.4,0.6,0.7499999999999999,-0.3999999999999999,-1.3333333333333328,1.5
1100027996,0.4,-0.8,-8.000000000000002,0.4,0.5714285714285715,1.5
1824186758,-1.0,0.0,0.0,0.4,0.5714285714285715,-1.5
779812376,-0.8,-0.3999999999999999,-1.3333333333333328,-0.3999999999999999,-1.3333333333333328,-1.5
1071592025,-1.0,0.8,0.888888888888889,0.8,0.888888888888889,-1.125
940982480,0.4,-0.3999999999999999,-1.3333333333333328,0.4,0.5714285714285715,1.5
2112564304,0.19999999999999996,0.8,0.888888888888889,-0.8,-8.000000000000002,1.5
628345251,1.0,0.8,0.888888888888889,-0.19999999999999996,-0.4999999999999999,1.5
1535084896,0.19999999999999996,-0.8,-8.000000000000002,1.0,1.0,1.5
1695629020,-0.3999999999999999,0.19999999999999996,0.33333333333333326,0.0,0.0,-1.5
1325493252,-0.19999999999999996,-0.8,-8.000000000000002,0.4,0.5714285714285715,-1.5
735937165,0.4,0.4,0.5714285714285715,0.8,0.888888888888889,0.5612486080160911
741817580,-0.3999999999999999,0.8,0.888888888888889,0.8,0.888888888888889,-0.44999999999999984
1575893166,-0.6000000000000001,-0.19999999999999996,-0.4999999999999999,-0.3999999999999999,-1.3333333333333328,-1.5
881711363,0.8,0.6,0.7499999999999999,-0.8,-8.000000000000002,1.5
1982730171,0.8,-0.3999999999999999,-1.3333333333333328,-0.6000000000000001,-3.0000000000000013,1.5
1278098936,0.0,-0.19999999999999996,-0.4999999999999999,-0.3999999999999999,-1.3333333333333328,0.0
753834371,0.6,0.8,0.888888888888889,0.4,0.5714285714285715,0.8418729120241366
678482870,-0.8,0.4,0.5714285714285715,0.4,0.5714285714285715,-1.4
557372266,0.4,0.0,0.0,-0.6000000000000001,-3.0000000000000013,1.5
2121910897,0.0,-0.19999999999999996,-0.4999999999999999,-0.6000000000000001,-3.0000000000000013,0.0
375192008,0.8,0.4,0.5714285714285715,0.8,0.888888888888889,1.1224972160321822
154837409,-1.0,0.8,0.888888888888889,0.8,0.888888888888889,-1.125
1315916816,0.8,1.0,1.0,-0.6000000000000001,-3.0000000000000013,1.5
2021137691,-0.8,0.19999999999999996,0.33333333333333326,-0.8,-8.000000000000002,-1.5
